timestamp,j1,j2,j3,j4,j5,j6
1746177985075,-5.48425,-5.4847,-5.4837,-5.48378,-5.4834,-5.48735
1746177985090,-5.48407,-5.48482,-5.48379,-5.48378,-5.4834,-5.48735
1746177985105,-5.48407,-5.4847,-5.4837,-5.48378,-5.4834,-5.48735
1746177985118,-5.48425,-5.48482,-5.48379,-5.48378,-5.4834,-5.48735
1746177985134,-5.48416,-5.4847,-5.48379,-5.48401,-5.48341,-5.48737
1746177985478,-5.48385,-5.48482,-5.48388,-5.48378,-5.48373,-5.48752
1746177985492,-5.48407,-5.4847,-5.48383,-5.48378,-5.48359,-5.48708
1746177985506,-5.48407,-5.48482,-5.48388,-5.48378,-5.48359,-5.48745
1746177985521,-5.48416,-5.4847,-5.48383,-5.48378,-5.48373,-5.48752
1746177985535,-5.48407,-5.4847,-5.48388,-5.48401,-5.48374,-5.48754
1746177985551,-5.48337,-5.48218,-5.48379,-5.48378,-5.48373,-5.48565
1746177985564,-5.48442,-5.48575,-5.48458,-5.48401,-5.48394,-5.48165
1746177985576,-5.48464,-5.48547,-5.4844,-5.48401,-5.48408,-5.48358
1746177985588,-5.48359,-5.48218,-5.48327,-5.48378,-5.48393,-5.48912
1746177985601,-5.48442,-5.48555,-5.48383,-5.48378,-5.48373,-5.48902
1746177985613,-5.48456,-5.48547,-5.48397,-5.48378,-5.48373,-5.48814
1746177985625,-5.48166,-5.47853,-5.48235,-5.48378,-5.48227,-5.48704
1746177985637,-5.46238,-5.44172,-5.4647,-5.48344,-5.47906,-5.47955
1746177985649,-5.41468,-5.37849,-5.40562,-5.48058,-5.45477,-5.46066
1746177985661,-5.34555,-5.31991,-5.3411,-5.42873,-5.38347,-5.39157
1746177985675,-5.25674,-5.2475,-5.26315,-5.32459,-5.27582,-5.28469
1746177985689,-5.10166,-5.106,-5.1106,-5.17227,-5.11491,-5.13402
1746177985703,-4.93889,-4.9416,-4.94145,-4.99775,-4.94888,-4.97503
1746177985715,-4.81582,-4.81799,-4.82043,-4.86786,-4.82516,-4.84884
1746177985728,-4.69263,-4.69349,-4.6936,-4.73728,-4.70239,-4.72434
1746177985740,-4.57193,-4.56995,-4.56857,-4.60842,-4.57821,-4.59572
1746177985752,-4.44918,-4.4475,-4.44842,-4.4775,-4.45428,-4.46863
1746177985765,-4.32523,-4.32609,-4.3267,-4.34246,-4.33112,-4.34036
1746177985777,-4.20296,-4.20536,-4.2051,-4.21051,-4.20632,-4.21291
1746177985789,-4.07919,-4.08323,-4.08404,-4.08279,-4.08209,-4.08893
1746177985801,-3.95661,-3.96037,-3.9614,-3.96286,-3.95969,-3.9686
1746177985813,-3.83491,-3.83587,-3.83623,-3.83801,-3.83673,-3.85213
1746177985825,-3.71158,-3.71206,-3.71155,-3.70834,-3.71303,-3.73208
1746177985837,-3.58864,-3.58768,-3.58786,-3.58635,-3.59213,-3.61128
1746177985849,-3.46514,-3.46462,-3.46335,-3.46836,-3.47027,-3.48219
1746177985863,-3.34137,-3.34157,-3.3408,-3.34969,-3.3475,-3.35598
1746177985876,-3.17821,-3.17902,-3.17967,-3.1842,-3.18471,-3.18479
1746177985888,-3.05673,-3.05657,-3.05708,-3.06187,-3.06154,-3.05597
1746177985900,-2.93357,-2.93407,-2.93536,-2.93644,-2.93747,-2.93106
1746177985912,-2.81082,-2.81066,-2.81267,-2.81273,-2.814,-2.80664
1746177985924,-2.68696,-2.68732,-2.68842,-2.69222,-2.69149,-2.68698
1746177985940,-2.56394,-2.56366,-2.56496,-2.56554,-2.56754,-2.56556
1746177985954,-2.40003,-2.39931,-2.39986,-2.39182,-2.40442,-2.40207
1746177985966,-2.27806,-2.27666,-2.27696,-2.26925,-2.28216,-2.28169
1746177985978,-2.15544,-2.15432,-2.15502,-2.15069,-2.1588,-2.15456
1746177985992,-2.03237,-2.03211,-2.03256,-2.02755,-2.03656,-2.03017
1746177986008,-1.86815,-1.8686,-1.86986,-1.86516,-1.87214,-1.86068
1746177986021,-1.70398,-1.70424,-1.70502,-1.70551,-1.70685,-1.69325
1746177986038,-1.58197,-1.58107,-1.58155,-1.58649,-1.58419,-1.57257
1746177986051,-1.41867,-1.41647,-1.41728,-1.43234,-1.42069,-1.41528
1746177986063,-1.29561,-1.29398,-1.29469,-1.3092,-1.29819,-1.29912
1746177986075,-1.17272,-1.17137,-1.17235,-1.18206,-1.1762,-1.18003
1746177986087,-1.04913,-1.04935,-1.05033,-1.05549,-1.05285,-1.05767
1746177986099,-0.926368,-0.9265,-0.928301,-0.931549,-0.93009,-0.933358
1746177986111,-0.803523,-0.803927,-0.805577,-0.807266,-0.807704,-0.811209
1746177986124,-0.681512,-0.680671,-0.682635,-0.674515,-0.683113,-0.68595
1746177986139,-0.517206,-0.516478,-0.518363,-0.507317,-0.518011,-0.520144
1746177986152,-0.394581,-0.393182,-0.394941,-0.380516,-0.395642,-0.39764
1746177986166,-0.270857,-0.270328,-0.27213,-0.259781,-0.272386,-0.27734
1746177986181,-0.107649,-0.106976,-0.108599,-0.102425,-0.109988,-0.118701
1746177986193,0.0153282,0.0152365,0.0136894,0.0234603,0.0121158,-0.00273818
1746177986205,0.137471,0.13777,0.13576,0.142708,0.135131,0.119122
1746177986217,0.260536,0.260585,0.258266,0.261841,0.257343,0.241947
1746177986229,0.383249,0.383479,0.381513,0.374794,0.378376,0.366151
1746177986241,0.507017,0.506614,0.504368,0.495071,0.501798,0.494627
1746177986253,0.629686,0.629749,0.627398,0.619697,0.625337,0.61974
1746177986265,0.752488,0.752724,0.749861,0.743637,0.747365,0.745814
1746177986278,0.874938,0.875538,0.873108,0.869636,0.87087,0.870972
1746177986289,0.997607,0.998232,0.995135,0.99472,0.994309,0.992434
1746177986302,1.12045,1.12085,1.11821,1.11465,1.11499,1.11153
1746177986314,1.24325,1.24354,1.24076,1.2434,1.23816,1.2339
1746177986327,1.36645,1.36639,1.36374,1.37295,1.36192,1.35598
1746177986342,1.5301,1.53003,1.52828,1.53648,1.52463,1.52205
1746177986355,1.65286,1.65356,1.65139,1.65161,1.64768,1.64736
1746177986367,1.77522,1.7763,1.77429,1.7783,1.77237,1.77439
1746177986380,1.93917,1.94037,1.9376,1.94229,1.93598,1.94479
1746177986393,2.06228,2.06274,2.05994,2.0628,2.05955,2.07061
1746177986405,2.18504,2.18568,2.18266,2.18262,2.18247,2.19195
1746177986420,2.30788,2.30841,2.30543,2.29866,2.30333,2.31159
1746177986434,2.47122,2.47216,2.47031,2.45991,2.46727,2.4728
1746177986446,2.59429,2.59474,2.59325,2.59048,2.59038,2.59497
1746177986458,2.71639,2.71767,2.71637,2.71465,2.71236,2.71841
1746177986470,2.84002,2.84029,2.83918,2.83791,2.83586,2.84207
1746177986482,2.96265,2.96318,2.96199,2.9631,2.96044,2.96722
1746177986497,3.08589,3.08579,3.08463,3.09414,3.08305,3.09091
1746177986510,3.24914,3.24959,3.24786,3.26431,3.24803,3.25617
1746177986526,3.37247,3.3724,3.37049,3.38814,3.37111,3.37815
1746177986538,3.5359,3.53644,3.5349,3.54984,3.53283,3.53764
1746177986549,3.65879,3.65929,3.65753,3.66989,3.65584,3.65691
1746177986562,3.78176,3.7825,3.78039,3.792,3.77807,3.77651
1746177986573,3.90448,3.90504,3.90333,3.91308,3.89982,3.89533
1746177986586,4.02693,4.02793,4.02636,4.03164,4.02372,4.01722
1746177986598,4.14946,4.15023,4.14895,4.14459,4.14661,4.13986
1746177986610,4.2724,4.2734,4.27168,4.26498,4.26831,4.26224
1746177986625,4.39502,4.39605,4.39436,4.39213,4.39263,4.38786
1746177986638,4.55907,4.56029,4.55776,4.55578,4.55595,4.55223
1746177986651,4.682,4.6829,4.68044,4.67812,4.67667,4.67209
1746177986663,4.80484,4.80604,4.80312,4.80251,4.80052,4.79497
1746177986675,4.92773,4.92865,4.92602,4.92416,4.92298,4.91592
1746177986687,5.05036,5.05135,5.04844,5.05314,5.04485,5.03652
1746177986702,5.1732,5.1738,5.17129,5.17776,5.16885,5.15812
1746177986715,5.33694,5.33743,5.33613,5.33844,5.33354,5.32355
1746177986729,5.46027,5.46029,5.45916,5.45563,5.45502,5.44717
1746177986743,5.58241,5.58318,5.58219,5.58083,5.57919,5.5755
1746177986758,5.74658,5.74709,5.74554,5.74699,5.74276,5.74261
1746177986769,5.86864,5.87007,5.86818,5.86521,5.86365,5.86573
1746177986785,6.03286,6.03394,6.03228,6.02451,6.02791,6.03013
1746177986796,6.15561,6.15707,6.15492,6.14548,6.15005,6.15226
1746177986808,6.27886,6.27969,6.27747,6.26976,6.27251,6.27432
1746177986822,6.40153,6.40274,6.40006,6.39633,6.39718,6.39871
1746177986836,6.52446,6.52488,6.5227,6.52405,6.52121,6.52558
1746177986848,6.68811,6.68915,6.68614,6.68392,6.68386,6.68958
1746177986860,6.81077,6.81128,6.80908,6.81564,6.80817,6.81478
1746177986872,6.93366,6.93478,6.93198,6.94279,6.9303,6.94117
1746177986884,7.05647,7.05719,7.05497,7.06856,7.05226,7.0638
1746177986897,7.17927,7.18065,7.1776,7.18769,7.176,7.18714
1746177986910,7.30211,7.3031,7.30063,7.3082,7.29811,7.30611
1746177986926,7.4655,7.46729,7.46408,7.46841,7.46072,7.46823
1746177986938,7.58874,7.58947,7.58706,7.59258,7.58522,7.58981
1746177986950,7.71119,7.7124,7.71005,7.71366,7.70837,7.70957
1746177986964,7.83451,7.83466,7.8326,7.83085,7.83057,7.83093
1746177986978,7.9979,7.99865,7.9963,7.98557,7.99417,7.99342
1746177986992,8.1214,8.12126,8.1189,8.11283,8.11624,8.11667
1746177987007,8.2847,8.28522,8.28243,8.27888,8.28,8.28113
1746177987021,8.40794,8.40827,8.40528,8.40145,8.40259,8.40031
1746177987033,8.57141,8.5723,8.5699,8.5675,8.56542,8.56255
1746177987046,8.69421,8.69532,8.69289,8.69476,8.68961,8.68661
1746177987059,8.81719,8.81841,8.81548,8.81962,8.8131,8.80634
1746177987071,8.93995,8.94091,8.93847,8.94608,8.93604,8.92562
1746177987083,9.06279,9.064,9.06119,9.0691,9.05967,9.0502
1746177987095,9.18559,9.18629,9.18352,9.18377,9.18122,9.173
1746177987107,9.30831,9.30939,9.30603,9.30885,9.30347,9.29474
1746177987119,9.43115,9.4316,9.42893,9.43474,9.4263,9.42093
1746177987131,9.55408,9.55506,9.55152,9.5573,9.54889,9.5456
1746177987145,9.67539,9.67635,9.67355,9.67312,9.67046,9.6682
1746177987157,9.81805,9.81813,9.82348,9.82933,9.82973,9.82622
1746177987170,9.88674,9.87912,9.90077,9.92947,9.92834,9.92452
1746177987182,9.91731,9.90273,9.93038,9.97856,9.97708,9.97347
1746177987194,9.90141,9.88774,9.91311,9.9773,9.95801,9.95027
1746177987206,9.84409,9.84255,9.85779,9.92718,9.88531,9.87931
1746177987218,9.75225,9.7654,9.76833,9.82773,9.77607,9.76973
1746177987230,9.63683,9.65486,9.65873,9.70951,9.65672,9.64838
1746177987242,9.51618,9.53397,9.53347,9.58809,9.53334,9.52824
1746177987255,9.39421,9.40895,9.40752,9.46438,9.41126,9.40739
1746177987267,9.27356,9.27988,9.28336,9.33884,9.28866,9.28757
1746177987281,9.15331,9.1405,9.14826,9.22016,9.16608,9.16521
1746177987295,8.99454,8.97234,8.96938,9.05125,9.00178,9.00222
1746177987310,8.87047,8.85678,8.85577,8.92021,8.8801,8.88112
1746177987323,8.74797,8.74468,8.7497,8.79364,8.75715,8.75734
1746177987335,8.62389,8.62607,8.62998,8.66375,8.63283,8.6296
1746177987346,8.50369,8.51168,8.50704,8.53832,8.51037,8.50923
1746177987358,8.38128,8.39335,8.39447,8.40488,8.38659,8.38622
1746177987370,8.26107,8.27359,8.27593,8.27385,8.26411,8.26596
1746177987382,8.14099,8.14841,8.14797,8.14453,8.14169,8.14632
1746177987395,8.01793,8.02255,8.02163,8.02048,8.01919,8.02574
1746177987407,7.85358,7.84316,7.85052,7.85637,7.85663,7.8631
1746177987419,7.73266,7.71741,7.71471,7.73243,7.7354,7.74329
1746177987432,7.60951,7.59685,7.59452,7.61272,7.61262,7.62402
1746177987444,7.52953,7.51902,7.52219,7.5301,7.53146,7.54161
1746177987456,7.40871,7.40402,7.40901,7.41257,7.4101,7.41753
1746177987468,7.24673,7.24673,7.24457,7.25453,7.24692,7.25273
1746177987481,7.12445,7.12868,7.12843,7.13127,7.12514,7.12856
1746177987492,7.00113,7.00856,7.01107,7.00802,7.00402,7.00784
1746177987506,6.8796,6.88578,6.88607,6.88168,6.88202,6.88766
1746177987517,6.75789,6.76104,6.76069,6.75968,6.75954,6.76644
1746177987533,6.63615,6.63189,6.63775,6.64204,6.63982,6.64356
1746177987545,6.47597,6.46225,6.46232,6.47026,6.47624,6.47843
1746177987557,6.35321,6.33935,6.3395,6.34472,6.35337,6.35474
1746177987569,6.23054,6.22099,6.22528,6.22501,6.23244,6.23353
1746177987581,6.10836,6.10439,6.10827,6.10416,6.11077,6.10827
1746177987594,5.9863,5.98542,5.98768,5.98366,5.9882,5.9837
1746177987605,5.866,5.86778,5.86875,5.86235,5.86755,5.86143
1746177987619,5.74391,5.74721,5.75034,5.74322,5.74614,5.74001
1746177987632,5.62312,5.62544,5.62818,5.62099,5.62357,5.61724
1746177987648,5.45983,5.46,5.46186,5.46719,5.46342,5.45851
1746177987662,5.29644,5.28984,5.29428,5.3064,5.3011,5.29601
1746177987678,5.17505,5.16474,5.16588,5.18051,5.17767,5.17426
1746177987690,5.01254,5.00279,5.00584,5.01366,5.01518,5.01215
1746177987702,4.89207,4.88507,4.88909,4.89418,4.89228,4.88784
1746177987716,4.77041,4.76706,4.77025,4.76955,4.77047,4.76509
1746177987728,4.64844,4.64734,4.65027,4.64092,4.64876,4.64271
1746177987741,4.52635,4.52753,4.53055,4.51618,4.52688,4.52067
1746177987753,4.40416,4.40628,4.40957,4.38824,4.40462,4.40104
1746177987765,4.28285,4.28367,4.28641,4.26659,4.28369,4.28111
1746177987777,4.16128,4.15816,4.16247,4.15066,4.16317,4.16277
1746177987789,4.04006,4.03234,4.03599,4.02672,4.04021,4.04035
1746177987801,3.91805,3.90829,3.91096,3.90381,3.91846,3.92258
1746177987813,3.79573,3.78684,3.79007,3.78651,3.79711,3.80176
1746177987827,3.63314,3.62842,3.63264,3.63384,3.63432,3.63802
1746177987841,3.51148,3.50941,3.5134,3.51677,3.51352,3.51737
1746177987853,3.39043,3.3894,3.39303,3.39455,3.39221,3.39623
1746177987866,3.26895,3.26895,3.27288,3.27347,3.27012,3.27525
1746177987878,3.14747,3.1473,3.15159,3.1501,3.14993,3.15649
1746177987890,3.02541,3.02349,3.02852,3.02971,3.02902,3.03725
1746177987902,2.90305,2.89867,2.90283,2.91046,2.90653,2.91541
1746177987914,2.78135,2.77449,2.77858,2.78687,2.78453,2.79373
1746177987926,2.65942,2.6522,2.65677,2.66006,2.66209,2.67057
1746177987939,2.53829,2.53187,2.5364,2.53521,2.53927,2.5488
1746177987953,2.37614,2.37253,2.3768,2.37717,2.37841,2.3869
1746177987969,2.25483,2.25232,2.25664,2.25655,2.25669,2.26163
1746177987981,2.09188,2.09101,2.09481,2.08923,2.09357,2.09519
1746177987994,1.97049,1.96852,1.9734,1.9725,1.97399,1.97504
1746177988005,1.8483,1.84526,1.84989,1.84914,1.85227,1.85239
1746177988017,1.72743,1.72137,1.72603,1.73241,1.7299,1.73284
1746177988029,1.60542,1.59875,1.60291,1.61682,1.60921,1.61068
1746177988041,1.48381,1.47702,1.4815,1.49139,1.48641,1.48678
1746177988053,1.36175,1.35697,1.36104,1.36642,1.36357,1.36325
1746177988065,1.24027,1.23664,1.24076,1.24512,1.2422,1.24149
1746177988077,1.11839,1.11624,1.12047,1.12381,1.12076,1.11596
1746177988091,0.99686,0.994624,0.999189,1.00101,0.999475,0.992058
1746177988107,0.834794,0.832034,0.835223,0.830383,0.836779,0.829295
1746177988119,0.712959,0.708739,0.711757,0.706215,0.715463,0.708436
1746177988131,0.591256,0.586004,0.588728,0.580444,0.592837,0.588722
1746177988143,0.469069,0.463711,0.465916,0.461311,0.470692,0.468176
1746177988155,0.347586,0.342461,0.345285,0.339889,0.348315,0.346912
1746177988169,0.225751,0.221932,0.224173,0.215607,0.226195,0.225645
1746177988180,0.104487,0.101122,0.103542,0.0952147,0.104357,0.107318
1746177988192,-0.0175243,-0.0199277,-0.0179617,-0.0249482,-0.0172657,-0.0138864
1746177988204,-0.13892,-0.1419,-0.139204,-0.135613,-0.137536,-0.137604
1746177988216,-0.261282,-0.264193,-0.261928,-0.254974,-0.259499,-0.261939
1746177988228,-0.382546,-0.387128,-0.384434,-0.380974,-0.380748,-0.383472
1746177988240,-0.504733,-0.509501,-0.50681,-0.500565,-0.501401,-0.502793
1746177988252,-0.625865,-0.631674,-0.628706,-0.622788,-0.624433,-0.622549
1746177988264,-0.747876,-0.753004,-0.750296,-0.746384,-0.74584,-0.74118
1746177988277,-0.869096,-0.873814,-0.870928,-0.864487,-0.867976,-0.861799
1746177988291,-1.03187,-1.03512,-1.03136,-1.03191,-1.03104,-1.02647
1746177988309,-1.19393,-1.19759,-1.1945,-1.19865,-1.19312,-1.18575
1746177988321,-1.31594,-1.31924,-1.31666,-1.32179,-1.31456,-1.307
1746177988333,-1.43751,-1.44206,-1.43943,-1.43909,-1.43637,-1.43204
1746177988345,-1.55935,-1.56419,-1.56145,-1.56372,-1.55719,-1.55617
1746177988357,-1.68101,-1.68636,-1.68309,-1.68892,-1.67865,-1.67802
1746177988369,-1.80293,-1.80765,-1.8045,-1.80771,-1.80064,-1.80059
1746177988381,-1.9249,-1.92886,-1.92588,-1.92638,-1.92189,-1.91842
1746177988394,-2.04647,-2.04995,-2.04729,-2.04334,-2.04394,-2.0372
1746177988409,-2.20849,-2.21202,-2.20812,-2.20299,-2.20697,-2.20063
1746177988423,-2.33019,-2.33391,-2.33002,-2.32658,-2.32824,-2.32269
1746177988435,-2.49226,-2.4965,-2.4932,-2.4931,-2.49031,-2.48595
1746177988447,-2.61454,-2.61843,-2.61531,-2.612,-2.6123,-2.6119
1746177988459,-2.69552,-2.69987,-2.69649,-2.69096,-2.69233,-2.69545
1746177988471,-2.81732,-2.82144,-2.8183,-2.82063,-2.81398,-2.81935
1746177988485,-2.97947,-2.98351,-2.98048,-2.99034,-2.97794,-2.9847
1746177988501,-3.10117,-3.10488,-3.1022,-3.11417,-3.09949,-3.10704
1746177988513,-3.26315,-3.26739,-3.26377,-3.2761,-3.26242,-3.2674
1746177988525,-3.38551,-3.38908,-3.38566,-3.395,-3.38528,-3.38854
1746177988538,-3.50673,-3.51089,-3.50782,-3.51608,-3.50624,-3.5092
1746177988550,-3.62901,-3.63287,-3.62946,-3.63613,-3.62779,-3.62587
1746177988562,-3.75014,-3.75468,-3.75122,-3.75401,-3.75024,-3.74589
1746177988574,-3.8722,-3.87633,-3.87286,-3.86982,-3.87062,-3.87114
1746177988586,-3.99346,-3.9981,-3.99401,-3.98243,-3.99096,-3.99648
1746177988598,-4.11573,-4.11975,-4.11586,-4.10671,-4.11368,-4.12192
1746177988610,-4.23731,-4.24144,-4.23758,-4.23088,-4.23592,-4.24337
1746177988622,-4.3591,-4.3631,-4.35904,-4.35207,-4.35835,-4.3629
1746177988634,-4.48062,-4.48507,-4.48107,-4.47063,-4.48012,-4.48173
1746177988646,-4.60224,-4.6068,-4.60318,-4.59297,-4.60124,-4.60204
1746177988660,-4.72416,-4.72845,-4.72495,-4.71954,-4.72339,-4.72342
1746177988675,-4.84582,-4.85014,-4.84667,-4.8436,-4.84423,-4.84092
1746177988687,-5.00815,-5.01201,-5.0099,-5.01366,-5.00636,-4.99863
1746177988702,-5.12968,-5.13362,-5.13109,-5.13336,-5.12755,-5.12072
1746177988714,-5.29218,-5.29593,-5.29297,-5.29587,-5.28986,-5.28916
1746177988726,-5.41354,-5.41786,-5.41434,-5.4221,-5.41179,-5.41167
1746177988739,-5.53542,-5.53956,-5.53611,-5.54295,-5.53459,-5.53599
1746177988752,-5.65681,-5.66149,-5.65783,-5.66036,-5.65634,-5.65489
1746177988768,-5.8194,-5.82372,-5.82044,-5.81543,-5.81765,-5.81325
1746177988782,-5.98169,-5.98607,-5.98297,-5.97851,-5.97986,-5.97518
1746177988794,-6.10295,-6.10748,-6.10456,-6.10004,-6.10178,-6.0936
1746177988807,-6.22479,-6.22917,-6.22624,-6.22375,-6.22273,-6.21638
1746177988819,-6.34658,-6.35094,-6.34779,-6.34815,-6.34393,-6.33619
1746177988831,-6.46828,-6.47291,-6.46947,-6.46706,-6.46593,-6.46327
1746177988844,-6.59008,-6.59456,-6.59127,-6.59557,-6.58829,-6.58872
1746177988861,-6.75249,-6.75719,-6.75267,-6.76609,-6.75124,-6.75547
1746177988873,-6.87384,-6.87913,-6.87465,-6.88786,-6.87384,-6.87474
1746177988885,-6.99572,-7.00062,-6.99646,-7.00699,-6.99499,-6.99641
1746177988898,-7.11751,-7.12247,-7.11823,-7.1291,-7.11623,-7.11726
1746177988912,-7.27984,-7.28426,-7.28106,-7.28989,-7.27914,-7.28056
1746177988924,-7.40133,-7.40603,-7.40274,-7.40593,-7.39927,-7.39958
1746177988936,-7.5233,-7.52768,-7.52428,-7.52644,-7.52012,-7.51904
1746177988948,-7.64513,-7.64941,-7.64627,-7.6387,-7.64216,-7.64172
1746177988962,-7.76688,-7.7715,-7.76825,-7.75475,-7.76329,-7.76824
1746177988974,-7.88845,-7.89303,-7.89041,-7.87834,-7.88536,-7.89694
1746177988987,-8.01006,-8.01497,-8.012,-8.00114,-8.00784,-8.01944
1746177988999,-8.13177,-8.13662,-8.13381,-8.12347,-8.12922,-8.139
1746177989011,-8.25347,-8.25847,-8.25535,-8.24421,-8.25115,-8.25876
1746177989023,-8.37539,-8.38012,-8.37703,-8.36563,-8.37233,-8.3788
1746177989038,-8.53742,-8.54255,-8.5393,-8.54027,-8.53525,-8.54049
1746177989050,-8.65947,-8.66388,-8.6605,-8.66501,-8.65654,-8.65836
1746177989062,-8.78096,-8.78557,-8.78287,-8.79181,-8.77845,-8.77651
1746177989075,-8.90305,-8.90726,-8.90446,-8.91346,-8.90077,-8.89976
1746177989087,-9.02432,-9.0294,-9.0261,-9.03236,-9.0235,-9.02645
1746177989100,-9.14642,-9.15085,-9.14812,-9.15642,-9.14554,-9.15079
1746177989112,-9.26764,-9.27278,-9.27006,-9.27715,-9.26727,-9.27232
1746177989124,-9.38987,-9.39431,-9.39165,-9.39686,-9.38932,-9.39497
1746177989136,-9.51131,-9.51632,-9.51333,-9.51119,-9.50946,-9.51118
1746177989148,-9.6327,-9.63589,-9.63475,-9.62975,-9.63123,-9.62901
1746177989161,-9.78458,-9.77655,-9.78581,-9.79122,-9.79048,-9.78564
1746177989177,-9.87677,-9.85181,-9.86598,-9.89491,-9.89445,-9.8894
1746177989189,-9.9452,-9.90686,-9.91364,-9.97971,-9.97809,-9.97141
1746177989201,-9.94695,-9.90658,-9.91468,-9.9836,-9.98029,-9.97169
1746177989215,-9.88393,-9.85919,-9.87466,-9.96803,-9.92211,-9.92516
1746177989227,-9.7978,-9.78994,-9.80399,-9.87946,-9.82567,-9.83546
1746177989240,-9.6876,-9.69118,-9.70115,-9.76902,-9.70893,-9.71951
1746177989254,-9.5677,-9.57198,-9.57214,-9.65069,-9.5885,-9.59898
1746177989269,-9.40497,-9.40622,-9.40582,-9.49116,-9.4272,-9.43443
1746177989282,-9.24445,-9.24155,-9.24142,-9.31675,-9.26257,-9.26878
1746177989294,-9.12296,-9.12034,-9.11817,-9.19006,-9.13975,-9.14705
1746177989307,-9.00161,-9.00173,-9.00242,-9.06715,-9.01766,-9.02861
1746177989319,-8.87898,-8.88373,-8.8841,-8.94756,-8.89429,-8.90956
1746177989331,-8.75754,-8.76432,-8.76474,-8.81504,-8.76991,-8.78928
1746177989343,-8.63566,-8.64355,-8.64498,-8.68778,-8.64738,-8.66693
1746177989355,-8.51475,-8.5195,-8.52142,-8.56041,-8.52344,-8.53924
1746177989370,-8.39274,-8.39452,-8.3953,-8.43201,-8.40069,-8.4136
1746177989383,-8.23006,-8.22884,-8.22907,-8.2655,-8.23922,-8.2449
1746177989397,-8.10695,-8.1055,-8.1049,-8.13171,-8.11542,-8.11587
1746177989411,-7.94418,-7.94412,-7.94482,-7.95456,-7.95145,-7.94868
1746177989425,-7.82318,-7.82423,-7.82532,-7.82902,-7.8301,-7.82836
1746177989437,-7.70258,-7.70446,-7.70534,-7.71023,-7.70719,-7.71082
1746177989449,-7.58052,-7.58381,-7.58571,-7.58377,-7.58372,-7.59252
1746177989461,-7.45873,-7.46176,-7.46342,-7.45571,-7.46179,-7.47081
1746177989474,-7.33602,-7.33835,-7.33965,-7.33601,-7.3394,-7.34687
1746177989486,-7.2137,-7.21441,-7.21584,-7.21584,-7.21738,-7.22022
1746177989499,-7.09222,-7.09087,-7.09237,-7.09442,-7.09719,-7.09593
1746177989511,-6.97108,-6.9681,-6.969,-6.97849,-6.97541,-6.96685
1746177989523,-6.8496,-6.84705,-6.84819,-6.85524,-6.8533,-6.84039
1746177989536,-6.72741,-6.72652,-6.72808,-6.73084,-6.73177,-6.71604
1746177989549,-6.56429,-6.56638,-6.56669,-6.56708,-6.56878,-6.55644
1746177989563,-6.44272,-6.44493,-6.44592,-6.44829,-6.44619,-6.44006
1746177989575,-6.32137,-6.32283,-6.32355,-6.32137,-6.32408,-6.3213
1746177989589,-6.15957,-6.15856,-6.15967,-6.15303,-6.16069,-6.16241
1746177989601,-6.03747,-6.03562,-6.03681,-6.03001,-6.03899,-6.03942
1746177989614,-5.91581,-5.91329,-5.91444,-5.9119,-5.91891,-5.91658
1746177989626,-5.7931,-5.79184,-5.79272,-5.79277,-5.79716,-5.79374
1746177989638,-5.6717,-5.67051,-5.67265,-5.67032,-5.67584,-5.67008
1746177989652,-5.55004,-5.54998,-5.55224,-5.54901,-5.55493,-5.54519
1746177989668,-5.3885,-5.38815,-5.39019,-5.38857,-5.39224,-5.38426
1746177989680,-5.26654,-5.26646,-5.26855,-5.27584,-5.27076,-5.26771
1746177989692,-5.14426,-5.14417,-5.14601,-5.16209,-5.14953,-5.15574
1746177989706,-5.02181,-5.02159,-5.02319,-5.03609,-5.02683,-5.03972
1746177989722,-4.85974,-4.85872,-4.85971,-4.87003,-4.8638,-4.87837
1746177989734,-4.69821,-4.69674,-4.69827,-4.70615,-4.70285,-4.71467
1746177989748,-4.57677,-4.5754,-4.57711,-4.57958,-4.58043,-4.58815
1746177989762,-4.41426,-4.41386,-4.41537,-4.41364,-4.41814,-4.42281
1746177989774,-4.29216,-4.29229,-4.294,-4.28318,-4.29617,-4.29684
1746177989786,-4.17024,-4.17047,-4.17219,-4.1589,-4.17339,-4.17287
1746177989798,-4.04911,-4.04806,-4.05008,-4.03736,-4.0508,-4.05137
1746177989810,-3.9274,-3.92609,-3.92787,-3.92246,-3.93042,-3.93665
1746177989822,-3.80605,-3.80384,-3.80585,-3.79681,-3.80834,-3.81871
1746177989834,-3.68369,-3.68259,-3.68447,-3.67367,-3.68663,-3.70132
1746177989847,-3.56194,-3.56081,-3.56297,-3.55465,-3.56735,-3.57996
1746177989861,-3.4398,-3.43972,-3.44173,-3.44044,-3.44642,-3.45239
1746177989877,-3.2783,-3.27761,-3.28068,-3.28228,-3.2843,-3.28448
1746177989890,-3.15638,-3.15596,-3.15879,-3.15983,-3.16384,-3.15801
1746177989905,-2.99502,-2.99301,-2.99534,-2.99767,-3.00016,-2.9894
1746177989917,-2.87235,-2.87088,-2.87323,-2.87453,-2.87719,-2.86564
1746177989929,-2.75086,-2.74951,-2.75112,-2.75368,-2.75625,-2.74637
1746177989941,-2.62846,-2.62782,-2.63005,-2.63363,-2.63371,-2.62746
1746177989953,-2.50768,-2.50649,-2.50841,-2.50431,-2.51129,-2.50531
1746177989966,-2.38571,-2.38484,-2.38687,-2.37659,-2.39038,-2.38462
1746177989978,-2.2644,-2.2633,-2.26589,-2.25575,-2.26877,-2.26489
1746177989990,-2.14213,-2.14181,-2.14369,-2.1381,-2.14687,-2.14004
1746177990002,-2.02029,-2.01996,-2.02144,-2.01679,-2.02583,-2.01558
1746177990014,-1.89837,-1.89779,-1.89959,-1.89594,-1.90349,-1.88912
1746177990026,-1.77684,-1.77594,-1.77752,-1.77601,-1.78063,-1.7633
1746177990038,-1.65553,-1.654,-1.65575,-1.65733,-1.65858,-1.6427
1746177990050,-1.53418,-1.53255,-1.53451,-1.54026,-1.53698,-1.52465
1746177990062,-1.41222,-1.41086,-1.4134,-1.42719,-1.41541,-1.40766
1746177990075,-1.2902,-1.28969,-1.29181,-1.30463,-1.29408,-1.29274
1746177990087,-1.16855,-1.16784,-1.17026,-1.17863,-1.17323,-1.17427
1746177990099,-1.04658,-1.04631,-1.04841,-1.05274,-1.05086,-1.05343
1746177990111,-0.925227,-0.924135,-0.926906,-0.930176,-0.929128,-0.929943
1746177990123,-0.803435,-0.802403,-0.804923,-0.806351,-0.807638,-0.809012
1746177990135,-0.681995,-0.68027,-0.683507,-0.675545,-0.68478,-0.684459
1746177990147,-0.559765,-0.558819,-0.561829,-0.551491,-0.562278,-0.561639
1746177990161,-0.397611,-0.39659,-0.399867,-0.383835,-0.399532,-0.398362
1746177990173,-0.275337,-0.275179,-0.278059,-0.264473,-0.277635,-0.280178
1746177990186,-0.15438,-0.153648,-0.156294,-0.148201,-0.156029,-0.161281
1746177990198,-0.0325011,-0.0321169,-0.0346156,-0.0279237,-0.0361236,-0.0462972
1746177990210,0.0889826,0.0898554,0.0868008,0.0975036,0.0861458,0.0732232
1746177990222,0.211257,0.211507,0.208784,0.21389,0.207495,0.19337
1746177990234,0.33296,0.333279,0.331072,0.326271,0.32716,0.316489
1746177990248,0.454795,0.45485,0.452358,0.442428,0.449089,0.44216
1746177990262,0.616993,0.617079,0.614624,0.605965,0.612533,0.608968
1746177990276,0.738477,0.739051,0.735692,0.730018,0.733641,0.734088
1746177990288,0.860049,0.860783,0.858111,0.853958,0.855869,0.857764
1746177990300,0.982015,0.982795,0.979571,0.977783,0.977889,0.978336
1746177990312,1.10385,1.10453,1.10212,1.09737,1.09801,1.09727
1746177990325,1.2256,1.22638,1.22354,1.22486,1.2201,1.21779
1746177990337,1.34726,1.34795,1.3453,1.35281,1.34288,1.3393
1746177990349,1.4687,1.46984,1.46676,1.47789,1.464,1.46347
1746177990362,1.59049,1.59117,1.58853,1.59256,1.58509,1.58579
1746177990376,1.75277,1.75356,1.75092,1.75323,1.74892,1.75204
1746177990388,1.87492,1.87537,1.87308,1.87855,1.87158,1.87986
1746177990400,1.99636,1.99699,1.99489,1.99757,1.99279,2.00555
1746177990413,2.11854,2.11892,2.11666,2.11727,2.11524,2.1274
1746177990424,2.23941,2.24081,2.23864,2.23343,2.23558,2.2474
1746177990437,2.36147,2.36258,2.36058,2.3497,2.35592,2.36492
1746177990451,2.48277,2.48419,2.48261,2.47135,2.47845,2.48552
1746177990466,2.64554,2.64626,2.64474,2.64175,2.6402,2.64743
1746177990478,2.76681,2.76779,2.76598,2.76478,2.76223,2.77059
1746177990490,2.88904,2.88952,2.8877,2.88666,2.88524,2.89319
1746177990502,3.0103,3.01114,3.00912,3.013,3.00784,3.01666
1746177990514,3.1324,3.13283,3.13075,3.14518,3.13033,3.13947
1746177990527,3.25366,3.25452,3.25243,3.26855,3.25239,3.26204
1746177990540,3.41635,3.41687,3.41492,3.43208,3.41384,3.42236
1746177990553,3.53805,3.53884,3.53668,3.55167,3.53476,3.54119
1746177990566,3.65997,3.66049,3.65823,3.67023,3.65666,3.65959
1746177990579,3.78137,3.78262,3.78017,3.79166,3.77784,3.77751
1746177990591,3.90307,3.90384,3.90202,3.91159,3.89852,3.89586
1746177990603,4.02451,4.02573,4.02387,4.02935,4.02143,4.0166
1746177990615,4.14621,4.14714,4.14594,4.14093,4.14283,4.13755
1746177990628,4.26805,4.26915,4.26754,4.26029,4.26386,4.25917
1746177990639,4.38988,4.39076,4.38943,4.38618,4.38676,4.38365
1746177990651,4.51159,4.51269,4.51137,4.50794,4.5085,4.50561
1746177990666,4.67392,4.67484,4.67294,4.66976,4.66837,4.66593
1746177990679,4.79566,4.79698,4.7944,4.79267,4.79085,4.78745
1746177990695,4.95804,4.95884,4.95645,4.95483,4.953,4.94643
1746177990708,5.07965,5.08058,5.07769,5.08404,5.07395,5.06621
1746177990720,5.20158,5.20183,5.19976,5.20672,5.19695,5.18784
1746177990732,5.32302,5.32368,5.32148,5.32505,5.31924,5.31017
1746177990744,5.44498,5.44517,5.44338,5.44109,5.43983,5.43255
1746177990756,5.5662,5.5671,5.5651,5.564,5.56225,5.55952
1746177990768,5.68808,5.68871,5.68691,5.68932,5.68498,5.68388
1746177990783,5.85019,5.85118,5.84913,5.84679,5.84446,5.84769
1746177990796,5.97229,5.97339,5.9709,5.96455,5.96671,5.96972
1746177990811,6.09377,6.09501,6.0927,6.08391,6.08841,6.09167
1746177990824,6.25628,6.25748,6.25436,6.24733,6.24965,6.25313
1746177990836,6.37768,6.37897,6.37604,6.3715,6.37309,6.37617
1746177990848,6.49977,6.50086,6.49741,6.49921,6.49652,6.50125
1746177990860,6.62143,6.62219,6.61931,6.61915,6.61673,6.62286
1746177990872,6.74336,6.744,6.74068,6.74103,6.73934,6.74589
1746177990884,6.86497,6.86537,6.86319,6.87424,6.86244,6.87079
1746177990897,6.98646,6.98755,6.98456,6.99795,6.9824,6.99495
1746177990909,7.10825,7.10908,7.10663,7.11925,7.10437,7.11738
1746177990921,7.22977,7.23105,7.22826,7.23633,7.22623,7.23719
1746177990934,7.35161,7.3525,7.35033,7.35764,7.34648,7.35526
1746177990946,7.47336,7.47475,7.47175,7.4762,7.46838,7.47553
1746177990959,7.63586,7.6367,7.63423,7.63687,7.63235,7.63536
1746177990975,7.75699,7.75839,7.75552,7.75841,7.75354,7.75491
1746177990987,7.87931,7.87956,7.87707,7.87376,7.87534,7.87611
1746177991000,8.0004,8.00137,7.99857,7.9882,7.99688,7.99689
1746177991013,8.16339,8.16376,8.16062,8.15712,8.1578,8.15894
1746177991025,8.28483,8.28558,8.28221,8.27911,8.28021,8.28087
1746177991037,8.40715,8.40735,8.40441,8.40019,8.40117,8.39954
1746177991051,8.52806,8.52916,8.52605,8.5239,8.52266,8.52108
1746177991065,8.6907,8.69167,8.6894,8.69042,8.68565,8.68331
1746177991077,8.81231,8.81372,8.81056,8.81447,8.80828,8.80183
1746177991089,8.9341,8.93521,8.93258,8.94001,8.93023,8.92007
1746177991102,9.05568,9.05698,9.05417,9.06223,9.05233,9.04298
1746177991114,9.17777,9.17824,9.17568,9.1761,9.17323,9.16491
1746177991126,9.29917,9.30025,9.29709,9.2989,9.29439,9.28562
1746177991138,9.42114,9.42134,9.41899,9.42455,9.41594,9.41042
1746177991150,9.54262,9.54351,9.54054,9.54655,9.53776,9.53455
1746177991162,9.6634,9.6644,9.66152,9.66145,9.65827,9.65583
1746177991174,9.7761,9.77783,9.77849,9.77703,9.77817,9.77422
1746177991187,9.8617,9.85762,9.87331,9.88815,9.88846,9.88448
1746177991203,9.91586,9.90165,9.93029,9.97604,9.97497,9.9713
1746177991215,9.90553,9.8907,9.91695,9.97707,9.96297,9.95449
1746177991229,9.85292,9.84932,9.86598,9.93805,9.89665,9.88959
1746177991243,9.72867,9.74335,9.74675,9.80358,9.75064,9.74331
1746177991255,9.61158,9.62851,9.63235,9.68456,9.63023,9.62176
1746177991267,9.49044,9.50782,9.50518,9.5628,9.50696,9.50129
1746177991281,9.36883,9.38092,9.38158,9.4376,9.38498,9.38167
1746177991295,9.20817,9.2047,9.21304,9.27372,9.22204,9.22109
1746177991309,9.08967,9.07202,9.07257,9.15722,9.09916,9.09805
1746177991321,8.96823,8.94592,8.94344,9.02344,8.97568,8.97642
1746177991334,8.84442,8.83144,8.83379,8.89355,8.85362,8.85506
1746177991346,8.68007,8.6794,8.68495,8.72257,8.68891,8.68703
1746177991359,8.55788,8.56356,8.55957,8.59497,8.56555,8.56437
1746177991373,8.43785,8.44684,8.44387,8.46611,8.4425,8.44093
1746177991388,8.27556,8.2879,8.29028,8.28941,8.27857,8.28089
1746177991400,8.15592,8.16316,8.16323,8.16044,8.15625,8.16006
1746177991412,8.03264,8.03758,8.03606,8.03421,8.03359,8.04006
1746177991424,7.90922,7.9045,7.91286,7.91439,7.91186,7.91894
1746177991436,7.78739,7.77427,7.77553,7.78965,7.79017,7.79749
1746177991448,7.66542,7.64901,7.64657,7.66308,7.66768,7.67806
1746177991460,7.54407,7.53281,7.53553,7.54486,7.5458,7.55582
1746177991472,7.42329,7.41786,7.42362,7.42676,7.42459,7.43217
1746177991485,7.30154,7.29957,7.3012,7.309,7.30288,7.30891
1746177991499,7.18041,7.18221,7.18131,7.187,7.1796,7.18304
1746177991512,7.01544,7.02275,7.02571,7.02187,7.0183,7.0216
1746177991526,6.89405,6.90038,6.90159,6.89632,6.89655,6.90221
1746177991541,6.73207,6.73418,6.73475,6.73519,6.73394,6.7398
1746177991553,6.61023,6.60407,6.61072,6.61331,6.61326,6.61636
1746177991565,6.49046,6.47716,6.47792,6.48479,6.49077,6.4931
1746177991577,6.36766,6.35371,6.35363,6.35868,6.36752,6.36894
1746177991589,6.24473,6.23474,6.23888,6.23978,6.24698,6.24846
1746177991601,6.12285,6.11802,6.12231,6.1187,6.12529,6.12281
1746177991615,6.00058,5.99954,6.00215,5.99842,6.0026,5.99832
1746177991628,5.84009,5.842,5.84329,5.8366,5.8416,5.83506
1746177991643,5.71777,5.72095,5.72444,5.71667,5.72,5.71412
1746177991655,5.59734,5.59898,5.60159,5.59593,5.59767,5.59191
1746177991667,5.47428,5.4748,5.47734,5.48103,5.47749,5.47292
1746177991679,5.35174,5.34677,5.35248,5.36293,5.35688,5.35293
1746177991691,5.22955,5.22107,5.22343,5.2367,5.23323,5.22919
1746177991703,5.10877,5.09738,5.09875,5.11288,5.11107,5.10905
1746177991715,4.98672,4.97785,4.98069,4.98928,4.98927,4.98648
1746177991728,4.86624,4.85936,4.86354,4.86706,4.86617,4.86119
1746177991739,4.74397,4.74124,4.74413,4.74197,4.74452,4.7395
1746177991752,4.6224,4.62152,4.62424,4.61346,4.62276,4.6161
1746177991765,4.4996,4.50147,4.50435,4.49009,4.50044,4.4954
1746177991776,4.37794,4.37986,4.3832,4.36192,4.3785,4.37555
1746177991788,4.25685,4.25708,4.26004,4.24187,4.25768,4.25587
1746177991800,4.13515,4.1309,4.13605,4.12457,4.1366,4.13706
1746177991812,4.01379,4.00604,4.00914,4.00085,4.01392,4.01505
1746177991824,3.89165,3.8819,3.88502,3.87898,3.89171,3.89659
1746177991836,3.76938,3.76137,3.765,3.76247,3.77069,3.77573
1746177991850,3.64745,3.64225,3.64663,3.64735,3.6485,3.65284
1746177991864,3.48552,3.48367,3.48829,3.49056,3.48727,3.4912
1746177991876,3.36426,3.36358,3.36792,3.36834,3.36603,3.36996
1746177991891,3.20237,3.20247,3.20631,3.20675,3.20419,3.21041
1746177991903,3.08035,3.0797,3.08389,3.08292,3.08336,3.09156
1746177991915,2.95821,2.95496,2.95951,2.96494,2.96249,2.97146
1746177991927,2.83603,2.83054,2.83364,2.84409,2.83976,2.84842
1746177991939,2.71472,2.70713,2.7107,2.71786,2.71757,2.72615
1746177991951,2.59288,2.58608,2.5892,2.59266,2.59545,2.60497
1746177991963,2.47201,2.46623,2.46974,2.47009,2.47272,2.48347
1746177991975,2.34987,2.34662,2.35046,2.35153,2.35208,2.35921
1746177991988,2.22861,2.22634,2.23009,2.22885,2.2306,2.23559
1746177992000,2.10611,2.10521,2.10855,2.10365,2.10782,2.10996
1746177992013,1.98476,1.98311,1.98735,1.98658,1.98801,1.98943
1746177992027,1.86275,1.85986,1.86419,1.86378,1.86706,1.86657
1746177992042,1.70152,1.69502,1.69965,1.70803,1.70372,1.70666
1746177992053,1.57916,1.57265,1.57689,1.58993,1.58278,1.58401
1746177992065,1.45745,1.451,1.45547,1.46427,1.46029,1.46013
1746177992077,1.33527,1.33127,1.3351,1.33976,1.33716,1.33735
1746177992089,1.21391,1.21058,1.21486,1.21914,1.2163,1.21525
1746177992101,1.0923,1.09025,1.09436,1.09806,1.09461,1.08848
1746177992113,0.970816,0.968481,0.972944,0.972977,0.972698,0.966158
1746177992126,0.8492,0.846549,0.850438,0.845032,0.85091,0.844142
1746177992139,0.727365,0.723333,0.726754,0.720177,0.729544,0.722353
1746177992156,0.56464,0.559541,0.562657,0.553436,0.566333,0.563006
1746177992168,0.40231,0.397192,0.400565,0.394249,0.403802,0.400722
1746177992180,0.321541,0.316438,0.319432,0.313568,0.322392,0.320893
1746177992192,0.19975,0.19591,0.198277,0.188942,0.19965,0.200798
1746177992204,0.0783978,0.0752203,0.0776019,0.0690078,0.0783091,0.0814928
1746177992216,-0.0437447,-0.0461506,-0.0436401,-0.0487519,-0.0432056,-0.0392993
1746177992228,-0.165185,-0.168404,-0.165274,-0.160904,-0.163651,-0.164795
1746177992241,-0.287503,-0.290737,-0.287737,-0.282211,-0.285157,-0.286368
1746177992255,-0.449437,-0.454008,-0.450614,-0.447235,-0.447182,-0.44879
1746177992269,-0.571097,-0.576461,-0.573077,-0.567742,-0.568365,-0.568292
1746177992281,-0.73347,-0.73861,-0.736215,-0.731964,-0.731195,-0.726835
1746177992293,-0.854954,-0.859299,-0.856716,-0.850296,-0.853481,-0.847664
1746177992307,-0.935943,-0.940093,-0.93689,-0.93544,-0.934883,-0.929689
1746177992321,-1.09845,-1.10196,-1.0992,-1.10207,-1.09762,-1.09154
1746177992333,-1.22015,-1.22377,-1.22096,-1.22543,-1.21941,-1.21148
1746177992345,-1.34185,-1.3457,-1.34299,-1.34674,-1.34032,-1.33338
1746177992357,-1.46387,-1.46844,-1.46541,-1.46507,-1.46194,-1.45837
1746177992372,-1.62602,-1.63131,-1.62733,-1.6333,-1.6238,-1.62322
1746177992384,-1.7479,-1.75268,-1.74848,-1.75301,-1.74499,-1.74606
1746177992400,-1.91036,-1.91451,-1.9114,-1.91208,-1.90758,-1.90413
1746177992415,-2.07247,-2.07626,-2.07293,-2.06841,-2.0699,-2.06306
1746177992429,-2.19395,-2.19763,-2.19421,-2.18903,-2.19256,-2.18555
1746177992441,-2.31561,-2.31944,-2.31615,-2.31205,-2.31379,-2.30794
1746177992453,-2.43758,-2.44141,-2.43788,-2.43679,-2.43581,-2.43142
1746177992465,-2.55937,-2.56346,-2.56029,-2.56073,-2.55784,-2.5555
1746177992477,-2.68099,-2.68552,-2.68228,-2.67632,-2.67793,-2.6806
1746177992489,-2.80265,-2.80709,-2.80396,-2.80518,-2.79992,-2.80525
1746177992502,-2.92444,-2.92874,-2.92511,-2.93415,-2.92192,-2.92867
1746177992517,-3.08659,-3.09037,-3.08764,-3.09975,-3.08491,-3.09297
1746177992532,-3.24897,-3.25288,-3.24964,-3.26202,-3.24793,-3.25315
1746177992544,-3.37106,-3.37473,-3.37167,-3.37967,-3.37103,-3.37398
1746177992556,-3.49233,-3.4965,-3.49383,-3.50224,-3.4919,-3.49529
1746177992568,-3.61443,-3.61851,-3.61542,-3.6216,-3.6134,-3.61227
1746177992580,-3.73578,-3.74032,-3.73714,-3.73959,-3.73559,-3.73179
1746177992592,-3.8577,-3.86206,-3.85869,-3.85712,-3.85616,-3.8566
1746177992604,-3.97927,-3.98367,-3.97984,-3.96858,-3.97669,-3.98185
1746177992618,-4.10111,-4.1052,-4.10174,-4.09206,-4.09915,-4.10762
1746177992631,-4.22294,-4.22705,-4.22328,-4.21623,-4.22146,-4.22973
1746177992648,-4.38549,-4.38916,-4.38559,-4.37737,-4.38413,-4.3888
1746177992661,-4.54716,-4.55171,-4.54899,-4.53735,-4.54692,-4.5475
1746177992673,-4.66922,-4.67344,-4.67089,-4.66312,-4.66802,-4.6692
1746177992687,-4.79092,-4.79509,-4.7927,-4.78706,-4.78925,-4.78764
1746177992700,-4.91258,-4.9167,-4.91416,-4.91364,-4.91154,-4.90972
1746177992712,-5.03437,-5.03823,-5.03579,-5.04078,-5.03227,-5.02443
1746177992725,-5.19631,-5.20042,-5.19688,-5.19722,-5.19348,-5.18954
1746177992737,-5.3181,-5.32203,-5.3186,-5.32311,-5.31658,-5.31699
1746177992749,-5.4398,-5.44389,-5.44019,-5.44819,-5.43816,-5.43777
1746177992762,-5.56155,-5.56574,-5.5624,-5.56847,-5.56058,-5.56151
1746177992774,-5.6829,-5.68747,-5.68412,-5.68543,-5.68277,-5.68123
1746177992789,-5.805,-5.8094,-5.8061,-5.80181,-5.80332,-5.79985
1746177992802,-5.96693,-5.97151,-5.96889,-5.96352,-5.96544,-5.96067
1746177992814,-6.08872,-6.09304,-6.09052,-6.08505,-6.0871,-6.07958
1746177992826,-6.21043,-6.21485,-6.21216,-6.20922,-6.20828,-6.201
1746177992838,-6.33226,-6.33638,-6.33362,-6.3335,-6.32954,-6.32146
1746177992850,-6.45383,-6.45848,-6.45521,-6.45252,-6.45108,-6.44707
1746177992862,-6.57571,-6.57993,-6.57676,-6.58047,-6.57373,-6.57388
1746177992874,-6.69715,-6.70234,-6.69848,-6.71013,-6.69657,-6.69925
1746177992886,-6.81912,-6.82399,-6.82011,-6.83304,-6.81852,-6.82174
1746177992899,-6.94065,-6.94601,-6.94201,-6.95297,-6.93986,-6.93893
1746177992915,-7.06288,-7.06738,-7.06347,-7.0744,-7.06131,-7.06235
1746177992929,-7.22516,-7.22944,-7.22526,-7.23587,-7.22335,-7.22536
1746177992943,-7.34656,-7.35102,-7.34715,-7.35443,-7.34465,-7.34484
1746177992956,-7.50902,-7.51316,-7.51007,-7.51202,-7.50567,-7.50492
1746177992968,-7.63068,-7.63498,-7.63214,-7.62531,-7.62733,-7.62683
1746177992980,-7.75247,-7.75687,-7.75404,-7.74021,-7.7487,-7.75366
1746177992992,-7.87409,-7.87856,-7.87606,-7.86392,-7.87098,-7.88235
1746177993004,-7.99557,-8.00041,-7.99779,-7.98683,-7.99333,-8.00479
1746177993017,-8.11758,-8.1223,-8.11959,-8.10883,-8.11482,-8.12539
1746177993031,-8.27974,-8.28465,-8.28082,-8.26996,-8.2767,-8.28369
1746177993045,-8.40153,-8.40631,-8.40249,-8.39424,-8.39895,-8.4054
1746177993057,-8.52292,-8.52812,-8.52443,-8.52551,-8.52092,-8.52728
1746177993069,-8.64515,-8.64957,-8.64594,-8.6499,-8.64244,-8.64513
1746177993081,-8.76664,-8.77118,-8.76787,-8.7767,-8.76395,-8.76221
1746177993096,-8.8886,-8.89275,-8.88929,-8.90007,-8.88634,-8.88519
1746177993108,-9.05045,-9.05534,-9.05265,-9.05891,-9.04944,-9.05311
1746177993120,-9.17259,-9.17679,-9.17467,-9.18308,-9.17182,-9.17738
1746177993133,-9.29373,-9.29896,-9.29657,-9.30428,-9.29345,-9.29788
1746177993145,-9.416,-9.42058,-9.41825,-9.42123,-9.4151,-9.42058
1746177993157,-9.5374,-9.54239,-9.53971,-9.53556,-9.53551,-9.53554
1746177993169,-9.65857,-9.66075,-9.66038,-9.65721,-9.65691,-9.65408
1746177993181,-9.77197,-9.7658,-9.77365,-9.77772,-9.77663,-9.77223
1746177993193,-9.86732,-9.84459,-9.85836,-9.88426,-9.8834,-9.87803
1746177993205,-9.93017,-9.89427,-9.90405,-9.96197,-9.95969,-9.95453
1746177993218,-9.94972,-9.91051,-9.91869,-9.98554,-9.98395,-9.9761
1746177993234,-9.89245,-9.86624,-9.88177,-9.97318,-9.93157,-9.93312
1746177993248,-9.80979,-9.80053,-9.8145,-9.89159,-9.83902,-9.8488
1746177993260,-9.70157,-9.70414,-9.71636,-9.7839,-9.72354,-9.73448
1746177993272,-9.58272,-9.58681,-9.58784,-9.66545,-9.60297,-9.61413
1746177993284,-9.45996,-9.46224,-9.46115,-9.54437,-9.48161,-9.49052
1746177993298,-9.29939,-9.2966,-9.29801,-9.37614,-9.31796,-9.32489
1746177993310,-9.17773,-9.17467,-9.1721,-9.24717,-9.19477,-9.20125
1746177993323,-9.05664,-9.05466,-9.05352,-9.12186,-9.07304,-9.08151
1746177993335,-8.93432,-8.93658,-8.93716,-9.00215,-8.94973,-8.96323
1746177993347,-8.81266,-8.81853,-8.81731,-8.87627,-8.82643,-8.8433
1746177993359,-8.69048,-8.69845,-8.69877,-8.74397,-8.7026,-8.72218
1746177993371,-8.56952,-8.57523,-8.57736,-8.6174,-8.57912,-8.59776
1746177993383,-8.44799,-8.45145,-8.45145,-8.48888,-8.4561,-8.47086
1746177993395,-8.3262,-8.32571,-8.32668,-8.36483,-8.33366,-8.34495
1746177993407,-8.20375,-8.20202,-8.20252,-8.23551,-8.21244,-8.21754
1746177993421,-8.08082,-8.07916,-8.07901,-8.10425,-8.08888,-8.08824
1746177993434,-7.95877,-7.95819,-7.95846,-7.97047,-7.96594,-7.96301
1746177993446,-7.8375,-7.83806,-7.83892,-7.84309,-7.84466,-7.84227
1746177993458,-7.7169,-7.7187,-7.71907,-7.72476,-7.72158,-7.72429
1746177993472,-7.59515,-7.59793,-7.5994,-7.59899,-7.59849,-7.60722
1746177993486,-7.43251,-7.43522,-7.43718,-7.4295,-7.43541,-7.44482
1746177993500,-7.26873,-7.27022,-7.27099,-7.26849,-7.27241,-7.27797
1746177993512,-7.14707,-7.14629,-7.14735,-7.14947,-7.1514,-7.15176
1746177993524,-7.02581,-7.02331,-7.02393,-7.03171,-7.03069,-7.02537
1746177993536,-6.90472,-6.90118,-6.90212,-6.91257,-6.90834,-6.89886
1746177993548,-6.78249,-6.78057,-6.78162,-6.7852,-6.786,-6.76997
1746177993560,-6.66083,-6.6606,-6.66116,-6.66264,-6.665,-6.64934
1746177993573,-6.53816,-6.54031,-6.5407,-6.54236,-6.5425,-6.53107
1746177993585,-6.41699,-6.41882,-6.41968,-6.42208,-6.42001,-6.41454
1746177993597,-6.29515,-6.29653,-6.29739,-6.29242,-6.2979,-6.29578
1746177993609,-6.17393,-6.17315,-6.17388,-6.16768,-6.17535,-6.1764
1746177993624,-6.05201,-6.05018,-6.05098,-6.04408,-6.05341,-6.05464
1746177993636,-5.88946,-5.88703,-5.8885,-5.88581,-5.89287,-5.89126
1746177993649,-5.76696,-5.76574,-5.76704,-5.76622,-5.77102,-5.76648
1746177993662,-5.64566,-5.64461,-5.64697,-5.6448,-5.64951,-5.64352
1746177993674,-5.524,-5.5238,-5.52652,-5.52223,-5.52871,-5.519
1746177993686,-5.40282,-5.40255,-5.40532,-5.40241,-5.40684,-5.39869
1746177993701,-5.28094,-5.28098,-5.28368,-5.28877,-5.2847,-5.28076
1746177993717,-5.11782,-5.11778,-5.11959,-5.13599,-5.12296,-5.13103
1746177993729,-4.95514,-4.95467,-4.9564,-4.96742,-4.95962,-4.97578
1746177993741,-4.83374,-4.83262,-4.83403,-4.84371,-4.83767,-4.8515
1746177993754,-4.71257,-4.71105,-4.71257,-4.72103,-4.71713,-4.7301
1746177993770,-4.59126,-4.5898,-4.5915,-4.59515,-4.59476,-4.60314
1746177993782,-4.4288,-4.42825,-4.4298,-4.42921,-4.43227,-4.4377
1746177993794,-4.3067,-4.30676,-4.30838,-4.29852,-4.31075,-4.31182
1746177993806,-4.18473,-4.18503,-4.18671,-4.17355,-4.18805,-4.18711
1746177993820,-4.06334,-4.06225,-4.06468,-4.05132,-4.06548,-4.06572
1746177993832,-3.94194,-3.94056,-3.94226,-3.93631,-3.94496,-3.95016
1746177993845,-3.82054,-3.81819,-3.81993,-3.81214,-3.82292,-3.83356
1746177993857,-3.69818,-3.69694,-3.69856,-3.68797,-3.7012,-3.71587
1746177993869,-3.57639,-3.57525,-3.57705,-3.56861,-3.58163,-3.5956
1746177993884,-3.41362,-3.4137,-3.41579,-3.41526,-3.42025,-3.42555
1746177993896,-3.29275,-3.29209,-3.29455,-3.29704,-3.29877,-3.30013
1746177993908,-3.17101,-3.17052,-3.17274,-3.17413,-3.17814,-3.17318
1746177993920,-3.04979,-3.04814,-3.05067,-3.05248,-3.05595,-3.04551
1746177993932,-2.92764,-2.92637,-2.92838,-2.92946,-2.93292,-2.9226
1746177993944,-2.80572,-2.8042,-2.80692,-2.80701,-2.81034,-2.79981
1746177993957,-2.68362,-2.68279,-2.68502,-2.68833,-2.68902,-2.68082
1746177993969,-2.56236,-2.56134,-2.564,-2.5629,-2.56622,-2.56029
1746177993981,-2.44092,-2.43989,-2.44254,-2.43313,-2.44503,-2.43811
1746177993993,-2.31939,-2.31844,-2.32147,-2.31136,-2.32356,-2.31853
1746177994005,-2.19734,-2.19686,-2.19958,-2.19212,-2.2016,-2.19545
1746177994017,-2.07533,-2.07521,-2.07772,-2.06978,-2.08015,-2.07274
1746177994030,-1.95336,-1.95296,-1.9553,-1.95076,-1.95855,-1.9461
1746177994046,-1.79125,-1.79033,-1.79164,-1.79031,-1.79493,-1.77797
1746177994059,-1.66981,-1.66824,-1.66983,-1.67118,-1.67279,-1.65705
1746177994071,-1.54846,-1.54695,-1.54859,-1.55411,-1.55152,-1.53792
1746177994084,-1.38613,-1.385,-1.38763,-1.4019,-1.38956,-1.38248
1746177994096,-1.26425,-1.26347,-1.26596,-1.2767,-1.2685,-1.26794
1746177994108,-1.1425,-1.14206,-1.14432,-1.15173,-1.1468,-1.14847
1746177994120,-1.0204,-1.02016,-1.02247,-1.02562,-1.02474,-1.02616
1746177994135,-0.899182,-0.898152,-0.900922,-0.904541,-0.903519,-0.903863
1746177994147,-0.777347,-0.77626,-0.77846,-0.779114,-0.781383,-0.782287
1746177994159,-0.655951,-0.654368,-0.656825,-0.648651,-0.658151,-0.657937
1746177994173,-0.49283,-0.492099,-0.493905,-0.483742,-0.49494,-0.493929
1746177994185,-0.371347,-0.370327,-0.371922,-0.357742,-0.373426,-0.372762
1746177994198,-0.249204,-0.248796,-0.250462,-0.239639,-0.251554,-0.254523
1746177994210,-0.128467,-0.127265,-0.128871,-0.122795,-0.130305,-0.135778
1746177994222,-0.00610496,-0.005854,-0.00723699,-1.06495e-07,-0.00981874,-0.0206395
1746177994235,0.11494,0.115878,0.114441,0.121422,0.112359,0.0994022
1746177994250,0.237433,0.237609,0.235988,0.239639,0.23331,0.219683
1746177994262,0.399851,0.400039,0.397731,0.389328,0.394025,0.384623
1746177994274,0.521774,0.52141,0.519235,0.509491,0.516377,0.511311
1746177994286,0.643126,0.643342,0.640738,0.633659,0.638953,0.636047
1746177994298,0.764654,0.765033,0.762068,0.755196,0.760012,0.761027
1746177994311,0.886401,0.887006,0.884007,0.880623,0.882414,0.884109
1746177994324,1.0081,1.0089,1.0056,1.00513,1.00455,1.00489
1746177994340,1.17061,1.17145,1.169,1.16684,1.16488,1.16307
1746177994352,1.29231,1.29286,1.29068,1.29444,1.2875,1.28474
1746177994364,1.41393,1.41491,1.41248,1.42067,1.40976,1.40766
1746177994377,1.53554,1.53616,1.53416,1.54118,1.52988,1.52988
1746177994392,1.69761,1.69883,1.69591,1.69579,1.69314,1.69494
1746177994407,1.86038,1.86074,1.85791,1.86413,1.85687,1.86461
1746177994419,1.98177,1.98275,1.97972,1.9836,1.97818,1.99074
1746177994432,2.10401,2.10448,2.10153,2.10285,2.10086,2.11331
1746177994444,2.22523,2.22642,2.22355,2.22015,2.22148,2.23289
1746177994456,2.34719,2.34799,2.34528,2.33574,2.34158,2.35125
1746177994468,2.46846,2.46976,2.46748,2.4567,2.46385,2.47144
1746177994480,2.59064,2.59105,2.58929,2.58568,2.58585,2.59186
1746177994492,2.71182,2.7129,2.71092,2.70927,2.70679,2.715
1746177994504,2.83409,2.83419,2.83229,2.83161,2.8293,2.83625
1746177994517,2.95553,2.95596,2.95406,2.95532,2.95297,2.96126
1746177994529,3.07728,3.07774,3.07582,3.08544,3.07439,3.08432
1746177994541,3.1989,3.19943,3.19759,3.21533,3.19725,3.20696
1746177994555,3.32069,3.32148,3.31953,3.33572,3.31922,3.32859
1746177994571,3.48315,3.48387,3.48136,3.49846,3.47962,3.4871
1746177994583,3.60507,3.60588,3.60269,3.61576,3.60163,3.6055
1746177994595,3.72647,3.72741,3.72463,3.73592,3.72305,3.72336
1746177994607,3.84813,3.84922,3.84626,3.85895,3.84369,3.84221
1746177994620,4.01019,4.01133,4.00896,4.01642,4.00669,4.0014
1746177994632,4.13181,4.13278,4.13064,4.12731,4.12871,4.12313
1746177994646,4.25356,4.2546,4.25267,4.24564,4.24966,4.24467
1746177994660,4.37543,4.37637,4.37417,4.37187,4.37199,4.368
1746177994672,4.53754,4.53904,4.53687,4.53404,4.53461,4.53183
1746177994684,4.65934,4.66057,4.65847,4.65569,4.65415,4.65182
1746177994696,4.74068,4.7416,4.7396,4.7366,4.73524,4.73137
1746177994708,4.86203,4.86345,4.86101,4.86053,4.85747,4.85243
1746177994720,4.9843,4.98507,4.98265,4.9823,4.97861,4.97247
1746177994732,5.10565,5.10668,5.10428,5.11093,5.10065,5.09164
1746177994746,5.26834,5.26883,5.26616,5.27229,5.26433,5.25473
1746177994758,5.3896,5.39052,5.38766,5.38879,5.38536,5.37734
1746177994770,5.5117,5.51225,5.50956,5.50633,5.50666,5.50251
1746177994783,5.63252,5.63402,5.63145,5.63461,5.6296,5.62836
1746177994795,5.75506,5.75575,5.75322,5.75455,5.75074,5.75256
1746177994807,5.87615,5.87741,5.87481,5.87219,5.87085,5.87427
1746177994821,5.99856,5.99938,5.99644,5.99007,5.99284,5.99593
1746177994835,6.16031,6.16189,6.15949,6.1504,6.15466,6.15816
1746177994847,6.28241,6.2833,6.28091,6.27354,6.2761,6.27878
1746177994859,6.4039,6.40535,6.40259,6.39931,6.39979,6.40202
1746177994874,6.52608,6.52668,6.52422,6.52576,6.52246,6.52841
1746177994889,6.68824,6.68931,6.68601,6.68449,6.68383,6.69097
1746177994902,6.85061,6.85094,6.84854,6.85913,6.84808,6.85668
1746177994914,6.97209,6.97315,6.97,6.98273,6.96809,6.98086
1746177994926,7.09375,7.0946,7.09202,7.10575,7.08972,7.1027
1746177994939,7.21555,7.21673,7.21353,7.22191,7.21172,7.22341
1746177994951,7.33725,7.33798,7.33569,7.34379,7.33227,7.34054
1746177994963,7.45891,7.46024,7.45728,7.46063,7.45398,7.46164
1746177994975,7.58087,7.58149,7.57895,7.58446,7.5774,7.58203
1746177994987,7.7024,7.70326,7.70063,7.70405,7.69918,7.70104
1746177994999,7.82433,7.82451,7.82196,7.82124,7.81986,7.82039
1746177995011,7.94581,7.94628,7.9436,7.9351,7.94175,7.94169
1746177995023,8.06764,8.06785,8.0654,8.05641,8.06379,8.06428
1746177995039,8.18944,8.18987,8.18756,8.18447,8.18379,8.18479
1746177995052,8.3522,8.35222,8.34978,8.34595,8.34689,8.34646
1746177995066,8.47325,8.47427,8.4719,8.46622,8.46832,8.46645
1746177995078,8.59526,8.59624,8.59332,8.58994,8.58901,8.58622
1746177995092,8.71679,8.71789,8.71495,8.718,8.71226,8.70923
1746177995106,8.87929,8.8804,8.87678,8.88279,8.87586,8.86756
1746177995119,9.00056,9.00181,8.99859,9.00799,8.99692,8.98696
1746177995132,9.16346,9.16376,9.16116,9.16294,9.15888,9.15064
1746177995145,9.28477,9.28577,9.28275,9.28413,9.28011,9.27083
1746177995157,9.40669,9.40702,9.40456,9.41036,9.40138,9.395
1746177995169,9.52822,9.52904,9.52611,9.53201,9.52357,9.51955
1746177995181,9.64939,9.65029,9.64739,9.64828,9.64399,9.64098
1746177995193,9.76381,9.7654,9.76536,9.76318,9.76397,9.7605
1746177995205,9.85367,9.85045,9.86376,9.8766,9.87667,9.87219
1746177995217,9.90505,9.89363,9.92035,9.95773,9.95686,9.95293
1746177995229,9.91634,9.90265,9.92898,9.97776,9.97396,9.96776
1746177995241,9.88103,9.87254,9.89581,9.96689,9.93384,9.92635
1746177995253,9.80917,9.81356,9.82383,9.88369,9.84023,9.83432
1746177995267,9.70438,9.72041,9.72364,9.77863,9.72475,9.71737
1746177995281,9.58584,9.60285,9.60645,9.6595,9.60367,9.59661
1746177995293,9.42373,9.43942,9.43752,9.49471,9.44033,9.43516
1746177995305,9.30264,9.31075,9.31414,9.36985,9.3181,9.31619
1746177995318,9.22227,9.22114,9.22886,9.28871,9.23692,9.23508
1746177995333,9.0642,9.04504,9.0431,9.13078,9.07309,9.07158
1746177995347,8.90015,8.88381,8.88018,8.95294,8.90947,8.91028
1746177995359,8.77735,8.7705,8.77481,8.82465,8.7868,8.78743
1746177995371,8.65345,8.6537,8.6591,8.69476,8.66268,8.65891
1746177995383,8.53237,8.5391,8.53394,8.56876,8.53971,8.53851
1746177995395,8.41115,8.42142,8.42011,8.43681,8.4159,8.41456
1746177995407,8.28949,8.30218,8.30449,8.30601,8.29311,8.29516
1746177995419,8.17046,8.17788,8.17862,8.17612,8.17072,8.17425
1746177995431,8.04735,8.0525,8.05032,8.04852,8.04802,8.05479
1746177995443,7.92407,7.92046,7.92764,7.92938,7.92614,7.93238
1746177995455,7.80188,7.78867,7.79153,7.80418,7.80456,7.81196
1746177995467,7.68,7.66328,7.66078,7.67796,7.68249,7.69214
1746177995479,7.55843,7.54661,7.54857,7.55997,7.5603,7.57074
1746177995492,7.43774,7.43169,7.43774,7.44072,7.43927,7.44701
1746177995504,7.31573,7.31341,7.3162,7.32296,7.31729,7.32336
1746177995516,7.19508,7.19625,7.19539,7.20177,7.19407,7.19844
1746177995528,7.07127,7.07748,7.08051,7.07817,7.07353,7.07712
1746177995542,6.9489,6.95603,6.95919,6.95355,6.95145,6.95486
1746177995555,6.78706,6.79083,6.79077,6.78657,6.78796,6.79611
1746177995568,6.66535,6.66305,6.66813,6.67236,6.66829,6.67216
1746177995582,6.54435,6.53406,6.53787,6.54213,6.54653,6.54881
1746177995597,6.42366,6.40856,6.40738,6.41464,6.42319,6.42566
1746177995610,6.25931,6.24837,6.25196,6.25362,6.26152,6.26335
1746177995625,6.09663,6.09312,6.09654,6.09295,6.09881,6.09679
1746177995638,5.97471,5.97392,5.97617,5.97164,5.97618,5.9719
1746177995650,5.85467,5.85623,5.8572,5.85079,5.85583,5.85031
1746177995664,5.73244,5.73542,5.73901,5.73154,5.73448,5.72865
1746177995677,5.57121,5.57247,5.5743,5.56995,5.57164,5.56635
1746177995691,5.44779,5.44782,5.45009,5.45666,5.45151,5.44733
1746177995706,5.28463,5.27781,5.28224,5.29404,5.28893,5.28437
1746177995719,5.16372,5.15279,5.15398,5.16884,5.16601,5.16366
1746177995731,5.04188,5.03082,5.03427,5.04238,5.04373,5.04109
1746177995745,4.88061,4.87348,4.87745,4.88148,4.88055,4.87516
1746177995758,4.75833,4.75544,4.75843,4.75754,4.75885,4.75349
1746177995771,4.63672,4.63587,4.63854,4.62833,4.63691,4.63022
1746177995784,4.51444,4.51582,4.51878,4.50497,4.51485,4.5089
1746177995795,4.39248,4.39441,4.39771,4.37599,4.39279,4.38932
1746177995808,4.27148,4.27172,4.27455,4.2556,4.27188,4.26959
1746177995821,4.1091,4.10359,4.10897,4.09687,4.11031,4.1108
1746177995835,3.98771,3.97922,3.98246,3.97465,3.98761,3.98971
1746177995849,3.86512,3.85564,3.85951,3.85448,3.86572,3.87087
1746177995865,3.70236,3.6961,3.70021,3.69953,3.70323,3.70868
1746177995877,3.54042,3.53756,3.541,3.54492,3.54216,3.54608
1746177995892,3.41902,3.41779,3.42124,3.42327,3.4209,3.42511
1746177995904,3.29776,3.29754,3.30104,3.30139,3.29888,3.30363
1746177995916,3.17606,3.17617,3.17989,3.17974,3.17841,3.18456
1746177995930,3.01368,3.01154,3.01662,3.01815,3.01737,3.02516
1746177995942,2.89097,2.88668,2.89119,2.89879,2.89461,2.90417
1746177995955,2.76984,2.76258,2.76672,2.77462,2.7729,2.78136
1746177995967,2.64796,2.64045,2.64496,2.64816,2.65042,2.65932
1746177995979,2.52678,2.52036,2.52463,2.52285,2.52736,2.53716
1746177995993,2.40499,2.40091,2.40579,2.40475,2.40695,2.41641
1746177996007,2.28333,2.28099,2.28577,2.28584,2.28535,2.29003
1746177996019,2.12052,2.11968,2.12333,2.11807,2.12246,2.12431
1746177996031,1.99947,1.99775,2.00221,2.00054,2.00243,2.00451
1746177996043,1.87742,1.87433,1.87919,1.87798,1.88109,1.88122
1746177996055,1.75638,1.7508,1.75507,1.75861,1.75946,1.76105
1746177996067,1.63428,1.62758,1.6316,1.64543,1.63775,1.63986
1746177996079,1.51249,1.50557,1.50962,1.52126,1.51517,1.51613
1746177996092,1.39039,1.38512,1.38872,1.39526,1.39246,1.39149
1746177996105,1.26886,1.26503,1.26883,1.27327,1.27064,1.26985
1746177996118,1.14729,1.14466,1.14859,1.15288,1.1498,1.14628
1746177996130,1.02576,1.02345,1.02761,1.03111,1.02839,1.02099
1746177996145,0.86365,0.861023,0.865522,0.860023,0.865331,0.858027
1746177996157,0.741727,0.737928,0.741926,0.734367,0.743642,0.736664
1746177996169,0.619892,0.615274,0.618809,0.611343,0.622277,0.617081
1746177996181,0.498101,0.492621,0.495954,0.489578,0.499543,0.495872
1746177996193,0.376573,0.37121,0.374276,0.368385,0.377448,0.375632
1746177996205,0.254738,0.25056,0.253383,0.245132,0.255469,0.254233
1746177996218,0.133342,0.129871,0.132621,0.122909,0.1331,0.135433
1746177996233,-0.0294706,-0.031716,-0.0294712,-0.0355912,-0.0289834,-0.0252229
1746177996246,-0.150866,-0.153768,-0.150975,-0.147286,-0.149263,-0.150365
1746177996262,-0.273053,-0.276222,-0.273437,-0.267334,-0.271142,-0.272941
1746177996273,-0.434943,-0.439694,-0.435878,-0.433159,-0.432827,-0.435729
1746177996285,-0.556866,-0.561947,-0.558167,-0.553322,-0.554052,-0.553738
1746177996297,-0.677911,-0.683718,-0.680019,-0.677376,-0.676487,-0.673154
1746177996309,-0.800361,-0.804728,-0.801174,-0.796623,-0.798773,-0.793401
1746177996321,-0.921537,-0.925778,-0.922023,-0.919876,-0.920155,-0.914751
1746177996333,-1.04368,-1.04667,-1.043,-1.0445,-1.04283,-1.03831
1746177996347,-1.1649,-1.16864,-1.16486,-1.1697,-1.16409,-1.15631
1746177996360,-1.28709,-1.29033,-1.28684,-1.2933,-1.28603,-1.27808
1746177996377,-1.44933,-1.45404,-1.45102,-1.45077,-1.4477,-1.44398
1746177996388,-1.57116,-1.57622,-1.57301,-1.57631,-1.56885,-1.56794
1746177996400,-1.69291,-1.69803,-1.69468,-1.70059,-1.69011,-1.68965
1746177996412,-1.81475,-1.81936,-1.81614,-1.81961,-1.81245,-1.81166
1746177996424,-1.93649,-1.94057,-1.93726,-1.93771,-1.93372,-1.92972
1746177996436,-2.05793,-2.06178,-2.05867,-2.05421,-2.05567,-2.04843
1746177996448,-2.17955,-2.18319,-2.18005,-2.17529,-2.17842,-2.17112
1746177996461,-2.30134,-2.30496,-2.30168,-2.29786,-2.29942,-2.29387
1746177996474,-2.42335,-2.42694,-2.42375,-2.42168,-2.42145,-2.41644
1746177996489,-2.58546,-2.58969,-2.58619,-2.58522,-2.58416,-2.58188
1746177996501,-2.70721,-2.71166,-2.7083,-2.70321,-2.70416,-2.7078
1746177996513,-2.82887,-2.83311,-2.83024,-2.83402,-2.82623,-2.83133
1746177996527,-2.95048,-2.95464,-2.9514,-2.96116,-2.94849,-2.95529
1746177996541,-3.11299,-3.11655,-3.11401,-3.12572,-3.11134,-3.11911
1746177996554,-3.23447,-3.23828,-3.23569,-3.24783,-3.2335,-3.23954
1746177996565,-3.3567,-3.36005,-3.35772,-3.36548,-3.3562,-3.35918
1746177996578,-3.47801,-3.4819,-3.4797,-3.48816,-3.47721,-3.48106
1746177996592,-3.59993,-3.60416,-3.60151,-3.60764,-3.59912,-3.59863
1746177996607,-3.76191,-3.76651,-3.76308,-3.76499,-3.76178,-3.75828
1746177996619,-3.9245,-3.92833,-3.92587,-3.91605,-3.92233,-3.92507
1746177996632,-4.04594,-4.05031,-4.04724,-4.03553,-4.04311,-4.05056
1746177996644,-4.16809,-4.1718,-4.16927,-4.16004,-4.16611,-4.17415
1746177996655,-4.28953,-4.29365,-4.2909,-4.28352,-4.28843,-4.29511
1746177996668,-4.41136,-4.4153,-4.41271,-4.40254,-4.41011,-4.41342
1746177996680,-4.5328,-4.53747,-4.53474,-4.52305,-4.53268,-4.53362
1746177996693,-4.65481,-4.65896,-4.6565,-4.64802,-4.65366,-4.65447
1746177996705,-4.77652,-4.78086,-4.77836,-4.77253,-4.77506,-4.77327
1746177996717,-4.89822,-4.90223,-4.89982,-4.89842,-4.8967,-4.89474
1746177996731,-5.01983,-5.02388,-5.02162,-5.02567,-5.01791,-5.01044
1746177996745,-5.14114,-5.14545,-5.14278,-5.14423,-5.13909,-5.1326
1746177996757,-5.30387,-5.30764,-5.30452,-5.30811,-5.30182,-5.30182
1746177996769,-5.42526,-5.42977,-5.42589,-5.43366,-5.42377,-5.4228
1746177996782,-5.54727,-5.5513,-5.54797,-5.5545,-5.54624,-5.54733
1746177996794,-5.66871,-5.67324,-5.66973,-5.67146,-5.66816,-5.66667
1746177996807,-5.79072,-5.79501,-5.79141,-5.78773,-5.78904,-5.78533
1746177996821,-5.9119,-5.9169,-5.91313,-5.90664,-5.91063,-5.90396
1746177996835,-6.07441,-6.07861,-6.07601,-6.07109,-6.07282,-6.06619
1746177996849,-6.23678,-6.24104,-6.23788,-6.23554,-6.23453,-6.22843
1746177996861,-6.3584,-6.36277,-6.35951,-6.36017,-6.35542,-6.3481
1746177996875,-6.48014,-6.48458,-6.48132,-6.47862,-6.47771,-6.47555
1746177996889,-6.60171,-6.60631,-6.60287,-6.60782,-6.59999,-6.60074
1746177996902,-6.76426,-6.7689,-6.76488,-6.77742,-6.76281,-6.76689
1746177996916,-6.8857,-6.89083,-6.88668,-6.89941,-6.88563,-6.88615
1746177996930,-7.00763,-7.01224,-7.00845,-7.01866,-7.00652,-7.00808
1746177996944,-7.16991,-7.17463,-7.17137,-7.18197,-7.16822,-7.17038
1746177996958,-7.29166,-7.29588,-7.29283,-7.30145,-7.29052,-7.29165
1746177996972,-7.45368,-7.45823,-7.45409,-7.45777,-7.45152,-7.45116
1746177996985,-7.57574,-7.58,-7.57577,-7.57668,-7.57246,-7.57209
1746177996996,-7.69753,-7.70186,-7.69767,-7.68803,-7.6943,-7.6965
1746177997008,-7.81914,-7.82363,-7.81991,-7.80773,-7.81609,-7.82451
1746177997020,-7.94076,-7.94552,-7.94129,-7.93144,-7.93784,-7.94943
1746177997032,-8.06224,-8.06741,-8.06349,-8.05355,-8.06033,-8.07166
1746177997044,-8.18421,-8.18906,-8.18486,-8.17646,-8.18175,-8.19052
1746177997056,-8.30578,-8.31072,-8.30671,-8.29502,-8.30253,-8.30886
1746177997068,-8.4277,-8.43229,-8.42856,-8.42354,-8.42529,-8.43238
1746177997081,-8.54932,-8.55414,-8.55103,-8.55206,-8.54712,-8.55195
1746177997096,-8.71169,-8.71601,-8.71351,-8.7196,-8.70807,-8.70745
1746177997109,-8.83335,-8.83786,-8.83562,-8.84571,-8.83151,-8.82972
1746177997123,-8.99542,-9.00041,-8.99697,-9.00295,-8.99417,-8.99672
1746177997135,-9.1176,-9.1221,-9.11905,-9.12724,-9.11616,-9.12104
1746177997147,-9.23891,-9.24383,-9.24107,-9.24923,-9.23864,-9.24351
1746177997159,-9.36088,-9.36568,-9.36231,-9.37031,-9.3604,-9.36545
1746177997171,-9.48249,-9.48742,-9.48434,-9.48406,-9.48089,-9.48367
1746177997184,-9.60411,-9.60839,-9.60545,-9.60022,-9.60269,-9.60116
1746177997196,-9.72199,-9.72098,-9.72351,-9.72382,-9.72297,-9.7196
1746177997208,-9.82753,-9.81308,-9.82413,-9.84009,-9.83754,-9.83311
1746177997220,-9.90676,-9.8749,-9.88783,-9.9321,-9.93092,-9.92568
1746177997234,-9.94717,-9.90867,-9.91555,-9.98245,-9.98061,-9.97404
1746177997245,-9.93487,-9.89688,-9.90976,-9.9836,-9.9714,-9.96137
1746177997257,-9.87716,-9.85381,-9.86952,-9.96357,-9.91409,-9.9187
1746177997269,-9.78831,-9.78192,-9.79553,-9.87064,-9.81547,-9.82596
1746177997281,-9.67662,-9.68036,-9.68959,-9.75815,-9.69806,-9.70908
1746177997293,-9.55654,-9.55999,-9.55976,-9.63867,-9.57681,-9.58823
1746177997305,-9.43409,-9.43553,-9.4349,-9.51988,-9.45622,-9.4646
1746177997317,-9.3138,-9.31099,-9.31288,-9.39228,-9.3328,-9.34004
1746177997331,-9.19236,-9.1891,-9.18727,-9.26148,-9.20967,-9.21635
1746177997347,-9.03086,-9.02928,-9.02932,-9.09565,-9.04666,-9.05702
1746177997359,-8.90824,-8.91132,-8.91209,-8.97663,-8.92333,-8.93788
1746177997371,-8.78684,-8.79255,-8.79212,-8.84777,-8.79942,-8.81826
1746177997383,-8.66474,-8.67242,-8.67327,-8.71742,-8.67646,-8.6958
1746177997395,-8.54357,-8.54869,-8.55081,-8.59062,-8.55277,-8.56951
1746177997408,-8.42186,-8.42447,-8.42486,-8.46176,-8.42978,-8.44323
1746177997420,-8.30011,-8.29937,-8.30048,-8.3384,-8.30813,-8.31775
1746177997434,-8.17731,-8.17563,-8.17631,-8.2061,-8.18549,-8.18887
1746177997447,-8.0138,-8.01292,-8.01265,-8.03181,-8.02154,-8.01807
1746177997463,-7.89223,-7.89215,-7.89324,-7.8986,-7.89943,-7.89728
1746177997475,-7.7313,-7.73293,-7.73307,-7.73941,-7.73624,-7.73791
1746177997487,-7.60969,-7.61228,-7.61348,-7.61387,-7.61336,-7.6212
1746177997499,-7.48768,-7.49063,-7.49215,-7.48558,-7.49022,-7.49849
1746177997511,-7.36523,-7.36778,-7.36856,-7.36519,-7.36839,-7.37617
1746177997523,-7.2426,-7.24368,-7.24461,-7.24331,-7.24618,-7.2501
1746177997535,-7.12107,-7.11998,-7.12106,-7.12349,-7.12571,-7.12537
1746177997549,-7.00007,-6.99701,-6.99794,-7.00676,-7.00433,-6.99733
1746177997563,-6.83783,-6.8353,-6.83668,-6.84311,-6.84134,-6.82737
1746177997577,-6.71569,-6.71481,-6.71661,-6.71963,-6.72048,-6.70464
1746177997589,-6.59341,-6.59496,-6.59624,-6.59557,-6.59751,-6.58471
1746177997601,-6.47158,-6.47379,-6.47522,-6.47656,-6.47537,-6.46817
1746177997613,-6.35045,-6.35202,-6.35363,-6.35296,-6.35317,-6.34964
1746177997625,-6.22883,-6.22869,-6.23012,-6.22341,-6.2304,-6.23081
1746177997637,-6.1073,-6.10563,-6.10657,-6.10004,-6.10868,-6.11103
1746177997649,-5.98512,-5.98282,-5.98376,-5.97977,-5.98705,-5.98557
1746177997662,-5.86311,-5.86076,-5.8616,-5.86063,-5.8667,-5.8653
1746177997675,-5.7407,-5.73939,-5.74071,-5.73887,-5.74456,-5.74027
1746177997691,-5.57898,-5.57829,-5.5804,-5.57808,-5.58324,-5.57452
1746177997703,-5.45763,-5.45728,-5.45955,-5.45609,-5.46168,-5.45214
1746177997715,-5.33624,-5.33615,-5.33822,-5.33878,-5.33974,-5.33353
1746177997729,-5.21405,-5.21381,-5.21615,-5.22858,-5.21824,-5.21995
1746177997743,-5.05093,-5.05078,-5.05297,-5.0663,-5.05575,-5.06729
1746177997756,-4.88869,-4.88743,-4.88857,-4.89876,-4.89295,-4.90848
1746177997769,-4.76738,-4.76586,-4.76667,-4.77699,-4.7724,-4.78562
1746177997781,-4.64607,-4.64449,-4.64534,-4.65282,-4.65036,-4.66078
1746177997795,-4.52441,-4.52316,-4.52445,-4.5266,-4.52816,-4.53514
1746177997811,-4.3616,-4.36185,-4.36406,-4.35699,-4.36627,-4.36883
1746177997823,-4.23968,-4.24012,-4.24286,-4.22997,-4.24342,-4.24271
1746177997835,-4.11806,-4.11787,-4.12066,-4.10626,-4.12108,-4.12098
1746177997849,-3.99719,-3.99566,-3.99863,-3.98781,-3.99938,-4.00044
1746177997861,-3.83478,-3.83274,-3.83501,-3.82725,-3.83728,-3.84742
1746177997873,-3.7129,-3.71133,-3.71329,-3.70216,-3.71543,-3.72963
1746177997885,-3.59067,-3.58964,-3.59148,-3.5828,-3.59573,-3.61004
1746177997897,-3.46887,-3.46847,-3.47024,-3.46699,-3.47488,-3.48243
1746177997911,-3.34726,-3.3469,-3.34852,-3.35106,-3.3537,-3.35714
1746177997925,-3.22626,-3.22533,-3.22706,-3.22872,-3.23252,-3.22994
1746177997937,-3.06446,-3.06254,-3.06466,-3.06736,-3.07016,-3.06028
1746177997949,-2.94227,-2.94073,-2.94303,-2.94399,-2.94711,-2.93734
1746177997962,-2.82021,-2.81863,-2.82135,-2.82131,-2.82464,-2.81398
1746177997974,-2.6982,-2.69714,-2.69967,-2.70264,-2.70359,-2.69512
1746177997986,-2.57668,-2.57565,-2.57852,-2.57801,-2.58085,-2.5754
1746177997998,-2.45524,-2.45428,-2.45732,-2.44869,-2.45916,-2.45225
1746177998010,-2.3338,-2.33283,-2.33616,-2.32544,-2.33804,-2.33316
1746177998022,-2.21183,-2.21126,-2.21431,-2.20573,-2.21586,-2.21019
1746177998034,-2.08964,-2.08961,-2.09263,-2.08443,-2.09435,-2.087
1746177998047,-1.96776,-1.96748,-1.97013,-1.96529,-1.97307,-1.96164
1746177998059,-1.84615,-1.84554,-1.84828,-1.84399,-1.85077,-1.83542
1746177998071,-1.72453,-1.72349,-1.72586,-1.72554,-1.72801,-1.71036
1746177998083,-1.60349,-1.602,-1.60409,-1.60767,-1.60629,-1.59083
1746177998095,-1.48165,-1.48019,-1.48285,-1.49208,-1.48493,-1.47421
1746177998107,-1.35986,-1.3589,-1.36161,-1.37569,-1.36358,-1.35806
1746177998120,-1.23812,-1.2372,-1.2398,-1.24969,-1.2428,-1.24237
1746177998132,-1.11628,-1.11595,-1.11821,-1.12461,-1.12055,-1.12201
1746177998144,-0.994489,-0.993741,-0.996268,-0.998726,-0.998447,-0.999304
1746177998156,-0.873313,-0.871889,-0.874111,-0.877991,-0.877579,-0.877702
1746177998168,-0.751302,-0.750118,-0.751866,-0.750504,-0.755161,-0.755766
1746177998180,-0.629862,-0.628266,-0.630188,-0.622559,-0.631979,-0.63168
1746177998192,-0.50728,-0.506574,-0.508205,-0.497933,-0.50937,-0.508156
1746177998204,-0.385709,-0.384802,-0.386745,-0.371933,-0.387789,-0.386831
1746177998216,-0.263566,-0.263311,-0.265111,-0.253372,-0.265818,-0.268022
1746177998228,-0.143005,-0.1417,-0.143302,-0.1371,-0.144279,-0.149532
1746177998240,-0.0205108,-0.0204089,-0.021929,-0.015793,-0.0244307,-0.034531
1746177998255,0.100578,0.101523,0.0997489,0.108604,0.0978304,0.0846886
1746177998267,0.222984,0.223335,0.221514,0.22522,0.218997,0.20513
1746177998279,0.344819,0.344987,0.343497,0.337257,0.338903,0.328727
1746177998293,0.507236,0.507215,0.504892,0.494499,0.501757,0.496453
1746177998305,0.628544,0.628947,0.626395,0.618668,0.6244,0.620972
1746177998318,0.750248,0.750639,0.74755,0.741463,0.745284,0.745923
1746177998330,0.871819,0.872651,0.869925,0.865745,0.867736,0.869976
1746177998342,0.993874,0.994543,0.991516,0.990372,0.990146,0.99053
1746177998356,1.1158,1.11636,1.11363,1.10928,1.10975,1.10842
1746177998370,1.23732,1.23797,1.23548,1.23665,1.23196,1.22975
1746177998382,1.39952,1.40044,1.39827,1.40636,1.39506,1.39255
1746177998394,1.52096,1.52165,1.52012,1.52744,1.51542,1.51528
1746177998406,1.64271,1.64378,1.64158,1.64177,1.63748,1.63894
1746177998418,1.76463,1.76535,1.76331,1.76594,1.76099,1.76464
1746177998431,1.88682,1.88716,1.88533,1.89011,1.88323,1.89171
1746177998445,2.00813,2.00885,2.00688,2.00924,2.00405,2.0182
1746177998460,2.17037,2.17144,2.16845,2.16774,2.16739,2.17887
1746177998472,2.29172,2.29306,2.29021,2.28333,2.28676,2.29824
1746177998484,2.4136,2.41487,2.41207,2.39983,2.40785,2.41689
1746177998498,2.53548,2.53628,2.53396,2.52617,2.53092,2.5366
1746177998512,2.69768,2.69823,2.6964,2.69451,2.69232,2.70061
1746177998525,2.81951,2.81984,2.81773,2.81754,2.81488,2.82253
1746177998539,2.98136,2.98215,2.98052,2.98267,2.97924,2.98762
1746177998551,3.10337,3.10412,3.10194,3.11371,3.10098,3.11063
1746177998563,3.22481,3.22569,3.22383,3.24097,3.22345,3.23296
1746177998575,3.347,3.34774,3.34564,3.36296,3.34567,3.35442
1746177998589,3.46874,3.46935,3.46702,3.48392,3.4651,3.47319
1746177998603,3.63112,3.63182,3.6285,3.64174,3.62766,3.63143
1746177998617,3.7526,3.75356,3.75044,3.76247,3.74932,3.74919
1746177998629,3.87426,3.87513,3.8722,3.88367,3.86983,3.86776
1746177998642,3.99583,3.99686,3.99432,4.00234,3.99194,3.98702
1746177998654,4.11762,4.11843,4.11604,4.11427,4.11429,4.10884
1746177998666,4.23928,4.2402,4.23802,4.231,4.23494,4.23002
1746177998678,4.3609,4.36205,4.35944,4.35745,4.35748,4.35347
1746177998690,4.4826,4.48371,4.48159,4.47956,4.47957,4.477
1746177998702,4.60413,4.60576,4.60318,4.60087,4.59982,4.59832
1746177998714,4.72623,4.72725,4.72495,4.72229,4.72087,4.71729
1746177998728,4.88829,4.88984,4.88739,4.88651,4.88357,4.87802
1746177998740,5.01044,5.01125,5.00889,5.00999,5.00444,4.99762
1746177998753,5.13174,5.13286,5.1304,5.1368,5.12694,5.11757
1746177998765,5.25397,5.25431,5.25225,5.25845,5.24999,5.23981
1746177998777,5.37506,5.37604,5.37371,5.37506,5.37129,5.36294
1746177998789,5.49729,5.49778,5.49574,5.49156,5.49232,5.4878
1746177998801,5.61816,5.61959,5.61728,5.61985,5.61519,5.61312
1746177998814,5.74057,5.7412,5.73883,5.74116,5.73677,5.73785
1746177998826,5.86201,5.86305,5.86047,5.858,5.85636,5.85988
1746177998839,5.98402,5.9851,5.98232,5.9761,5.97843,5.98122
1746177998851,6.10537,6.10671,6.104,6.09535,6.10018,6.10345
1746177998863,6.22734,6.22877,6.22528,6.21815,6.2206,6.22417
1746177998875,6.34895,6.3501,6.34696,6.34197,6.34362,6.34611
1746177998887,6.47088,6.47207,6.46811,6.4698,6.46726,6.47105
1746177998899,6.59267,6.5934,6.59014,6.59122,6.58864,6.59444
1746177998911,6.71441,6.71545,6.7113,6.71104,6.7101,6.71729
1746177998924,6.83616,6.83646,6.83354,6.84357,6.83335,6.8415
1746177998936,6.95756,6.95892,6.95535,6.96796,6.95382,6.96606
1746177998948,7.07935,7.08001,7.07738,7.09156,7.07509,7.0885
1746177998961,7.20118,7.20242,7.19884,7.20875,7.19743,7.2088
1746177998973,7.32284,7.32359,7.32086,7.32891,7.31839,7.32693
1746177998985,7.44446,7.44596,7.44228,7.44633,7.43981,7.44816
1746177998997,7.56621,7.56725,7.56409,7.5705,7.56272,7.56769
1746177999009,7.68813,7.68911,7.68572,7.68951,7.68506,7.68633
1746177999021,7.80979,7.81016,7.80727,7.80727,7.80571,7.80669
1746177999035,7.93136,7.93193,7.92869,7.92206,7.92774,7.92748
1746177999049,8.09413,8.09384,8.09182,8.08388,8.08953,8.08989
1746177999061,8.21566,8.21617,8.21359,8.21136,8.21036,8.21128
1746177999077,8.37842,8.37856,8.37529,8.37215,8.37261,8.3715
1746177999090,8.53979,8.54099,8.53808,8.53546,8.53411,8.53196
1746177999104,8.66189,8.6628,8.65989,8.65963,8.65642,8.65369
1746177999119,8.78346,8.78469,8.78143,8.7846,8.77899,8.77384
1746177999131,8.94574,8.94684,8.94409,8.95214,8.94186,8.93143
1746177999143,9.06762,9.06897,9.06568,9.07322,9.06441,9.05476
1746177999156,9.18928,9.18986,9.18692,9.18755,9.18514,9.177
1746177999168,9.31103,9.31208,9.30847,9.31114,9.30602,9.29724
1746177999181,9.43264,9.43305,9.43011,9.43588,9.42744,9.4218
1746177999193,9.55444,9.55538,9.55174,9.55811,9.54928,9.54583
1746177999205,9.67478,9.67587,9.67255,9.67232,9.66988,9.66712
1746177999217,9.78625,9.78745,9.78834,9.78825,9.7892,9.78574
1746177999229,9.86798,9.86304,9.8802,9.89754,9.89796,9.89328
1746177999241,9.91133,9.89836,9.92624,9.96815,9.96763,9.96378
1746177999253,9.91309,9.8974,9.92397,9.97971,9.97298,9.96398
1746177999265,9.86864,9.86239,9.88277,9.95819,9.91868,9.91188
1746177999277,9.78959,9.79672,9.80408,9.86298,9.81704,9.81117
1746177999289,9.67943,9.69624,9.70049,9.75323,9.69936,9.69141
1746177999301,9.56019,9.57667,9.57977,9.63307,9.57747,9.57094
1746177999313,9.43827,9.45458,9.45208,9.50981,9.45443,9.44889
1746177999326,9.31705,9.32599,9.32944,9.38461,9.33218,9.32964
1746177999342,9.19697,9.19067,9.19992,9.26228,9.2102,9.20891
1746177999354,9.03868,9.01773,9.01441,9.10137,9.04615,9.04541
1746177999366,8.91544,8.89716,8.89322,8.96896,8.92364,8.92458
1746177999378,8.79189,8.78345,8.78763,8.8393,8.80113,8.80225
1746177999392,8.66817,8.66773,8.67353,8.7101,8.67679,8.67428
1746177999408,8.50676,8.51412,8.50961,8.54164,8.51313,8.51151
1746177999420,8.38457,8.39588,8.397,8.4082,8.38928,8.38871
1746177999432,8.26432,8.27623,8.27877,8.27705,8.2668,8.2692
1746177999446,8.14415,8.15113,8.15107,8.14808,8.14467,8.14884
1746177999460,7.98002,7.98181,7.98349,7.98454,7.98116,7.98824
1746177999472,7.85652,7.84584,7.8537,7.85923,7.85943,7.86625
1746177999486,7.69489,7.67784,7.67526,7.69272,7.69696,7.70641
1746177999502,7.57271,7.56068,7.56125,7.5745,7.57455,7.5849
1746177999517,7.41147,7.40663,7.41194,7.41508,7.4126,7.41965
1746177999532,7.29003,7.28839,7.28925,7.29767,7.29091,7.29741
1746177999545,7.12735,7.13125,7.131,7.13345,7.12769,7.13156
1746177999557,7.00367,7.01112,7.01407,7.01077,7.00648,7.00969
1746177999569,6.88241,6.88843,6.88947,6.88454,6.88462,6.89059
1746177999581,6.76088,6.76389,6.76387,6.76186,6.76208,6.76919
1746177999593,6.63905,6.63462,6.64115,6.64501,6.64242,6.64612
1746177999605,6.51884,6.50671,6.50927,6.51478,6.52001,6.52231
1746177999617,6.39722,6.38209,6.38171,6.38821,6.39673,6.39812
1746177999629,6.27394,6.26229,6.2653,6.26804,6.27616,6.27806
1746177999641,6.15193,6.14569,6.14999,6.14674,6.15439,6.15261
1746177999653,6.0293,6.02777,6.03067,6.02703,6.03174,6.02792
1746177999665,5.909,5.90924,5.91073,5.90607,5.91066,5.90545
1746177999678,5.78774,5.79024,5.79276,5.78545,5.789,5.78258
1746177999690,5.66621,5.66882,5.67235,5.66322,5.66723,5.66134
1746177999702,5.54481,5.54585,5.54814,5.54489,5.54567,5.5405
1746177999714,5.42149,5.42059,5.42446,5.43182,5.42583,5.4215
1746177999726,5.29908,5.29252,5.29746,5.30869,5.30392,5.2989
1746177999738,5.17782,5.16738,5.16859,5.18326,5.18052,5.17756
1746177999752,5.01549,5.00544,5.00868,5.01698,5.01774,5.01521
1746177999764,4.89492,4.88763,4.89184,4.89681,4.89513,4.89026
1746177999777,4.773,4.76979,4.77282,4.7723,4.77306,4.76788
1746177999789,4.65117,4.64998,4.65275,4.64355,4.65134,4.64499
1746177999804,4.52898,4.53014,4.53317,4.51939,4.5293,4.52327
1746177999818,4.36652,4.36799,4.37129,4.35001,4.36689,4.36421
1746177999832,4.24525,4.24501,4.24822,4.23054,4.24631,4.24443
1746177999845,4.08306,4.07645,4.08221,4.07009,4.08349,4.08369
1746177999859,3.96153,3.95263,3.9556,3.94741,3.96169,3.96415
1746177999871,3.8389,3.82962,3.83379,3.82862,3.83963,3.84467
1746177999884,3.71689,3.71021,3.71451,3.71292,3.71774,3.72328
1746177999896,3.59515,3.59141,3.59576,3.59825,3.59678,3.60103
1746177999908,3.47397,3.47216,3.47639,3.47843,3.47565,3.47946
1746177999920,3.35271,3.35203,3.35611,3.35644,3.35449,3.35853
1746177999934,3.23153,3.23142,3.23513,3.23639,3.23274,3.23864
1746177999948,3.06854,3.06779,3.07186,3.07137,3.07178,3.08012
1746177999962,2.90542,2.90127,2.90584,2.91286,2.9093,2.91877
1746177999974,2.78411,2.77722,2.7812,2.78938,2.78723,2.79644
1746177999987,2.66232,2.65484,2.65904,2.66281,2.66481,2.6733
1746177999999,2.54101,2.53443,2.53863,2.5375,2.54189,2.55109
1746178000012,2.41957,2.41515,2.41952,2.41894,2.42105,2.43159
1746178000024,2.29769,2.29518,2.29998,2.30061,2.29982,2.30468
1746178000036,2.17608,2.17457,2.17882,2.17426,2.17828,2.18124
1746178000048,2.05389,2.05312,2.05728,2.05318,2.0564,2.05836
1746178000060,1.93272,1.93035,1.93534,1.93417,1.93605,1.93647
1746178000072,1.81079,1.80701,1.81117,1.81194,1.81434,1.81526
1746178000084,1.68962,1.68323,1.68736,1.69739,1.69207,1.69573
1746178000097,1.56717,1.56078,1.56494,1.57757,1.57107,1.57248
1746178000113,1.40488,1.39947,1.40246,1.41014,1.40714,1.4065
1746178000126,1.28322,1.27947,1.2827,1.28757,1.28495,1.28477
1746178000138,1.16161,1.1589,1.16246,1.16707,1.16416,1.1611
1746178000151,0.999671,0.99743,1.00189,1.00388,1.0022,0.994551
1746178000163,0.877968,0.875538,0.879909,0.874901,0.879611,0.871836
1746178000175,0.756133,0.752483,0.756662,0.74913,0.758378,0.751195
1746178000187,0.634254,0.629549,0.633414,0.626221,0.637088,0.63103
1746178000202,0.512507,0.507135,0.510428,0.503769,0.514304,0.510264
1746178000214,0.390759,0.385564,0.389056,0.382576,0.391877,0.389484
1746178000226,0.269012,0.264835,0.268293,0.259781,0.269998,0.268531
1746178000240,0.107253,0.103889,0.106332,0.0975036,0.10711,0.109798
1746178000254,-0.0148012,-0.0172012,-0.0151716,-0.0220872,-0.014471,-0.0112355
1746178000270,-0.177131,-0.179951,-0.176828,-0.17189,-0.175526,-0.177474
1746178000282,-0.299098,-0.302525,-0.299421,-0.294571,-0.2968,-0.298869
1746178000294,-0.420318,-0.425099,-0.421797,-0.418854,-0.418257,-0.420927
1746178000308,-0.542548,-0.547552,-0.544085,-0.538674,-0.539257,-0.539808
1746178000322,-0.704263,-0.709701,-0.706831,-0.704041,-0.702435,-0.698452
1746178000335,-0.826406,-0.830711,-0.827768,-0.822029,-0.824829,-0.819194
1746178000349,-0.988604,-0.992057,-0.989118,-0.988884,-0.987783,-0.983787
1746178000366,-1.11013,-1.11359,-1.11062,-1.11374,-1.10902,-1.10289
1746178000379,-1.27255,-1.27582,-1.27258,-1.27865,-1.27176,-1.26392
1746178000395,-1.43483,-1.43921,-1.43642,-1.43635,-1.43346,-1.42846
1746178000407,-1.55685,-1.56138,-1.55901,-1.5612,-1.55469,-1.55318
1746178000419,-1.67833,-1.68351,-1.6806,-1.68606,-1.67579,-1.67546
1746178000433,-1.80038,-1.80472,-1.80193,-1.80508,-1.79806,-1.79769
1746178000447,-1.96267,-1.96651,-1.96328,-1.96381,-1.96002,-1.9553
1746178000461,-2.08407,-2.08768,-2.08439,-2.07951,-2.08166,-2.07481
1746178000476,-2.24613,-2.24979,-2.24636,-2.2411,-2.24456,-2.23913
1746178000489,-2.3681,-2.3716,-2.36834,-2.36423,-2.3664,-2.35983
1746178000501,-2.5303,-2.53451,-2.53187,-2.53223,-2.52864,-2.52512
1746178000515,-2.65226,-2.65661,-2.65377,-2.64816,-2.64929,-2.65039
1746178000530,-2.77379,-2.77838,-2.77566,-2.77336,-2.77101,-2.77624
1746178000542,-2.93612,-2.94025,-2.93679,-2.94605,-2.93373,-2.94086
1746178000555,-3.05774,-3.06174,-3.05808,-3.06953,-3.05619,-3.06388
1746178000567,-3.1797,-3.18331,-3.17958,-3.19324,-3.1788,-3.18449
1746178000579,-3.3011,-3.30528,-3.301,-3.31272,-3.3009,-3.30466
1746178000591,-3.42337,-3.42681,-3.42346,-3.43391,-3.4224,-3.42684
1746178000603,-3.54455,-3.54886,-3.54514,-3.55259,-3.54424,-3.54672
1746178000615,-3.66674,-3.67056,-3.66721,-3.6731,-3.66543,-3.66248
1746178000628,-3.78818,-3.79269,-3.78911,-3.79074,-3.7876,-3.78521
1746178000643,-3.91014,-3.9141,-3.91074,-3.90312,-3.90799,-3.91032
1746178000656,-4.07221,-4.07653,-4.07336,-4.06231,-4.06973,-4.0777
1746178000669,-4.19418,-4.19806,-4.1953,-4.18682,-4.19259,-4.20047
1746178000681,-4.3157,-4.31995,-4.31667,-4.30927,-4.31504,-4.32132
1746178000693,-4.43736,-4.44164,-4.43848,-4.42795,-4.43623,-4.43912
1746178000705,-4.55915,-4.56346,-4.56055,-4.54914,-4.55865,-4.5594
1746178000718,-4.68077,-4.68523,-4.68231,-4.67526,-4.67998,-4.6811
1746178000729,-4.80269,-4.807,-4.80408,-4.79942,-4.8011,-4.79874
1746178000741,-4.92435,-4.92845,-4.92558,-4.92565,-4.92329,-4.92063
1746178000753,-5.04605,-5.05014,-5.04695,-5.05291,-5.0441,-5.03563
1746178000765,-5.16745,-5.17151,-5.16859,-5.16941,-5.16479,-5.15945
1746178000777,-5.28933,-5.29316,-5.29009,-5.29278,-5.28718,-5.28643
1746178000789,-5.41086,-5.41526,-5.41142,-5.41946,-5.40921,-5.40901
1746178000802,-5.53274,-5.53687,-5.53332,-5.54031,-5.53187,-5.53289
1746178000813,-5.65431,-5.65876,-5.65508,-5.65807,-5.65365,-5.65307
1746178000826,-5.77619,-5.78073,-5.77685,-5.774,-5.7747,-5.77242
1746178000840,-5.93799,-5.94296,-5.93911,-5.93376,-5.93668,-5.93158
1746178000856,-6.06009,-6.06433,-6.06075,-6.05644,-6.05822,-6.05286
1746178000869,-6.22229,-6.2268,-6.22328,-6.22124,-6.2199,-6.21422
1746178000881,-6.3439,-6.34837,-6.34482,-6.34563,-6.34103,-6.33363
1746178000893,-6.46556,-6.47035,-6.46681,-6.46431,-6.46281,-6.46046
1746178000905,-6.58744,-6.59192,-6.58861,-6.59283,-6.58517,-6.58578
1746178000917,-6.70906,-6.71421,-6.71025,-6.72237,-6.7082,-6.71174
1746178000929,-6.83076,-6.83582,-6.83197,-6.84528,-6.83049,-6.83365
1746178000941,-6.95259,-6.95771,-6.95395,-6.96396,-6.95134,-6.95116
1746178000954,-7.07447,-7.07933,-7.07563,-7.08618,-7.07298,-7.07446
1746178000966,-7.19618,-7.20082,-7.19722,-7.20783,-7.19411,-7.19636
1746178000978,-7.31792,-7.32235,-7.31894,-7.32639,-7.31602,-7.31714
1746178000990,-7.43928,-7.44392,-7.44049,-7.44289,-7.43704,-7.43775
1746178001002,-7.56111,-7.56569,-7.56213,-7.56363,-7.55804,-7.55742
1746178001016,-7.68299,-7.68742,-7.68402,-7.67429,-7.67971,-7.68084
1746178001029,-7.80465,-7.80935,-7.806,-7.79308,-7.8015,-7.80856
1746178001041,-7.9264,-7.93117,-7.92742,-7.91668,-7.9229,-7.9348
1746178001053,-8.04801,-8.05302,-8.04936,-8.0389,-8.0458,-8.05749
1746178001065,-8.16976,-8.17463,-8.17073,-8.16238,-8.16707,-8.17667
1746178001079,-8.33209,-8.33678,-8.33365,-8.32077,-8.32881,-8.3349
1746178001092,-8.45357,-8.45843,-8.45537,-8.45261,-8.45181,-8.45945
1746178001107,-8.61621,-8.6207,-8.61764,-8.62026,-8.61383,-8.61737
1746178001119,-8.73747,-8.74223,-8.73945,-8.74683,-8.73472,-8.73338
1746178001131,-8.85957,-8.86412,-8.86113,-8.87146,-8.85733,-8.8559
1746178001143,-8.9811,-8.98581,-8.98254,-8.98876,-8.97974,-8.98162
1746178001155,-9.10311,-9.10767,-9.10462,-9.11236,-9.10141,-9.10588
1746178001167,-9.22464,-9.2294,-9.22668,-9.23515,-9.22409,-9.2291
1746178001179,-9.34639,-9.35125,-9.34819,-9.3568,-9.34555,-9.35029
1746178001192,-9.46809,-9.47298,-9.47013,-9.47056,-9.46671,-9.46998
1746178001205,-9.58953,-9.59435,-9.5912,-9.5858,-9.58811,-9.58673
1746178001222,-9.74632,-9.74291,-9.7481,-9.74945,-9.74851,-9.74415
1746178001234,-9.8469,-9.82883,-9.84127,-9.8616,-9.8598,-9.85446
1746178001246,-9.91893,-9.88477,-9.89624,-9.94766,-9.94578,-9.94031
1746178001260,-9.94972,-9.91059,-9.91773,-9.98531,-9.98393,-9.97646
1746178001274,-9.90777,-9.87747,-9.89323,-9.97971,-9.9481,-9.94543
1746178001287,-9.83245,-9.81841,-9.83377,-9.91745,-9.86384,-9.872
1746178001303,-9.69085,-9.69327,-9.7052,-9.77234,-9.71215,-9.72314
1746178001316,-9.53037,-9.53309,-9.53182,-9.61201,-9.5504,-9.56082
1746178001328,-9.40814,-9.40879,-9.40883,-9.49425,-9.42995,-9.43682
1746178001341,-9.2881,-9.28449,-9.28593,-9.36401,-9.30607,-9.31253
1746178001355,-9.16622,-9.16272,-9.16037,-9.23458,-9.18305,-9.18908
1746178001370,-9.04536,-9.04291,-9.04249,-9.1103,-9.06086,-9.0699
1746178001382,-8.88197,-8.88581,-8.88694,-8.94997,-8.89665,-8.91147
1746178001394,-8.76058,-8.76677,-8.76744,-8.81779,-8.7725,-8.79195
1746178001406,-8.63865,-8.64612,-8.64825,-8.6903,-8.65008,-8.66976
1746178001418,-8.51752,-8.52202,-8.52461,-8.56247,-8.52605,-8.54189
1746178001430,-8.39555,-8.39716,-8.39866,-8.43475,-8.40328,-8.41602
1746178001442,-8.27398,-8.27271,-8.27441,-8.31184,-8.28226,-8.29087
1746178001454,-8.15057,-8.14881,-8.14989,-8.17703,-8.15904,-8.16146
1746178001468,-8.02847,-8.02716,-8.02726,-8.04726,-8.03606,-8.03202
1746178001484,-7.86618,-7.86609,-7.86717,-7.87216,-7.87363,-7.87132
1746178001496,-7.74558,-7.74685,-7.74732,-7.75314,-7.75077,-7.75154
1746178001508,-7.62414,-7.62636,-7.62761,-7.62898,-7.62806,-7.63598
1746178001520,-7.50221,-7.50519,-7.50671,-7.50057,-7.50458,-7.51284
1746178001532,-7.37976,-7.38245,-7.38294,-7.37881,-7.38284,-7.39126
1746178001544,-7.25714,-7.25831,-7.2593,-7.25716,-7.26091,-7.26521
1746178001556,-7.13543,-7.13434,-7.13549,-7.13768,-7.13987,-7.13984
1746178001568,-7.01435,-7.01144,-7.01237,-7.02061,-7.0184,-7.01223
1746178001580,-6.89317,-6.88959,-6.89074,-6.90022,-6.89643,-6.88685
1746178001592,-6.77076,-6.76902,-6.77037,-6.77364,-6.77441,-6.75879
1746178001604,-6.64897,-6.64921,-6.65,-6.65051,-6.65311,-6.63785
1746178001616,-6.52635,-6.52869,-6.52967,-6.53103,-6.53074,-6.52018
1746178001628,-6.40521,-6.40715,-6.40856,-6.41052,-6.40816,-6.40322
1746178001640,-6.28347,-6.28466,-6.2861,-6.27995,-6.28592,-6.28423
1746178001652,-6.16238,-6.16121,-6.16294,-6.15555,-6.16339,-6.16513
1746178001664,-6.04015,-6.03835,-6.03978,-6.03264,-6.0415,-6.04217
1746178001677,-5.91836,-5.91586,-5.91727,-5.91419,-5.92166,-5.91969
1746178001689,-5.79569,-5.79449,-5.79568,-5.79517,-5.79966,-5.79609
1746178001701,-5.6742,-5.6732,-5.67535,-5.67318,-5.67857,-5.6732
1746178001713,-5.55272,-5.55263,-5.55498,-5.55187,-5.55752,-5.54786
1746178001725,-5.43172,-5.43146,-5.434,-5.43079,-5.43557,-5.4267
1746178001737,-5.31006,-5.31005,-5.31237,-5.31464,-5.31357,-5.30736
1746178001749,-5.18779,-5.18763,-5.19021,-5.20386,-5.19243,-5.19681
1746178001763,-5.06542,-5.06526,-5.06736,-5.08129,-5.0703,-5.08062
1746178001775,-4.90305,-4.90207,-4.90309,-4.91341,-4.90761,-4.92397
1746178001788,-4.7817,-4.78018,-4.78106,-4.7913,-4.78651,-4.79944
1746178001800,-4.66057,-4.65876,-4.65955,-4.66747,-4.66449,-4.6755
1746178001815,-4.53904,-4.53755,-4.53857,-4.54124,-4.54229,-4.54924
1746178001829,-4.41694,-4.4165,-4.41803,-4.41639,-4.42053,-4.42538
1746178001843,-4.25417,-4.25464,-4.25659,-4.24461,-4.25795,-4.2575
1746178001856,-4.13247,-4.13238,-4.13491,-4.12045,-4.13544,-4.1353
1746178001870,-3.97084,-3.96959,-3.97212,-3.96343,-3.97366,-3.97624
1746178001883,-3.84914,-3.84718,-3.84971,-3.84281,-3.85174,-3.86198
1746178001897,-3.68646,-3.68527,-3.68692,-3.67687,-3.68912,-3.70433
1746178001909,-3.56453,-3.56338,-3.56546,-3.55694,-3.5701,-3.58319
1746178001921,-3.44265,-3.44225,-3.44421,-3.44273,-3.44904,-3.4553
1746178001933,-3.32135,-3.32064,-3.32271,-3.32554,-3.3277,-3.33025
1746178001947,-3.19986,-3.19915,-3.20121,-3.20251,-3.20693,-3.20285
1746178001961,-3.03819,-3.03644,-3.03903,-3.04047,-3.04406,-3.03265
1746178001975,-2.91592,-2.91462,-2.9167,-2.9179,-2.92101,-2.91049
1746178001987,-2.79395,-2.79265,-2.79511,-2.79556,-2.79876,-2.78838
1746178002000,-2.6719,-2.67108,-2.67369,-2.67677,-2.67737,-2.6696
1746178002012,-2.55076,-2.54959,-2.55232,-2.55043,-2.55464,-2.54918
1746178002024,-2.4291,-2.4283,-2.43107,-2.42077,-2.43345,-2.42677
1746178002036,-2.30762,-2.30681,-2.30979,-2.29923,-2.3122,-2.30743
1746178002048,-2.18548,-2.1852,-2.18737,-2.18113,-2.18966,-2.18312
1746178002060,-2.06342,-2.06338,-2.06543,-2.05891,-2.06855,-2.0607
1746178002072,-1.94168,-1.94121,-1.94332,-1.9392,-1.94683,-1.93422
1746178002084,-1.8201,-1.8194,-1.82098,-1.81824,-1.82389,-1.80808
1746178002096,-1.69871,-1.69727,-1.69896,-1.69968,-1.70179,-1.68571
1746178002109,-1.57731,-1.57586,-1.57767,-1.58169,-1.58025,-1.56502
1746178002123,-1.45543,-1.45404,-1.45604,-1.46748,-1.45853,-1.44853
1746178002138,-1.2928,-1.29238,-1.29408,-1.30692,-1.2967,-1.29515
1746178002150,-1.13073,-1.13039,-1.13268,-1.13972,-1.13505,-1.13693
1746178002162,-1.00881,-1.00834,-1.01057,-1.0136,-1.01286,-1.01443
1746178002174,-0.887675,-0.886364,-0.888933,-0.892754,-0.891652,-0.892151
1746178002186,-0.806202,-0.805049,-0.806798,-0.809555,-0.810723,-0.811574
1746178002200,-0.64418,-0.64262,-0.644793,-0.636635,-0.646467,-0.64618
1746178002212,-0.521642,-0.521009,-0.523028,-0.512695,-0.523907,-0.522837
1746178002225,-0.400246,-0.399197,-0.401263,-0.386582,-0.402384,-0.401287
1746178002239,-0.278016,-0.277866,-0.279759,-0.267105,-0.280148,-0.282178
1746178002255,-0.116784,-0.115677,-0.117231,-0.111351,-0.118927,-0.124575
1746178002269,0.0457211,0.0465917,0.0440761,0.0548171,0.0427163,0.0298427
1746178002282,0.167732,0.168123,0.165754,0.171204,0.164198,0.150056
1746178002296,0.289787,0.290015,0.28765,0.285873,0.284891,0.273543
1746178002310,0.452204,0.452244,0.450309,0.439453,0.446286,0.439624
1746178002322,0.5736,0.573735,0.572074,0.56179,0.568995,0.565466
1746178002334,0.695303,0.695828,0.693621,0.687675,0.691099,0.690667
1746178002346,0.816743,0.817399,0.815299,0.809326,0.812696,0.814798
1746178002358,0.938666,0.939572,0.937108,0.932922,0.934767,0.935884
1746178002371,1.06059,1.0611,1.05913,1.05572,1.05598,1.05576
1746178002385,1.18238,1.18332,1.18103,1.17886,1.17676,1.17505
1746178002398,1.34462,1.3453,1.34269,1.35017,1.34024,1.33661
1746178002410,1.4658,1.46708,1.46436,1.47526,1.46129,1.46112
1746178002422,1.58763,1.58849,1.58613,1.59016,1.58233,1.58317
1746178002436,1.70947,1.71042,1.70781,1.7078,1.7049,1.70673
1746178002450,1.87233,1.87261,1.87034,1.87614,1.86862,1.87702
1746178002464,1.99381,1.9945,1.99188,1.99528,1.98984,2.0036
1746178002477,2.15618,2.15705,2.15424,2.15401,2.15293,2.16427
1746178002489,2.27723,2.2789,2.27587,2.26959,2.27256,2.28352
1746178002501,2.39919,2.40055,2.39781,2.38586,2.39331,2.40211
1746178002514,2.52077,2.52196,2.51966,2.51118,2.51643,2.52205
1746178002526,2.643,2.64362,2.6413,2.63878,2.63747,2.64468
1746178002538,2.76422,2.76507,2.7628,2.7626,2.75962,2.76794
1746178002551,2.88623,2.88676,2.88443,2.88357,2.88263,2.89049
1746178002567,3.00736,3.00845,3.00598,3.01037,3.00533,3.01466
1746178002581,3.17017,3.17064,3.16816,3.18592,3.16831,3.17754
1746178002596,3.29166,3.29245,3.29014,3.30574,3.29031,3.30017
1746178002608,3.45451,3.45496,3.45263,3.46962,3.45092,3.45921
1746178002620,3.57608,3.57705,3.57448,3.58727,3.5725,3.57716
1746178002632,3.69774,3.69846,3.69616,3.7072,3.69437,3.69573
1746178002644,3.81918,3.82056,3.81784,3.82977,3.81524,3.81454
1746178002656,3.94089,3.94189,3.93951,3.9489,3.93665,3.93285
1746178002668,4.06241,4.06374,4.0615,4.06414,4.05931,4.05422
1746178002684,4.18425,4.18503,4.18318,4.17664,4.18117,4.1757
1746178002696,4.34662,4.34758,4.34466,4.34269,4.34294,4.33866
1746178002708,4.46833,4.46903,4.46647,4.46503,4.46519,4.46265
1746178002720,4.58977,4.59124,4.58819,4.58668,4.58586,4.58382
1746178002732,4.7116,4.71261,4.71017,4.70753,4.70633,4.70336
1746178002744,4.83339,4.83471,4.83163,4.83158,4.8291,4.82469
1746178002756,4.9554,4.95604,4.95335,4.95197,4.95008,4.94396
1746178002768,5.07693,5.07793,5.07477,5.08129,5.0711,5.06366
1746178002783,5.1989,5.19918,5.19684,5.20386,5.19442,5.18507
1746178002797,5.36079,5.36145,5.35932,5.36076,5.35725,5.3484
1746178002812,5.48293,5.48326,5.48148,5.47714,5.47781,5.47215
1746178002826,5.64443,5.64565,5.64314,5.64674,5.64129,5.6395
1746178002840,5.80724,5.808,5.80593,5.80433,5.80118,5.80476
1746178002852,5.92877,5.92981,5.92747,5.92209,5.92303,5.92597
1746178002864,6.05065,6.05158,6.04967,6.04179,6.04555,6.0491
1746178002876,6.17213,6.17359,6.1714,6.1623,6.16594,6.16983
1746178002889,6.29392,6.29509,6.29268,6.28521,6.28802,6.29102
1746178002901,6.41571,6.4171,6.41414,6.41213,6.41139,6.4144
1746178002913,6.53772,6.53823,6.53608,6.53778,6.53448,6.54021
1746178002925,6.65951,6.6604,6.65772,6.656,6.6547,6.66175
1746178002940,6.78117,6.78137,6.77961,6.78246,6.77804,6.78509
1746178002954,6.90288,6.9037,6.90151,6.91177,6.90019,6.9106
1746178002968,7.06494,7.06569,7.06321,7.07714,7.06065,7.07363
1746178002980,7.1866,7.18811,7.18449,7.1949,7.18309,7.19476
1746178002992,7.30839,7.30924,7.30639,7.31472,7.30416,7.31317
1746178003004,7.43023,7.43145,7.42776,7.43237,7.42513,7.43419
1746178003016,7.55197,7.55298,7.54953,7.55619,7.54815,7.55364
1746178003028,7.67368,7.67467,7.67107,7.67475,7.67039,7.67196
1746178003040,7.79525,7.79592,7.79253,7.79331,7.7911,7.79238
1746178003052,7.91709,7.91745,7.91386,7.9089,7.91318,7.91336
1746178003067,8.03861,8.03919,8.03563,8.02666,8.03476,8.03469
1746178003081,8.20116,8.2017,8.1989,8.19683,8.19557,8.19648
1746178003095,8.32326,8.32327,8.32075,8.31688,8.31825,8.31846
1746178003109,8.48493,8.4859,8.4828,8.47847,8.48002,8.47848
1746178003125,8.64761,8.64837,8.64467,8.64418,8.64196,8.63902
1746178003143,8.80981,8.81087,8.80759,8.81172,8.80543,8.79915
1746178003155,8.97188,8.97302,8.96938,8.97926,8.9681,8.95789
1746178003170,9.09384,9.095,9.09058,9.09771,9.0906,9.08133
1746178003182,9.25595,9.25686,9.25297,9.25415,9.25167,9.24226
1746178003194,9.33716,9.33826,9.33337,9.33849,9.33215,9.32379
1746178003206,9.45873,9.45923,9.45496,9.46232,9.4541,9.44894
1746178003218,9.58053,9.58168,9.57655,9.58374,9.57522,9.57232
1746178003232,9.73794,9.73946,9.73724,9.73538,9.73581,9.73329
1746178003244,9.83557,9.83417,9.84214,9.85096,9.85186,9.84738
1746178003256,9.89614,9.88661,9.9098,9.94331,9.94241,9.93856
1746178003269,9.91854,9.90325,9.92907,9.97948,9.97754,9.97287
1746178003281,9.89289,9.88152,9.90684,9.9733,9.94823,9.94033
1746178003293,9.8296,9.82996,9.84536,9.90841,9.86511,9.85912
1746178003305,9.73139,9.74531,9.75059,9.80679,9.75299,9.74563
1746178003317,9.61452,9.63108,9.6364,9.688,9.633,9.62543
1746178003329,9.49352,9.51051,9.50976,9.56635,9.51027,9.50498
1746178003342,9.37173,9.38393,9.38581,9.44138,9.38777,9.38386
1746178003354,9.25112,9.25382,9.26056,9.31801,9.26565,9.26376
1746178003366,9.13153,9.11541,9.1221,9.19991,9.14252,9.14202
1746178003379,9.0125,8.99014,8.98817,9.07139,9.01916,9.01907
1746178003391,8.88891,8.87302,8.87146,8.94001,8.89792,8.89929
1746178003403,8.76571,8.75999,8.76513,8.81241,8.77463,8.77517
1746178003415,8.64186,8.64243,8.64816,8.68252,8.65071,8.64763
1746178003427,8.52095,8.528,8.52404,8.55686,8.5279,8.52633
1746178003439,8.39937,8.40999,8.41047,8.42411,8.4039,8.40299
1746178003451,8.27837,8.29063,8.29376,8.29319,8.28137,8.28458
1746178003463,8.15891,8.16577,8.16742,8.16422,8.15911,8.16291
1746178003475,8.0358,8.04047,8.03959,8.03753,8.03635,8.04284
1746178003487,7.91225,7.90727,7.91617,7.91737,7.91453,7.92141
1746178003499,7.79033,7.77684,7.77915,7.79274,7.79291,7.80026
1746178003511,7.66841,7.65154,7.64984,7.66628,7.67057,7.68028
1746178003523,7.54692,7.5353,7.53828,7.54807,7.54849,7.55856
1746178003535,7.42636,7.42038,7.42641,7.42962,7.42726,7.43425
1746178003547,7.30422,7.3021,7.30438,7.31152,7.30565,7.31103
1746178003559,7.1834,7.18494,7.18436,7.18975,7.18225,7.18549
1746178003572,7.0591,7.06569,7.06944,7.0657,7.06174,7.06479
1746178003584,6.93735,6.94412,6.94707,6.9413,6.93968,6.94392
1746178003596,6.81574,6.82055,6.82098,6.81541,6.81705,6.82507
1746178003608,6.6943,6.69436,6.69752,6.70017,6.69671,6.70161
1746178003620,6.57277,6.56425,6.57017,6.57223,6.57532,6.57842
1746178003632,6.45274,6.43811,6.43725,6.44508,6.45259,6.45535
1746178003646,6.32914,6.31614,6.31653,6.32137,6.33032,6.33216
1746178003658,6.16646,6.15932,6.16346,6.16104,6.1689,6.16751
1746178003671,6.04388,6.042,6.04431,6.04156,6.04606,6.04273
1746178003683,5.92319,5.92323,5.92429,5.92003,5.92487,5.92006
1746178003695,5.80219,5.80451,5.80649,5.79975,5.80331,5.79688
1746178003707,5.68044,5.68318,5.6866,5.67799,5.6817,5.67598
1746178003719,5.55948,5.56049,5.56274,5.55851,5.56006,5.55443
1746178003731,5.43602,5.43563,5.43902,5.44498,5.44018,5.43589
1746178003743,5.31362,5.3072,5.31263,5.32402,5.31837,5.31393
1746178003756,5.19213,5.18222,5.18337,5.19802,5.19506,5.19225
1746178003768,5.07083,5.05953,5.06204,5.07248,5.07292,5.07028
1746178003780,4.94939,4.9414,4.94542,4.95289,4.951,4.94821
1746178003795,4.82847,4.823,4.82714,4.82906,4.82812,4.82246
1746178003810,4.66562,4.66418,4.66732,4.65878,4.66571,4.65961
1746178003825,4.50241,4.50411,4.50679,4.49295,4.5033,4.49721
1746178003842,4.38088,4.3827,4.38573,4.36432,4.38106,4.37818
1746178003854,4.21925,4.21835,4.22219,4.20593,4.22065,4.21924
1746178003866,4.09742,4.09144,4.0969,4.08508,4.09825,4.09886
1746178003878,3.97585,3.96735,3.97042,3.96194,3.97588,3.97802
1746178003890,3.85344,3.84381,3.84792,3.84293,3.85394,3.85884
1746178003902,3.73134,3.72437,3.72842,3.727,3.73229,3.73694
1746178003914,3.60973,3.60552,3.61001,3.6121,3.61085,3.61519
1746178003927,3.48824,3.48648,3.49056,3.49342,3.4902,3.49404
1746178003941,3.32653,3.32605,3.32942,3.33,3.32816,3.3328
1746178003956,3.20504,3.2052,3.20862,3.21007,3.20708,3.21288
1746178003969,3.04241,3.04109,3.046,3.04596,3.04592,3.0543
1746178003981,2.91996,2.91615,2.92075,2.9274,2.92395,2.93312
1746178003993,2.79843,2.79189,2.79589,2.80426,2.80165,2.81057
1746178004005,2.67699,2.66912,2.6736,2.67769,2.67923,2.68805
1746178004017,2.55542,2.54871,2.55319,2.55295,2.55674,2.56633
1746178004029,2.43393,2.42914,2.43395,2.43279,2.43512,2.44575
1746178004042,2.31206,2.30925,2.31458,2.31503,2.31447,2.31965
1746178004057,2.14955,2.14855,2.15262,2.14748,2.15193,2.15436
1746178004071,2.02789,2.02682,2.03125,2.02847,2.03072,2.03316
1746178004084,1.90628,1.90384,1.90866,1.90773,1.90965,1.90946
1746178004096,1.78475,1.78031,1.78432,1.78642,1.78821,1.78942
1746178004110,1.62251,1.61579,1.61957,1.63433,1.62606,1.62815
1746178004128,1.50058,1.49382,1.49789,1.50867,1.50331,1.50401
1746178004140,1.33808,1.33388,1.3375,1.34228,1.33966,1.33996
1746178004152,1.21659,1.21331,1.218,1.22166,1.21894,1.21843
1746178004164,1.09498,1.0929,1.09728,1.10058,1.09745,1.09126
1746178004176,0.973539,0.971248,0.975909,0.975838,0.975493,0.96856
1746178004188,0.851792,0.849315,0.853402,0.848007,0.85358,0.846612
1746178004200,0.73,0.72614,0.729632,0.723038,0.732273,0.724722
1746178004212,0.608121,0.603366,0.606472,0.598526,0.610202,0.605717
1746178004226,0.486111,0.480752,0.483486,0.477905,0.487817,0.483985
1746178004241,0.324176,0.319165,0.321786,0.316086,0.324896,0.323633
1746178004254,0.202517,0.198476,0.200719,0.191574,0.202162,0.202799
1746178004266,0.0809891,0.0778265,0.0799997,0.0712966,0.0811286,0.0840053
1746178004278,-0.0411534,-0.0434641,-0.0411115,-0.0462342,-0.0405022,-0.036335
1746178004290,-0.162637,-0.165517,-0.162702,-0.158386,-0.160748,-0.16223
1746178004302,-0.284824,-0.28789,-0.285252,-0.27935,-0.282561,-0.284441
1746178004314,-0.405912,-0.410704,-0.407889,-0.404549,-0.404217,-0.40639
1746178004326,-0.52823,-0.533077,-0.530178,-0.523796,-0.52511,-0.525691
1746178004338,-0.649187,-0.65521,-0.652161,-0.647164,-0.647827,-0.645216
1746178004350,-0.771505,-0.77618,-0.773403,-0.769272,-0.769458,-0.764641
1746178004362,-0.892945,-0.89731,-0.893991,-0.888977,-0.891047,-0.885559
1746178004374,-1.015,-1.01804,-1.01467,-1.01475,-1.01394,-1.01003
1746178004386,-1.13609,-1.13977,-1.13643,-1.14086,-1.13513,-1.12854
1746178004398,-1.25832,-1.26146,-1.25802,-1.26366,-1.25721,-1.24959
1746178004410,-1.37985,-1.38408,-1.38044,-1.38279,-1.37856,-1.37224
1746178004422,-1.50177,-1.50613,-1.50264,-1.5041,-1.4996,-1.49732
1746178004434,-1.62334,-1.62866,-1.62471,-1.63101,-1.62111,-1.62115
1746178004447,-1.74526,-1.75007,-1.74613,-1.7506,-1.7423,-1.74274
1746178004459,-1.86705,-1.8714,-1.86763,-1.87088,-1.86446,-1.86234
1746178004471,-1.98871,-1.99249,-1.98874,-1.98887,-1.98665,-1.98099
1746178004483,-2.11029,-2.11363,-2.11007,-2.1056,-2.10849,-2.10077
1746178004495,-2.23181,-2.23536,-2.23184,-2.22622,-2.23041,-2.22477
1746178004507,-2.35369,-2.35717,-2.35365,-2.3505,-2.3516,-2.34582
1746178004520,-2.47553,-2.47934,-2.4758,-2.47593,-2.47367,-2.46948
1746178004533,-2.63794,-2.64209,-2.6396,-2.63409,-2.63494,-2.63558
1746178004545,-2.75943,-2.76398,-2.76149,-2.75745,-2.75639,-2.76159
1746178004558,-2.88118,-2.88535,-2.88295,-2.88918,-2.87826,-2.88482
1746178004570,-3.00279,-3.00697,-3.00411,-3.01403,-3.00135,-3.00822
1746178004582,-3.1248,-3.12842,-3.1257,-3.13763,-3.12342,-3.13005
1746178004594,-3.24607,-3.25007,-3.24703,-3.25916,-3.24501,-3.25018
1746178004606,-3.36825,-3.37196,-3.36914,-3.37715,-3.36773,-3.37146
1746178004618,-3.48965,-3.49369,-3.49108,-3.49972,-3.489,-3.49285
1746178004630,-3.61184,-3.61583,-3.61285,-3.61919,-3.61077,-3.6101
1746178004643,-3.7331,-3.73768,-3.73457,-3.7373,-3.73284,-3.72944
1746178004655,-3.85498,-3.85949,-3.8562,-3.8546,-3.85352,-3.85404
1746178004668,-3.97664,-3.98086,-3.97744,-3.96561,-3.97422,-3.97961
1746178004679,-4.0983,-4.10259,-4.09925,-4.08932,-4.0961,-4.10472
1746178004691,-4.22018,-4.22436,-4.22067,-4.21303,-4.21838,-4.22642
1746178004703,-4.34192,-4.34593,-4.34213,-4.33559,-4.34117,-4.34669
1746178004715,-4.46354,-4.46787,-4.4642,-4.4537,-4.46284,-4.46508
1746178004728,-4.58529,-4.5896,-4.58627,-4.57558,-4.58445,-4.58511
1746178004740,-4.70699,-4.71125,-4.70782,-4.70169,-4.70637,-4.70686
1746178004752,-4.82882,-4.83302,-4.82967,-4.8262,-4.82699,-4.82426
1746178004763,-4.95044,-4.95451,-4.95139,-4.95403,-4.9493,-4.94579
1746178004775,-5.07201,-5.07613,-5.07276,-5.07797,-5.07006,-5.06237
1746178004787,-5.19376,-5.19762,-5.1944,-5.19447,-5.19076,-5.18681
1746178004801,-5.31551,-5.31931,-5.31586,-5.32059,-5.31387,-5.3139
1746178004815,-5.43708,-5.44124,-5.43727,-5.44533,-5.4355,-5.43481
1746178004828,-5.59936,-5.60355,-5.60076,-5.60566,-5.59824,-5.59776
1746178004841,-5.7212,-5.72544,-5.72287,-5.72205,-5.72052,-5.71825
1746178004853,-5.84268,-5.84729,-5.84438,-5.8382,-5.84132,-5.83574
1746178004865,-5.96417,-5.9689,-5.96632,-5.96077,-5.96259,-5.9575
1746178004877,-6.08604,-6.09048,-6.08739,-6.08276,-6.08461,-6.07699
1746178004889,-6.20779,-6.21225,-6.20911,-6.20636,-6.20548,-6.19847
1746178004901,-6.32963,-6.33374,-6.33057,-6.33087,-6.32669,-6.31867
1746178004913,-6.45111,-6.45587,-6.45259,-6.45001,-6.44831,-6.44457
1746178004925,-6.57325,-6.57752,-6.5741,-6.57761,-6.57093,-6.57023
1746178004938,-6.69456,-6.6997,-6.69573,-6.70704,-6.69396,-6.69668
1746178004950,-6.81662,-6.82147,-6.81758,-6.83109,-6.81606,-6.81905
1746178004967,-6.97868,-6.98362,-6.97933,-6.99051,-6.97748,-6.97767
1746178004981,-7.14106,-7.1458,-7.14264,-7.15336,-7.13961,-7.14117
1746178004996,-7.26294,-7.26701,-7.26432,-7.27329,-7.26182,-7.26353
1746178005008,-7.42487,-7.42952,-7.42641,-7.42893,-7.42256,-7.42276
1746178005020,-7.5467,-7.55101,-7.548,-7.5499,-7.54358,-7.5432
1746178005032,-7.66858,-7.67295,-7.66977,-7.66056,-7.66538,-7.66581
1746178005044,-7.79029,-7.79484,-7.79192,-7.77775,-7.78678,-7.79351
1746178005057,-7.91208,-7.91661,-7.91343,-7.90238,-7.90866,-7.92067
1746178005069,-8.03361,-8.03858,-8.03519,-8.02437,-8.03161,-8.04337
1746178005081,-8.15544,-8.16012,-8.15674,-8.14739,-8.15258,-8.16238
1746178005095,-8.27688,-8.28205,-8.2785,-8.26733,-8.27425,-8.28073
1746178005109,-8.39867,-8.40346,-8.39988,-8.3915,-8.39623,-8.40316
1746178005121,-8.56109,-8.56585,-8.56306,-8.56384,-8.55892,-8.56338
1746178005133,-8.68279,-8.68722,-8.68435,-8.68961,-8.67955,-8.68022
1746178005145,-8.80454,-8.80915,-8.80646,-8.81653,-8.80253,-8.80079
1746178005157,-8.92633,-8.93052,-8.92822,-8.93578,-8.92422,-8.92373
1746178005170,-9.04782,-9.05261,-9.04986,-9.05605,-9.04671,-9.04987
1746178005182,-9.16991,-9.17402,-9.17202,-9.18056,-9.16912,-9.17491
1746178005195,-9.29105,-9.2964,-9.294,-9.30164,-9.29093,-9.29601
1746178005209,-9.41323,-9.41765,-9.41559,-9.4186,-9.41266,-9.41849
1746178005224,-9.57517,-9.58016,-9.57711,-9.57115,-9.57345,-9.57286
1746178005236,-9.69498,-9.69551,-9.6967,-9.69543,-9.69437,-9.69078
1746178005248,-9.8043,-9.79363,-9.80382,-9.81388,-9.81189,-9.80711
1746178005262,-9.89126,-9.86276,-9.87653,-9.91253,-9.91159,-9.90651
1746178005276,-9.94862,-9.90971,-9.91677,-9.98417,-9.98252,-9.9757
1746178005288,-9.93158,-9.89419,-9.90793,-9.98394,-9.96831,-9.95947
1746178005300,-9.86987,-9.8482,-9.86398,-9.95865,-9.90657,-9.91197
1746178005313,-9.77865,-9.77346,-9.78699,-9.86115,-9.8045,-9.81543
1746178005325,-9.6656,-9.66937,-9.67752,-9.74716,-9.68651,-9.69707
1746178005337,-9.54499,-9.548,-9.54712,-9.62711,-9.56496,-9.57553
1746178005349,-9.42254,-9.42342,-9.42304,-9.50867,-9.44433,-9.45215
1746178005361,-9.30238,-9.29916,-9.3008,-9.38015,-9.32091,-9.32792
1746178005373,-9.18085,-9.17719,-9.1752,-9.25037,-9.19779,-9.20416
1746178005385,-9.0598,-9.0571,-9.05614,-9.12495,-9.07545,-9.08486
1746178005399,-8.9374,-8.9391,-8.93995,-9.00547,-8.95222,-8.96587
1746178005414,-8.7752,-8.781,-8.78122,-8.83461,-8.78732,-8.80624
1746178005428,-8.6531,-8.66051,-8.66215,-8.70495,-8.66435,-8.68418
1746178005442,-8.49165,-8.49536,-8.49718,-8.53489,-8.49957,-8.51553
1746178005456,-8.32928,-8.32848,-8.32947,-8.36735,-8.33643,-8.34795
1746178005469,-8.20665,-8.20486,-8.20526,-8.23883,-8.215,-8.21984
1746178005481,-8.08381,-8.08189,-8.08175,-8.10688,-8.09166,-8.09087
1746178005495,-7.96175,-7.96092,-7.96112,-7.97367,-7.9687,-7.96528
1746178005509,-7.84049,-7.84063,-7.84158,-7.84584,-7.84738,-7.84513
1746178005522,-7.6793,-7.68125,-7.68267,-7.68608,-7.68328,-7.68866
1746178005535,-7.55742,-7.56048,-7.56247,-7.55905,-7.55983,-7.56822
1746178005552,-7.3943,-7.39697,-7.39777,-7.39231,-7.39709,-7.40574
1746178005566,-7.23087,-7.23185,-7.23306,-7.23209,-7.23461,-7.23782
1746178005581,-7.1093,-7.10811,-7.10929,-7.11182,-7.11418,-7.11358
1746178005593,-6.94794,-6.94448,-6.94602,-6.95583,-6.95175,-6.943
1746178005605,-6.82602,-6.82355,-6.82478,-6.83064,-6.82956,-6.81379
1746178005619,-6.70405,-6.70322,-6.70484,-6.70727,-6.70863,-6.69254
1746178005633,-6.58182,-6.58354,-6.58408,-6.58402,-6.58619,-6.57366
1746178005646,-6.4194,-6.42151,-6.4226,-6.42506,-6.42281,-6.41733
1746178005660,-6.29796,-6.2993,-6.29996,-6.29585,-6.30047,-6.29847
1746178005674,-6.17678,-6.17588,-6.17689,-6.17043,-6.17807,-6.17939
1746178005686,-6.01397,-6.01225,-6.01349,-6.00769,-6.01541,-6.01526
1746178005699,-5.89222,-5.88979,-5.89124,-5.88867,-5.8956,-5.89376
1746178005712,-5.76947,-5.76846,-5.76983,-5.76874,-5.77359,-5.7695
1746178005728,-5.64842,-5.64721,-5.64968,-5.64743,-5.65222,-5.6465
1746178005739,-5.48636,-5.48595,-5.48793,-5.48458,-5.49062,-5.48126
1746178005751,-5.36536,-5.3647,-5.36656,-5.36579,-5.3687,-5.36122
1746178005763,-5.24291,-5.24268,-5.24453,-5.2549,-5.24695,-5.24637
1746178005775,-5.12068,-5.12043,-5.12233,-5.1384,-5.12559,-5.13395
1746178005787,-4.99827,-4.99798,-4.99939,-5.01217,-5.00353,-5.01749
1746178005799,-4.87709,-4.8758,-4.87693,-4.88663,-4.88105,-4.89574
1746178005812,-4.75574,-4.75399,-4.75503,-4.76521,-4.76067,-4.77373
1746178005825,-4.6343,-4.63274,-4.63392,-4.64069,-4.6382,-4.64853
1746178005837,-4.51269,-4.51165,-4.5129,-4.51515,-4.51658,-4.52296
1746178005849,-4.39081,-4.39052,-4.39244,-4.38812,-4.395,-4.39859
1746178005861,-4.26858,-4.26895,-4.27076,-4.25949,-4.27223,-4.27268
1746178005876,-4.14705,-4.1469,-4.14917,-4.13532,-4.15012,-4.14968
1746178005887,-3.98533,-3.98395,-3.98695,-3.97682,-3.98797,-3.98937
1746178005901,-3.86359,-3.86169,-3.86457,-3.85769,-3.86615,-3.87573
1746178005914,-3.74184,-3.7402,-3.74255,-3.72997,-3.74418,-3.757
1746178005930,-3.61952,-3.61851,-3.62117,-3.61107,-3.62371,-3.63905
1746178005941,-3.45706,-3.45688,-3.45847,-3.45634,-3.4633,-3.47029
1746178005953,-3.33566,-3.33491,-3.33692,-3.3395,-3.34218,-3.34537
1746178005965,-3.2144,-3.21358,-3.21533,-3.21705,-3.22099,-3.21828
1746178005977,-3.09283,-3.09141,-3.09313,-3.09792,-3.09918,-3.09166
1746178005989,-2.97134,-2.96948,-2.97128,-2.97409,-2.97629,-2.96616
1746178006001,-2.84894,-2.84738,-2.84947,-2.85015,-2.8536,-2.84263
1746178006015,-2.7271,-2.72593,-2.72736,-2.7309,-2.73238,-2.72366
1746178006028,-2.56495,-2.56398,-2.5667,-2.56577,-2.56908,-2.56347
1746178006043,-2.44369,-2.44273,-2.44524,-2.43622,-2.44758,-2.4409
1746178006055,-2.32194,-2.3212,-2.32409,-2.31411,-2.32628,-2.32164
1746178006067,-2.2001,-2.19959,-2.20219,-2.19463,-2.20437,-2.19833
1746178006079,-2.07778,-2.07778,-2.08043,-2.0731,-2.08292,-2.07602
1746178006091,-1.95595,-1.95577,-1.95801,-1.95305,-1.96124,-1.94942
1746178006103,-1.83442,-1.83379,-1.83616,-1.83243,-1.83872,-1.82325
1746178006115,-1.71311,-1.71174,-1.71352,-1.71398,-1.71609,-1.69888
1746178006127,-1.59181,-1.59029,-1.59206,-1.59622,-1.59464,-1.57912
1746178006139,-1.47001,-1.46852,-1.47064,-1.48075,-1.47283,-1.46265
1746178006153,-1.34787,-1.34727,-1.34944,-1.36414,-1.35146,-1.34735
1746178006167,-1.18554,-1.1848,-1.1867,-1.19614,-1.19022,-1.19056
1746178006182,-1.02334,-1.02289,-1.02504,-1.02802,-1.02704,-1.02867
1746178006194,-0.90208,-0.900719,-0.90319,-0.90683,-0.906007,-0.905586
1746178006206,-0.779982,-0.778826,-0.780858,-0.782318,-0.784269,-0.784874
1746178006218,-0.658674,-0.657014,-0.659528,-0.651055,-0.661112,-0.66065
1746178006230,-0.536092,-0.535403,-0.537545,-0.527001,-0.538411,-0.537481
1746178006242,-0.414564,-0.413711,-0.416173,-0.401917,-0.416963,-0.415266
1746178006254,-0.29251,-0.29226,-0.294451,-0.28038,-0.294644,-0.296022
1746178006268,-0.171641,-0.170689,-0.17286,-0.164452,-0.173196,-0.177843
1746178006282,-0.00909155,-0.00854043,-0.0100272,-0.00286113,-0.0126134,-0.0239147
1746178006296,0.112304,0.113312,0.11152,0.119362,0.10949,0.0966255
1746178006308,0.234754,0.235043,0.233416,0.236778,0.230781,0.21704
1746178006322,0.356458,0.356855,0.355399,0.348587,0.350604,0.339962
1746178006333,0.478337,0.478587,0.477033,0.465546,0.472591,0.467071
1746178006347,0.640271,0.640615,0.638123,0.630798,0.636225,0.633304
1746178006361,0.76193,0.762467,0.759321,0.753021,0.757201,0.758024
1746178006376,0.924304,0.924977,0.922285,0.918846,0.920412,0.9217
1746178006390,1.04614,1.04659,1.04453,1.04164,1.04189,1.04121
1746178006402,1.16811,1.16872,1.16664,1.16398,1.16201,1.16001
1746178006414,1.28946,1.29013,1.2888,1.29158,1.28457,1.28127
1746178006426,1.41121,1.41206,1.41017,1.41838,1.40701,1.40506
1746178006439,1.53278,1.53331,1.53211,1.53843,1.52716,1.52677
1746178006451,1.69506,1.69614,1.69359,1.69327,1.69038,1.6922
1746178006467,1.81716,1.81768,1.81505,1.82053,1.81351,1.81985
1746178006479,1.93895,1.93969,1.9366,1.94057,1.93466,1.94568
1746178006491,2.06066,2.06106,2.05828,2.06051,2.05713,2.07042
1746178006503,2.18205,2.18315,2.17961,2.17918,2.1791,2.19036
1746178006515,2.30362,2.30476,2.30146,2.29454,2.29859,2.30928
1746178006528,2.42533,2.42674,2.42327,2.41207,2.41982,2.42879
1746178006544,2.5881,2.58836,2.58623,2.58305,2.58327,2.58945
1746178006558,2.74981,2.75067,2.74854,2.74807,2.7451,2.75277
1746178006570,2.87217,2.8724,2.87031,2.86892,2.86796,2.87588
1746178006583,2.99304,2.99402,2.99186,2.99538,2.99091,3.00003
1746178006595,3.11527,3.11579,3.1134,3.12664,3.11287,3.12266
1746178006607,3.23667,3.23752,3.23539,3.25253,3.23537,3.24519
1746178006619,3.35881,3.35945,3.3572,3.37463,3.35733,3.36615
1746178006631,3.48051,3.48114,3.4787,3.49606,3.47692,3.48527
1746178006644,3.60222,3.60332,3.60007,3.6129,3.59877,3.60269
1746178006660,3.76428,3.76542,3.76225,3.77403,3.76091,3.76125
1746178006672,3.88594,3.88695,3.88402,3.895,3.88153,3.87887
1746178006684,4.00756,4.00861,4.00596,4.01356,4.00396,3.99878
1746178006697,4.129,4.13002,4.12807,4.12514,4.12609,4.12085
1746178006711,4.29159,4.29277,4.29068,4.28467,4.28739,4.28291
1746178006726,4.41312,4.41414,4.41245,4.40975,4.41023,4.40669
1746178006738,4.57536,4.57697,4.57376,4.57191,4.57152,4.56936
1746178006750,4.69724,4.6983,4.69557,4.69345,4.69204,4.68946
1746178006762,4.81899,4.82047,4.81698,4.81682,4.81456,4.81001
1746178006774,4.94108,4.9418,4.93883,4.93744,4.93589,4.93009
1746178006787,5.06261,5.06382,5.06012,5.06607,5.05653,5.04919
1746178006799,5.18449,5.18487,5.18206,5.18887,5.17967,5.17015
1746178006813,5.30593,5.30676,5.30369,5.30914,5.30216,5.29292
1746178006826,5.46848,5.46867,5.46696,5.46364,5.46343,5.45723
1746178006842,5.58953,5.59068,5.5886,5.58907,5.58603,5.58341
1746178006854,5.71167,5.71237,5.71023,5.71289,5.70825,5.70807
1746178006866,5.83311,5.83406,5.83195,5.82996,5.82752,5.83108
1746178006879,5.99574,5.99669,5.99343,5.98732,5.99025,5.99313
1746178006891,6.11705,6.11838,6.11546,6.1068,6.11163,6.11443
1746178006905,6.23906,6.24064,6.2367,6.23028,6.23249,6.23604
1746178006918,6.36064,6.36193,6.35864,6.3541,6.35558,6.35814
1746178006933,6.52332,6.52391,6.52113,6.52336,6.5201,6.52525
1746178006948,6.68551,6.68666,6.68357,6.68175,6.68124,6.68817
1746178006960,6.80722,6.80751,6.80538,6.81175,6.80444,6.81211
1746178006972,6.92874,6.92989,6.92714,6.93775,6.92582,6.93658
1746178006984,7.05027,7.05118,7.04917,7.06203,7.04628,7.05939
1746178006996,7.17233,7.17363,7.17041,7.18082,7.16887,7.18077
1746178007008,7.29394,7.29488,7.29226,7.30007,7.29009,7.29898
1746178007021,7.41591,7.41701,7.41394,7.41875,7.41041,7.4196
1746178007033,7.53748,7.53883,7.53544,7.54166,7.53343,7.53937
1746178007046,7.65927,7.66016,7.65708,7.65987,7.65571,7.65832
1746178007058,7.7808,7.78145,7.77871,7.78015,7.77674,7.77799
1746178007070,7.90268,7.9031,7.89982,7.89562,7.89862,7.89886
1746178007082,8.02421,8.02479,8.0215,8.01189,8.02036,8.02094
1746178007098,8.14653,8.14652,8.14331,8.13881,8.14061,8.14177
1746178007110,8.30872,8.30875,8.3061,8.30258,8.30381,8.30435
1746178007122,8.43025,8.43072,8.42821,8.42331,8.42514,8.42293
1746178007135,8.55169,8.55274,8.5498,8.54748,8.54553,8.54333
1746178007149,8.71402,8.71517,8.71198,8.71559,8.70977,8.70675
1746178007165,8.83594,8.83722,8.8334,8.83884,8.83214,8.82473
1746178007178,8.99796,8.99917,8.99562,9.00524,8.99447,8.98424
1746178007190,9.11998,9.12078,9.11691,9.12243,9.11667,9.10797
1746178007202,9.24159,9.24231,9.23841,9.23882,9.23729,9.22738
1746178007214,9.36338,9.36408,9.35996,9.36607,9.35803,9.35059
1746178007226,9.48491,9.48549,9.48138,9.4883,9.48,9.47481
1746178007238,9.60653,9.6075,9.60271,9.608,9.60093,9.59764
1746178007252,9.72467,9.72611,9.72255,9.72164,9.72148,9.71914
1746178007266,9.85191,9.84904,9.86045,9.87373,9.87448,9.87009
1746178007280,9.90417,9.89315,9.9176,9.95693,9.9558,9.95211
1746178007292,9.91775,9.90281,9.92776,9.98142,9.97828,9.97258
1746178007305,9.88274,9.87334,9.89737,9.97032,9.93554,9.92848
1746178007319,9.81168,9.81496,9.82779,9.88712,9.84287,9.83729
1746178007333,9.66828,9.68513,9.69086,9.74201,9.6874,9.6798
1746178007345,9.54873,9.56492,9.56879,9.62128,9.56547,9.55929
1746178007357,9.4265,9.44235,9.44192,9.49791,9.44269,9.43798
1746178007369,9.3055,9.31344,9.3185,9.37328,9.32041,9.318
1746178007381,9.18524,9.17667,9.18706,9.25129,9.19812,9.19675
1746178007393,9.06674,9.04776,9.04707,9.13353,9.07528,9.07455
1746178007405,8.9446,8.92334,8.92103,8.9994,8.95218,8.95284
1746178007418,8.82114,8.80927,8.81369,8.86894,8.82975,8.83139
1746178007432,8.6564,8.65618,8.66237,8.69762,8.66508,8.66299
1746178007446,8.53518,8.54159,8.53712,8.57197,8.54213,8.54075
1746178007458,8.41396,8.42387,8.42311,8.43979,8.41831,8.41702
1746178007470,8.29238,8.30494,8.30776,8.3091,8.29572,8.2976
1746178007482,8.1731,8.1806,8.1822,8.17909,8.17345,8.177
1746178007494,8.05016,8.0553,8.0535,8.05115,8.05094,8.05799
1746178007506,7.92684,7.92335,7.93086,7.93179,7.92871,7.93502
1746178007518,7.80447,7.79123,7.79467,7.80705,7.80708,7.81423
1746178007531,7.68299,7.66585,7.66362,7.68059,7.6852,7.69561
1746178007543,7.56107,7.54913,7.5511,7.5626,7.56275,7.57309
1746178007555,7.44081,7.4343,7.44058,7.44324,7.44171,7.44972
1746178007567,7.31832,7.31621,7.31912,7.32594,7.32036,7.32628
1746178007579,7.19785,7.19889,7.19801,7.20463,7.19693,7.20087
1746178007591,7.07381,7.07989,7.0833,7.08092,7.07618,7.07944
1746178007603,6.95158,6.95868,6.96184,6.95698,6.95435,6.95834
1746178007617,6.78965,6.7936,6.79356,6.78944,6.79082,6.79817
1746178007629,6.66799,6.66593,6.67093,6.675,6.67113,6.67507
1746178007642,6.54703,6.53662,6.54123,6.54511,6.5492,6.5514
1746178007654,6.42643,6.41116,6.40987,6.41773,6.42633,6.42849
1746178007666,6.30275,6.29011,6.29168,6.29574,6.30477,6.30699
1746178007678,6.18083,6.17315,6.17759,6.17535,6.18307,6.18249
1746178007693,6.05842,6.05603,6.05905,6.05576,6.06056,6.05774
1746178007707,5.89749,5.89805,5.89935,5.89405,5.89877,5.89347
1746178007721,5.77592,5.77853,5.78142,5.77412,5.77743,5.77117
1746178007734,5.65457,5.65704,5.66079,5.65166,5.65538,5.64939
1746178007746,5.49185,5.49256,5.495,5.49683,5.49429,5.48928
1746178007759,5.36896,5.36494,5.3707,5.37975,5.37389,5.36932
1746178007771,5.24686,5.23867,5.24174,5.25478,5.25046,5.24562
1746178007783,5.12599,5.11466,5.11566,5.13039,5.12793,5.12539
1746178007797,5.00385,4.99421,4.99695,5.00553,5.00617,5.00365
1746178007812,4.88329,4.87597,4.88042,4.88457,4.88323,4.87751
1746178007824,4.72008,4.71807,4.72124,4.71714,4.72096,4.71473
1746178007839,4.59877,4.59846,4.60153,4.58954,4.599,4.59277
1746178007851,4.43547,4.43783,4.44183,4.42188,4.43592,4.4317
1746178007863,4.31465,4.31554,4.31928,4.29703,4.31482,4.31179
1746178007876,4.19303,4.19157,4.19578,4.18133,4.19478,4.1942
1746178007888,4.07133,4.06454,4.06978,4.05819,4.07162,4.07259
1746178007902,3.94976,3.94056,3.94318,3.93551,3.95001,3.95278
1746178007914,3.82696,3.81787,3.82167,3.81729,3.828,3.83359
1746178007926,3.70512,3.69874,3.70283,3.70205,3.70594,3.71102
1746178007938,3.58351,3.57974,3.58398,3.58669,3.58499,3.58937
1746178007950,3.46237,3.46057,3.46457,3.46699,3.464,3.46788
1746178007963,3.34093,3.34024,3.34455,3.34442,3.34254,3.34727
1746178007977,3.21958,3.21964,3.22375,3.22449,3.22113,3.22668
1746178007992,3.05712,3.05588,3.06056,3.05981,3.05993,3.06868
1746178008004,2.89396,2.88956,2.89437,2.90131,2.89731,2.90726
1746178008016,2.77252,2.76531,2.76947,2.77702,2.77572,2.78438
1746178008028,2.65077,2.64305,2.64775,2.65057,2.65298,2.66196
1746178008040,2.52955,2.52301,2.52747,2.52594,2.53024,2.54049
1746178008054,2.40771,2.40348,2.40853,2.40795,2.40937,2.41926
1746178008066,2.28601,2.28359,2.28891,2.28882,2.28789,2.29293
1746178008079,2.16413,2.1629,2.16758,2.16236,2.16654,2.16946
1746178008091,2.04243,2.04137,2.04594,2.04185,2.04496,2.04726
1746178008104,1.92086,1.91864,1.92392,1.92192,1.92428,1.92479
1746178008116,1.79924,1.79494,1.79971,1.80004,1.80254,1.80332
1746178008128,1.67776,1.67137,1.67559,1.68617,1.68051,1.68382
1746178008142,1.55562,1.54899,1.55295,1.56498,1.55888,1.56007
1746178008156,1.39311,1.38773,1.39099,1.39801,1.39532,1.39442
1746178008168,1.27167,1.26764,1.27128,1.27602,1.27356,1.27306
1746178008180,1.14997,1.14727,1.15099,1.1554,1.1525,1.14925
1746178008194,0.98812,0.985682,0.990601,0.991516,0.990362,0.983199
1746178008206,0.866285,0.86387,0.868182,0.863113,0.868142,0.860822
1746178008218,0.744362,0.740815,0.744673,0.737686,0.746735,0.740109
1746178008230,0.622659,0.617961,0.621251,0.613861,0.625179,0.62002
1746178008242,0.50056,0.495227,0.498221,0.49221,0.502255,0.498221
1746178008254,0.379121,0.373696,0.376805,0.371246,0.379977,0.378525
1746178008266,0.257373,0.253167,0.255825,0.247764,0.25818,0.257082
1746178008279,0.136153,0.132558,0.134931,0.125198,0.135654,0.138063
1746178008293,0.0139666,0.0115878,0.0138637,0.00434865,0.0145787,0.0174749
1746178008305,-0.107341,-0.110064,-0.107596,-0.105972,-0.106198,-0.105357
1746178008318,-0.270462,-0.273295,-0.271127,-0.264702,-0.268364,-0.270684
1746178008331,-0.39155,-0.396189,-0.39359,-0.390129,-0.389572,-0.39217
1746178008343,-0.513824,-0.518603,-0.516096,-0.509262,-0.510456,-0.511586
1746178008355,-0.634957,-0.640655,-0.638166,-0.632172,-0.633273,-0.631016
1746178008367,-0.756968,-0.762066,-0.759321,-0.755081,-0.754962,-0.749757
1746178008379,-0.878451,-0.882876,-0.880083,-0.873985,-0.876957,-0.870342
1746178008391,-1.00042,-1.00377,-1.00085,-1.00044,-0.999699,-0.995264
1746178008407,-1.1219,-1.12542,-1.12235,-1.12564,-1.12063,-1.11398
1746178008420,-1.28454,-1.28757,-1.2844,-1.29055,-1.28317,-1.27528
1746178008433,-1.40593,-1.41034,-1.40699,-1.40785,-1.40492,-1.39867
1746178008445,-1.52812,-1.53235,-1.52945,-1.53122,-1.52565,-1.52394
1746178008457,-1.64961,-1.65477,-1.65126,-1.65733,-1.6471,-1.64733
1746178008469,-1.77157,-1.77594,-1.77272,-1.77567,-1.76853,-1.7691
1746178008481,-1.89332,-1.89743,-1.89423,-1.89571,-1.89041,-1.88718
1746178008493,-2.01489,-2.01824,-2.01556,-2.0137,-2.0128,-2.00643
1746178008505,-2.13637,-2.13989,-2.13702,-2.13158,-2.13472,-2.12655
1746178008520,-2.29857,-2.30224,-2.29937,-2.295,-2.29663,-2.29122
1746178008538,-2.4205,-2.42421,-2.42113,-2.41894,-2.41886,-2.41439
1746178008550,-2.58282,-2.58688,-2.58353,-2.58259,-2.58138,-2.57962
1746178008562,-2.70448,-2.70893,-2.70547,-2.70035,-2.70157,-2.70487
1746178008574,-2.82623,-2.8305,-2.82732,-2.83093,-2.82341,-2.82878
1746178008586,-2.94785,-2.95187,-2.94865,-2.9583,-2.94569,-2.95227
1746178008598,-3.06959,-3.07345,-3.0702,-3.08189,-3.06796,-3.0762
1746178008610,-3.19139,-3.19502,-3.19148,-3.20503,-3.19046,-3.1966
1746178008622,-3.31305,-3.31691,-3.31316,-3.32417,-3.31261,-3.3164
1746178008635,-3.43506,-3.43852,-3.43549,-3.44559,-3.43412,-3.43873
1746178008652,-3.5973,-3.60127,-3.59868,-3.605,-3.59641,-3.59603
1746178008664,-3.71865,-3.72328,-3.72031,-3.72334,-3.7179,-3.71484
1746178008676,-3.84053,-3.84493,-3.84203,-3.8419,-3.83934,-3.8395
1746178008689,-3.96228,-3.96655,-3.96336,-3.9513,-3.95998,-3.9651
1746178008704,-4.12469,-4.12857,-4.12506,-4.11655,-4.12295,-4.13112
1746178008716,-4.24622,-4.25051,-4.24639,-4.24015,-4.24482,-4.25273
1746178008728,-4.36814,-4.37184,-4.3682,-4.36077,-4.36721,-4.37184
1746178008742,-4.52999,-4.53447,-4.53169,-4.52019,-4.52982,-4.53106
1746178008754,-4.65187,-4.65592,-4.65363,-4.64504,-4.65085,-4.65243
1746178008767,-4.77384,-4.77789,-4.77543,-4.76967,-4.77247,-4.77121
1746178008779,-4.8955,-4.89954,-4.89737,-4.89521,-4.89415,-4.89219
1746178008791,-5.01724,-5.02111,-5.01879,-5.02316,-5.01541,-5.00795
1746178008804,-5.13877,-5.14276,-5.14021,-5.14183,-5.13646,-5.1303
1746178008819,-5.26043,-5.26421,-5.26193,-5.26211,-5.25749,-5.25621
1746178008831,-5.42258,-5.42689,-5.42319,-5.43137,-5.42102,-5.42007
1746178008843,-5.54433,-5.54846,-5.54504,-5.55164,-5.54364,-5.54503
1746178008855,-5.66595,-5.67051,-5.66681,-5.66917,-5.66561,-5.66429
1746178008867,-5.78796,-5.79228,-5.78849,-5.78533,-5.78654,-5.78334
1746178008879,-5.90922,-5.91433,-5.9103,-5.90378,-5.90777,-5.90091
1746178008891,-6.03119,-6.03562,-6.03184,-6.02795,-6.02902,-6.02423
1746178008903,-6.1525,-6.15736,-6.15322,-6.15006,-6.15052,-6.14146
1746178008915,-6.27464,-6.27877,-6.27472,-6.27422,-6.27203,-6.26617
1746178008927,-6.39599,-6.4007,-6.39653,-6.39748,-6.39308,-6.3871
1746178008939,-6.51818,-6.52239,-6.51851,-6.5189,-6.51586,-6.51543
1746178008951,-6.6394,-6.64444,-6.64032,-6.64799,-6.63833,-6.64009
1746178008964,-6.76158,-6.76617,-6.76209,-6.7749,-6.75998,-6.76361
1746178008976,-6.88302,-6.88827,-6.88402,-6.89678,-6.88285,-6.88377
1746178008988,-7.0049,-7.00972,-7.00596,-7.0166,-7.00398,-7.00546
1746178009002,-7.12669,-7.13145,-7.12769,-7.1386,-7.12521,-7.1263
1746178009016,-7.28911,-7.29336,-7.29039,-7.29858,-7.28786,-7.28844
1746178009028,-7.41038,-7.41501,-7.41202,-7.41497,-7.40815,-7.40818
1746178009040,-7.53234,-7.53662,-7.53353,-7.53559,-7.52921,-7.528
1746178009053,-7.65431,-7.65843,-7.65538,-7.64729,-7.65101,-7.65078
1746178009065,-7.77597,-7.78036,-7.77741,-7.76367,-7.77236,-7.77805
1746178009077,-7.89758,-7.90218,-7.8993,-7.88796,-7.89448,-7.90581
1746178009090,-8.0192,-8.02423,-8.02098,-8.00995,-8.01697,-8.02852
1746178009106,-8.14099,-8.1458,-8.1427,-8.13286,-8.13813,-8.148
1746178009121,-8.30306,-8.30811,-8.30414,-8.2925,-8.29996,-8.30608
1746178009137,-8.46539,-8.47026,-8.46749,-8.46519,-8.4636,-8.47054
1746178009151,-8.62772,-8.63253,-8.62924,-8.63251,-8.62573,-8.62862
1746178009165,-8.74916,-8.75398,-8.751,-8.75896,-8.74668,-8.74515
1746178009177,-8.91206,-8.91613,-8.91353,-8.92227,-8.90997,-8.90863
1746178009189,-9.03323,-9.0383,-9.03517,-9.04198,-9.03256,-9.03516
1746178009201,-9.15546,-9.15975,-9.15732,-9.16569,-9.15464,-9.1605
1746178009213,-9.27668,-9.28184,-9.27913,-9.28677,-9.27652,-9.28151
1746178009225,-9.35833,-9.363,-9.3597,-9.36779,-9.35736,-9.36294
1746178009239,-9.47977,-9.48473,-9.48172,-9.48154,-9.47792,-9.48158
1746178009253,-9.64153,-9.64447,-9.64364,-9.6389,-9.64006,-9.63771
1746178009267,-9.79222,-9.78329,-9.79305,-9.80038,-9.79877,-9.79445
1746178009279,-9.88257,-9.85622,-9.87052,-9.902,-9.90114,-9.89607
1746178009291,-9.93777,-9.90065,-9.90923,-9.97101,-9.96877,-9.96348
1746178009303,-9.94616,-9.90566,-9.91477,-9.98463,-9.97878,-9.9701
1746178009315,-9.90149,-9.87278,-9.88791,-9.97673,-9.94125,-9.93999
1746178009328,-9.82358,-9.81099,-9.82605,-9.90681,-9.85392,-9.86256
1746178009340,-9.71813,-9.71909,-9.73236,-9.80083,-9.74016,-9.75055
1746178009352,-9.60003,-9.60361,-9.60571,-9.68319,-9.62004,-9.63122
1746178009364,-9.47788,-9.47972,-9.47859,-9.56165,-9.49846,-9.50759
1746178009376,-9.35684,-9.35526,-9.35752,-9.43943,-9.37702,-9.38339
1746178009388,-9.23601,-9.23208,-9.23279,-9.30771,-9.25343,-9.26043
1746178009401,-9.11475,-9.11107,-9.10985,-9.18114,-9.13068,-9.13837
1746178009413,-8.99309,-8.99279,-8.99397,-9.05811,-9.00865,-9.0202
1746178009425,-8.8706,-8.87467,-8.87556,-8.93852,-8.88534,-8.90092
1746178009439,-8.74903,-8.7551,-8.75628,-8.80543,-8.76053,-8.78028
1746178009455,-8.58687,-8.59259,-8.59515,-8.63571,-8.5967,-8.6155
1746178009467,-8.4248,-8.42715,-8.42769,-8.46474,-8.43279,-8.44649
1746178009479,-8.34373,-8.34307,-8.34433,-8.38165,-8.35074,-8.36262
1746178009491,-8.22136,-8.2195,-8.22004,-8.2552,-8.22985,-8.23538
1746178009505,-8.05763,-8.05599,-8.05612,-8.07953,-8.06526,-8.0632
1746178009518,-7.93571,-7.93498,-7.93592,-7.94472,-7.94232,-7.94017
1746178009530,-7.81466,-7.81529,-7.81647,-7.81986,-7.82082,-7.81968
1746178009544,-7.69379,-7.69548,-7.69675,-7.7013,-7.69785,-7.7025
1746178009556,-7.53125,-7.53422,-7.53606,-7.53159,-7.53376,-7.54208
1746178009568,-7.40893,-7.41156,-7.41285,-7.40593,-7.41194,-7.42102
1746178009580,-7.28635,-7.2877,-7.28895,-7.28577,-7.28965,-7.29587
1746178009592,-7.16447,-7.16357,-7.16487,-7.16663,-7.16817,-7.16916
1746178009604,-7.0833,-7.08181,-7.08309,-7.08595,-7.08822,-7.08632
1746178009616,-6.96239,-6.95904,-6.96067,-6.96991,-6.96663,-6.95795
1746178009630,-6.79971,-6.79773,-6.7984,-6.80317,-6.80316,-6.78736
1746178009643,-6.67783,-6.67744,-6.67821,-6.68037,-6.68214,-6.66609
1746178009656,-6.55533,-6.55739,-6.55792,-6.55884,-6.55975,-6.54793
1746178009669,-6.39358,-6.39545,-6.39692,-6.39896,-6.39638,-6.39181
1746178009681,-6.27187,-6.27271,-6.27424,-6.26747,-6.27426,-6.27222
1746178009693,-6.15078,-6.14946,-6.15112,-6.14376,-6.15152,-6.15367
1746178009705,-6.02838,-6.02664,-6.02801,-6.02119,-6.02966,-6.03023
1746178009717,-5.90667,-5.90423,-5.90563,-5.90309,-5.90991,-5.90756
1746178009730,-5.78414,-5.78278,-5.78413,-5.78339,-5.78806,-5.78401
1746178009742,-5.66261,-5.66149,-5.66389,-5.66208,-5.66662,-5.66073
1746178009754,-5.54099,-5.54092,-5.54352,-5.53997,-5.54585,-5.53649
1746178009766,-5.42034,-5.41967,-5.42258,-5.41889,-5.42396,-5.41536
1746178009778,-5.29811,-5.29814,-5.30086,-5.30434,-5.30188,-5.29655
1746178009792,-5.17606,-5.17576,-5.17848,-5.19264,-5.18074,-5.18559
1746178009805,-5.05348,-5.05351,-5.05554,-5.06905,-5.05874,-5.07003
1746178009817,-4.93186,-4.93118,-4.93295,-4.94305,-4.93629,-4.95227
1746178009830,-4.7701,-4.76835,-4.76933,-4.77963,-4.77491,-4.78812
1746178009844,-4.64871,-4.64718,-4.64818,-4.65591,-4.6527,-4.66371
1746178009859,-4.52731,-4.52585,-4.52706,-4.52923,-4.53081,-4.53758
1746178009871,-4.36441,-4.36458,-4.3668,-4.35997,-4.36881,-4.37073
1746178009883,-4.24262,-4.24293,-4.24534,-4.23283,-4.24588,-4.24569
1746178009895,-4.12078,-4.12055,-4.12336,-4.10923,-4.12361,-4.12388
1746178009907,-3.99961,-3.99838,-4.00103,-3.98987,-4.00198,-4.00371
1746178009919,-3.87804,-3.87613,-3.87905,-3.87314,-3.88041,-3.8898
1746178009932,-3.75638,-3.75464,-3.75671,-3.74416,-3.75848,-3.77104
1746178009944,-3.63393,-3.63295,-3.6353,-3.62503,-3.63786,-3.654
1746178009956,-3.51249,-3.51158,-3.51406,-3.50716,-3.51806,-3.52794
1746178009968,-3.39021,-3.39032,-3.39255,-3.39272,-3.39679,-3.40193
1746178009980,-3.26948,-3.26879,-3.27118,-3.27347,-3.27537,-3.27562
1746178009992,-3.14738,-3.1469,-3.1495,-3.15147,-3.15467,-3.14943
1746178010005,-3.02646,-3.02465,-3.02717,-3.02891,-3.03221,-3.02146
1746178010017,-2.90393,-2.90268,-2.90506,-2.90543,-2.90889,-2.89825
1746178010029,-2.78222,-2.78086,-2.78364,-2.78458,-2.78708,-2.77717
1746178010044,-2.61963,-2.6188,-2.62081,-2.62413,-2.62453,-2.61832
1746178010062,-2.458,-2.45697,-2.46007,-2.45178,-2.46204,-2.45483
1746178010074,-2.33634,-2.3356,-2.339,-2.32842,-2.34085,-2.33582
1746178010087,-2.21446,-2.21411,-2.21684,-2.20825,-2.21863,-2.21344
1746178010100,-2.05174,-2.0516,-2.05405,-2.04712,-2.05688,-2.04871
1746178010113,-1.9299,-1.9293,-1.93137,-1.92719,-1.93521,-1.92263
1746178010125,-1.80842,-1.80749,-1.80917,-1.80656,-1.8121,-1.79603
1746178010137,-1.68707,-1.68552,-1.68701,-1.68835,-1.68975,-1.67318
1746178010149,-1.56554,-1.56403,-1.56533,-1.57059,-1.56844,-1.55449
1746178010161,-1.44406,-1.44218,-1.44374,-1.45649,-1.44672,-1.43763
1746178010175,-1.32187,-1.32129,-1.32263,-1.3377,-1.32547,-1.32329
1746178010189,-1.19999,-1.19935,-1.20113,-1.21101,-1.20476,-1.20512
1746178010202,-1.03779,-1.03733,-1.03895,-1.04301,-1.04159,-1.04362
1746178010214,-0.916267,-0.915073,-0.917358,-0.921478,-0.920271,-0.920874
1746178010227,-0.794388,-0.793261,-0.795027,-0.797196,-0.798814,-0.799565
1746178010241,-0.672948,-0.671289,-0.673523,-0.665817,-0.67545,-0.675107
1746178010253,-0.509828,-0.5091,-0.510908,-0.500565,-0.512015,-0.510722
1746178010266,-0.388607,-0.387569,-0.389317,-0.37468,-0.390376,-0.389623
1746178010278,-0.266421,-0.266038,-0.26777,-0.255776,-0.268447,-0.271069
1746178010291,-0.145552,-0.144466,-0.14631,-0.139504,-0.147173,-0.152462
1746178010305,-0.0234096,-0.0230552,-0.0243268,-0.0180818,-0.0271176,-0.0376015
1746178010319,0.0978985,0.0988369,0.0970895,0.105743,0.0949693,0.0821293
1746178010333,0.260931,0.261226,0.259356,0.260353,0.256704,0.243933
1746178010345,0.382415,0.382958,0.381077,0.373192,0.377133,0.366954
1746178010357,0.504469,0.504609,0.502537,0.491867,0.499112,0.494387
1746178010371,0.666448,0.666918,0.664106,0.657806,0.662596,0.661325
1746178010383,0.788019,0.78861,0.785828,0.779343,0.783589,0.785274
1746178010395,0.909942,0.910542,0.907854,0.904198,0.905949,0.90806
1746178010407,1.03187,1.03223,1.03001,1.02791,1.02796,1.0285
1746178010419,1.15352,1.15417,1.15191,1.14853,1.14763,1.14612
1746178010431,1.2751,1.27578,1.27385,1.27602,1.27018,1.268
1746178010443,1.39671,1.39759,1.39561,1.40362,1.39254,1.39016
1746178010457,1.51811,1.519,1.51729,1.52493,1.51312,1.51302
1746178010470,1.64025,1.64089,1.63892,1.63937,1.63459,1.63614
1746178010483,1.762,1.76254,1.7606,1.7625,1.75789,1.76168
1746178010497,1.9245,1.92537,1.92274,1.92661,1.92038,1.93066
1746178010514,2.08688,2.08732,2.08409,2.08603,2.08359,2.09667
1746178010526,2.2081,2.20925,2.20572,2.20356,2.20475,2.2169
1746178010538,2.32993,2.33079,2.3274,2.31983,2.32444,2.33484
1746178010551,2.492,2.49313,2.49093,2.48096,2.48744,2.49408
1746178010567,2.61423,2.61443,2.61274,2.60983,2.60936,2.61632
1746178010579,2.73536,2.73628,2.73403,2.73331,2.73049,2.73918
1746178010591,2.85746,2.85777,2.85592,2.85496,2.85322,2.86126
1746178010604,3.01935,3.02004,3.01736,3.02296,3.01685,3.02637
1746178010616,3.14136,3.14185,3.13917,3.15502,3.13921,3.14885
1746178010629,3.26271,3.26366,3.26115,3.27702,3.26149,3.2711
1746178010641,3.38507,3.38555,3.38283,3.4005,3.38316,3.39197
1746178010653,3.50669,3.50732,3.50464,3.52158,3.50305,3.50986
1746178010667,3.62835,3.62934,3.62601,3.63922,3.62509,3.62816
1746178010681,3.7497,3.75103,3.74791,3.75961,3.7466,3.74645
1746178010693,3.91212,3.91294,3.91087,3.92063,3.9078,3.90378
1746178010705,4.03369,4.03491,4.03307,4.03759,4.03045,4.02498
1746178010718,4.15535,4.15612,4.15462,4.14951,4.15221,4.14625
1746178010730,4.2771,4.27821,4.2763,4.26968,4.2729,4.26824
1746178010743,4.39884,4.39986,4.39811,4.39545,4.39573,4.39167
1746178010757,4.52064,4.52184,4.51983,4.51721,4.51753,4.51429
1746178010770,4.68279,4.6839,4.6814,4.6788,4.67745,4.67538
1746178010782,4.80454,4.80596,4.8029,4.80205,4.79996,4.79555
1746178010794,4.92655,4.92745,4.92449,4.92348,4.92141,4.91585
1746178010806,5.04838,5.04934,5.04569,5.05074,5.04202,5.035
1746178010818,5.16978,5.17043,5.16763,5.1741,5.16513,5.15547
1746178010831,5.2917,5.29216,5.28909,5.2953,5.28776,5.27872
1746178010843,5.41323,5.41389,5.4109,5.41157,5.4085,5.40068
1746178010856,5.53502,5.53575,5.53284,5.5299,5.53026,5.52711
1746178010873,5.69713,5.69793,5.69611,5.6987,5.69375,5.69356
1746178010885,5.81892,5.81963,5.81783,5.81566,5.81295,5.81603
1746178010899,5.98121,5.9823,5.97966,5.97359,5.97566,5.9786
1746178010911,6.10278,6.10387,6.10151,6.09272,6.09747,6.1001
1746178010924,6.2247,6.22604,6.22288,6.2154,6.21788,6.22119
1746178010936,6.34623,6.34745,6.34456,6.33934,6.34091,6.34364
1746178010948,6.46833,6.46942,6.4655,6.46706,6.4644,6.46787
1746178010960,6.58994,6.59063,6.58761,6.58905,6.58596,6.59137
1746178010972,6.71169,6.71281,6.70898,6.70818,6.70744,6.71446
1746178010984,6.83335,6.83394,6.83097,6.84082,6.83076,6.8392
1746178010996,6.95488,6.95619,6.95265,6.96453,6.95118,6.96334
1746178011010,7.07676,7.07748,7.07476,7.08881,7.07231,7.08523
1746178011025,7.23895,7.24003,7.23729,7.24468,7.23533,7.24649
1746178011038,7.36083,7.36148,7.35923,7.36656,7.35535,7.3641
1746178011050,7.48249,7.48377,7.48095,7.48535,7.4776,7.48468
1746178011063,7.60437,7.60499,7.60263,7.60689,7.60078,7.60486
1746178011075,7.76609,7.76725,7.76441,7.76642,7.76248,7.76412
1746178011088,7.8884,7.88862,7.88548,7.88258,7.88427,7.88535
1746178011100,8.00967,8.01052,8.00716,7.99713,8.00582,8.00576
1746178011112,8.13199,8.13205,8.12892,8.12359,8.12638,8.12722
1746178011125,8.25351,8.25402,8.25056,8.24821,8.24845,8.2496
1746178011140,8.37566,8.37575,8.37237,8.36964,8.36997,8.36894
1746178011153,8.53711,8.53814,8.5352,8.53306,8.53141,8.52987
1746178011167,8.65925,8.66003,8.6571,8.65631,8.65366,8.65066
1746178011181,8.82167,8.8227,8.81936,8.82374,8.81725,8.81072
1746178011193,8.94328,8.94403,8.9413,8.94894,8.93937,8.92979
1746178011205,9.06494,9.06633,9.06281,9.07093,9.06146,9.05168
1746178011217,9.1866,9.18718,9.18409,9.18434,9.18239,9.17411
1746178011229,9.30822,9.30939,9.30555,9.30851,9.30331,9.29464
1746178011241,9.42992,9.4304,9.42705,9.43325,9.42493,9.41868
1746178011254,9.55163,9.55261,9.54873,9.55525,9.54662,9.54337
1746178011266,9.67223,9.67318,9.66941,9.6698,9.66717,9.66466
1746178011279,9.78388,9.78521,9.78533,9.78607,9.78692,9.78363
1746178011295,9.8852,9.87783,9.89881,9.9258,9.92495,9.92104
1746178011309,9.91709,9.90253,9.92972,9.97799,9.97617,9.97312
1746178011321,9.90316,9.88882,9.91499,9.9773,9.96013,9.95233
1746178011333,9.84778,9.84487,9.86232,9.93221,9.88979,9.8834
1746178011345,9.75774,9.76877,9.77421,9.83276,9.78122,9.77478
1746178011359,9.6031,9.61945,9.62424,9.67655,9.62109,9.61333
1746178011372,9.48192,9.49872,9.4969,9.55433,9.49812,9.49286
1746178011385,9.36004,9.37162,9.37339,9.42947,9.37576,9.37195
1746178011397,9.23953,9.24047,9.24757,9.30634,9.25386,9.25234
1746178011409,9.12006,9.10338,9.10823,9.18949,9.13049,9.12954
1746178011422,9.00064,8.97772,8.97583,9.05891,9.00731,9.00658
1746178011434,8.87714,8.8616,8.86117,8.92754,8.88567,8.88661
1746178011446,8.75368,8.74933,8.75453,8.80028,8.76281,8.76271
1746178011458,8.63004,8.63096,8.63604,8.67027,8.63881,8.63575
1746178011470,8.50961,8.51689,8.51253,8.54507,8.5161,8.5149
1746178011482,8.38765,8.39845,8.39975,8.41129,8.39216,8.39179
1746178011494,8.267,8.27888,8.28191,8.28037,8.26969,8.27267
1746178011507,8.10594,8.11208,8.11153,8.10848,8.10631,8.11213
1746178011519,7.98279,7.98473,7.98676,7.9874,7.98395,7.99127
1746178011531,7.85929,7.84861,7.85706,7.86232,7.86204,7.86957
1746178011543,7.7385,7.72283,7.72082,7.73815,7.74053,7.74898
1746178011555,7.65629,7.63999,7.6382,7.65518,7.65902,7.6695
1746178011567,7.53524,7.52411,7.52777,7.53559,7.53651,7.54688
1746178011580,7.37348,7.36946,7.37405,7.37858,7.37493,7.38143
1746178011592,7.25248,7.25202,7.25067,7.26036,7.25225,7.25791
1746178011605,7.13003,7.1339,7.13396,7.13665,7.13044,7.13333
1746178011617,7.00626,7.01381,7.01708,7.0134,7.00926,7.01308
1746178011633,6.88522,6.89107,6.89218,6.88751,6.88755,6.89344
1746178011645,6.72315,6.72472,6.72607,6.72695,6.72492,6.73092
1746178011657,6.60145,6.59424,6.60108,6.60347,6.60432,6.60783
1746178011669,6.4815,6.46746,6.46811,6.47552,6.48173,6.48417
1746178011681,6.35866,6.34432,6.34478,6.3501,6.35874,6.36053
1746178011693,6.23586,6.2262,6.23038,6.23074,6.23803,6.23933
1746178011705,6.11415,6.10952,6.11394,6.10954,6.1164,6.11433
1746178011717,5.99184,5.99072,5.99374,5.98949,5.99359,5.98916
1746178011731,5.87171,5.87295,5.87437,5.86784,5.87279,5.86705
1746178011744,5.74944,5.75263,5.75618,5.74848,5.75143,5.74514
1746178011758,5.58829,5.58984,5.59204,5.58678,5.58852,5.58255
1746178011770,5.46519,5.4655,5.46779,5.47245,5.46851,5.46392
1746178011782,5.34269,5.33703,5.34293,5.35297,5.3474,5.34275
1746178011797,5.22086,5.21161,5.21349,5.22766,5.22401,5.22018
1746178011811,5.05897,5.0479,5.05075,5.06035,5.06089,5.05835
1746178011824,4.93775,4.93005,4.93452,4.94064,4.93897,4.9354
1746178011836,4.81666,4.81173,4.81589,4.81728,4.81639,4.81057
1746178011851,4.69403,4.69249,4.69626,4.6891,4.69478,4.68901
1746178011866,4.53166,4.53298,4.53618,4.52145,4.5323,4.52611
1746178011879,4.3692,4.37079,4.37426,4.35276,4.36954,4.36616
1746178011896,4.24807,4.2479,4.25088,4.23317,4.24889,4.24721
1746178011908,4.0856,4.07938,4.08478,4.07284,4.08615,4.08714
1746178011920,3.96421,3.95536,3.95809,3.95027,3.96415,3.96601
1746178011932,3.84158,3.83226,3.83602,3.83148,3.84256,3.84776
1746178011944,3.7197,3.71294,3.71695,3.71555,3.72045,3.72538
1746178011956,3.59787,3.59397,3.59811,3.601,3.5995,3.60401
1746178011968,3.47682,3.47473,3.47883,3.48141,3.47838,3.48221
1746178011980,3.35538,3.35464,3.35872,3.35884,3.35698,3.36126
1746178011994,3.23386,3.23403,3.23792,3.23925,3.23553,3.24154
