timestamp,j1,j2,j3,j4,j5,j6
1746177985063,-5.48434,-5.4847,-5.4837,-5.48378,-5.48359,-5.48745
1746177985065,-5.48434,-5.4847,-5.4837,-5.48378,-5.48359,-5.48745
1746177985072,-5.48434,-5.4847,-5.4837,-5.48378,-5.48359,-5.48745
1746177985076,-5.35742,-5.35778,-5.35679,-5.35686,-5.35668,-5.36051
1746177985079,-5.23049,-5.23086,-5.22987,-5.22995,-5.22976,-5.23356
1746177985081,-5.10357,-5.10393,-5.10296,-5.10303,-5.10285,-5.10661
1746177985087,-4.97665,-4.97701,-4.97604,-4.97612,-4.97593,-4.97967
1746177985095,-4.84973,-4.85009,-4.84913,-4.8492,-4.84902,-4.85272
1746177985096,-4.72281,-4.72316,-4.72221,-4.72228,-4.72211,-4.72577
1746177985099,-4.59589,-4.59624,-4.59529,-4.59537,-4.59519,-4.59883
1746177985106,-4.46897,-4.46931,-4.46838,-4.46845,-4.46828,-4.47188
1746177985112,-4.34205,-4.34239,-4.34146,-4.34153,-4.34136,-4.34494
1746177985114,-4.21513,-4.21547,-4.21455,-4.21462,-4.21445,-4.21799
1746177985118,-4.08821,-4.08854,-4.08763,-4.0877,-4.08753,-4.09104
1746177985122,-3.96129,-3.96162,-3.96072,-3.96079,-3.96062,-3.9641
1746177985128,-3.83437,-3.83469,-3.8338,-3.83387,-3.8337,-3.83715
1746177985130,-3.70745,-3.70777,-3.70689,-3.70695,-3.70679,-3.7102
1746177985134,-3.58052,-3.58085,-3.57997,-3.58004,-3.57987,-3.58326
1746177985473,-3.4536,-3.45392,-3.45305,-3.45312,-3.45296,-3.45631
1746177985478,-3.32668,-3.327,-3.32614,-3.3262,-3.32604,-3.32937
1746177985480,-3.19976,-3.20008,-3.19922,-3.19929,-3.19913,-3.20242
1746177985485,-3.07284,-3.07315,-3.07231,-3.07237,-3.07221,-3.07547
1746177985492,-2.94592,-2.94623,-2.94539,-2.94546,-2.9453,-2.94853
1746177985495,-2.819,-2.8193,-2.81848,-2.81854,-2.81839,-2.82158
1746177985498,-2.69208,-2.69238,-2.69156,-2.69162,-2.69147,-2.69463
1746177985506,-2.56516,-2.56546,-2.56464,-2.56471,-2.56456,-2.56769
1746177985512,-2.43824,-2.43853,-2.43773,-2.43779,-2.43764,-2.44074
1746177985515,-2.31132,-2.31161,-2.31081,-2.31087,-2.31073,-2.31379
1746177985517,-2.1844,-2.18469,-2.1839,-2.18396,-2.18381,-2.18685
1746177985523,-2.05748,-2.05776,-2.05698,-2.05704,-2.0569,-2.0599
1746177985529,-1.93055,-1.93084,-1.93007,-1.93013,-1.92998,-1.93296
1746177985531,-1.80363,-1.80391,-1.80315,-1.80321,-1.80307,-1.80601
1746177985534,-1.67671,-1.67699,-1.67624,-1.67629,-1.67615,-1.67906
1746177985541,-1.54979,-1.55007,-1.54932,-1.54938,-1.54924,-1.55212
1746177985563,-1.42287,-1.42314,-1.4224,-1.42246,-1.42232,-1.42517
1746177985589,-1.29595,-1.29622,-1.29549,-1.29554,-1.29541,-1.29822
1746177985591,-1.16903,-1.16929,-1.16857,-1.16863,-1.16849,-1.17128
1746177985616,-1.04211,-1.04237,-1.04166,-1.04171,-1.04158,-1.04433
1746177985641,-0.915188,-0.915447,-0.914742,-0.914796,-0.914664,-0.917385
1746177985643,-0.788267,-0.788524,-0.787826,-0.78788,-0.78775,-0.790438
1746177985668,-0.661346,-0.6616,-0.660911,-0.660964,-0.660835,-0.663492
1746177985671,-0.534426,-0.534676,-0.533995,-0.534048,-0.53392,-0.536546
1746177985675,-0.407505,-0.407752,-0.40708,-0.407131,-0.407005,-0.409599
1746177985698,-0.280584,-0.280828,-0.280164,-0.280215,-0.280091,-0.282653
1746177985700,-0.153663,-0.153904,-0.153248,-0.153299,-0.153176,-0.155706
1746177985725,-0.0267425,-0.0269804,-0.0263329,-0.0263824,-0.0262613,-0.02876
1746177985728,0.100178,0.0999432,0.100583,0.100534,0.100653,0.098186
1746177985752,0.227099,0.226867,0.227499,0.22745,0.227568,0.225132
1746177985755,0.35402,0.353791,0.354414,0.354366,0.354483,0.352079
1746177985779,0.480941,0.480715,0.48133,0.481282,0.481398,0.479025
1746177985781,0.607862,0.607638,0.608245,0.608199,0.608312,0.605972
1746177985806,0.734782,0.734562,0.735161,0.735115,0.735227,0.732918
1746177985809,0.861703,0.861486,0.862077,0.862031,0.862142,0.859864
1746177985811,0.988624,0.98841,0.988992,0.988947,0.989056,0.986811
1746177985837,1.11554,1.11533,1.11591,1.11586,1.11597,1.11376
1746177985839,1.24247,1.24226,1.24282,1.24278,1.24289,1.2407
1746177985841,1.36939,1.36918,1.36974,1.3697,1.3698,1.36765
1746177985868,1.49631,1.49611,1.49665,1.49661,1.49672,1.4946
1746177985870,1.62323,1.62303,1.62357,1.62353,1.62363,1.62154
1746177985894,1.75015,1.74995,1.75049,1.75044,1.75054,1.74849
1746177985919,1.87707,1.87688,1.8774,1.87736,1.87746,1.87543
1746177985922,2.00399,2.0038,2.00432,2.00428,2.00437,2.00238
1746177985926,2.13091,2.13072,2.13123,2.13119,2.13129,2.12933
1746177985949,2.25783,2.25765,2.25815,2.25811,2.2582,2.25627
1746177985954,2.38475,2.38457,2.38506,2.38503,2.38512,2.38322
1746177985979,2.51167,2.5115,2.51198,2.51194,2.51203,2.51017
1746177985981,2.63859,2.63842,2.6389,2.63886,2.63895,2.63711
1746177985985,2.76551,2.76534,2.76581,2.76577,2.76586,2.76406
1746177986008,2.89244,2.89227,2.89273,2.89269,2.89278,2.89101
1746177986011,3.01936,3.01919,3.01964,3.01961,3.01969,3.01795
1746177986014,3.14628,3.14611,3.14656,3.14652,3.14661,3.1449
1746177986038,3.2732,3.27304,3.27347,3.27344,3.27352,3.27184
1746177986041,3.40012,3.39996,3.40039,3.40036,3.40044,3.39879
1746177986065,3.52704,3.52689,3.5273,3.52727,3.52735,3.52574
1746177986067,3.65396,3.65381,3.65422,3.65419,3.65427,3.65268
1746177986092,3.78088,3.78073,3.78114,3.7811,3.78118,3.77963
1746177986094,3.9078,3.90766,3.90805,3.90802,3.90809,3.90658
1746177986119,4.03472,4.03458,4.03497,4.03494,4.03501,4.03352
1746177986121,4.16164,4.1615,4.16188,4.16185,4.16192,4.16047
1746177986148,4.28856,4.28843,4.2888,4.28877,4.28884,4.28742
1746177986153,4.41548,4.41535,4.41571,4.41569,4.41575,4.41436
1746177986155,4.54241,4.54228,4.54263,4.5426,4.54267,4.54131
1746177986182,4.66933,4.6692,4.66954,4.66952,4.66958,4.66825
1746177986187,4.79625,4.79612,4.79646,4.79643,4.7965,4.7952
1746177986189,4.92317,4.92305,4.92338,4.92335,4.92341,4.92215
1746177986213,5.05009,5.04997,5.05029,5.05027,5.05033,5.04909
1746177986215,5.17701,5.1769,5.17721,5.17718,5.17724,5.17604
1746177986240,5.30393,5.30382,5.30412,5.3041,5.30416,5.30299
1746177986265,5.43085,5.43074,5.43104,5.43102,5.43107,5.42993
1746177986268,5.55777,5.55767,5.55795,5.55793,5.55799,5.55688
1746177986292,5.68469,5.68459,5.68487,5.68485,5.6849,5.68383
1746177986294,5.81161,5.81151,5.81178,5.81176,5.81182,5.81077
1746177986320,5.93853,5.93844,5.9387,5.93868,5.93873,5.93772
1746177986322,6.06546,6.06536,6.06562,6.0656,6.06564,6.06466
1746177986327,6.19238,6.19229,6.19253,6.19251,6.19256,6.19161
1746177986352,6.3193,6.31921,6.31945,6.31943,6.31947,6.31856
1746177986354,6.44622,6.44613,6.44636,6.44634,6.44639,6.4455
1746177986378,6.57314,6.57306,6.57328,6.57326,6.5733,6.57245
1746177986381,6.70006,6.69998,6.70019,6.70018,6.70022,6.6994
1746177986405,6.82698,6.8269,6.82711,6.82709,6.82713,6.82634
1746177986408,6.9539,6.95383,6.95403,6.95401,6.95405,6.95329
1746177986435,7.08082,7.08075,7.08094,7.08093,7.08096,7.08024
1746177986440,7.20774,7.20768,7.20786,7.20784,7.20788,7.20718
1746177986442,7.33466,7.3346,7.33477,7.33476,7.33479,7.33413
1746177986467,7.46158,7.46152,7.46169,7.46168,7.46171,7.46107
1746177986469,7.58851,7.58845,7.5886,7.58859,7.58862,7.58802
1746177986494,7.71543,7.71537,7.71552,7.71551,7.71554,7.71497
1746177986497,7.84235,7.84229,7.84243,7.84242,7.84245,7.84191
1746177986499,7.96927,7.96922,7.96935,7.96934,7.96937,7.96886
1746177986504,8.09619,8.09614,8.09627,8.09626,8.09628,8.09581
1746177986526,8.22311,8.22307,8.22318,8.22317,8.2232,8.22275
1746177986528,8.35003,8.34999,8.3501,8.35009,8.35011,8.3497
1746177986553,8.47695,8.47691,8.47701,8.47701,8.47702,8.47664
1746177986555,8.60387,8.60384,8.60393,8.60392,8.60394,8.60359
1746177986580,8.73079,8.73076,8.73084,8.73084,8.73085,8.73054
1746177986582,8.85771,8.85769,8.85776,8.85775,8.85777,8.85748
1746177986607,8.98463,8.98461,8.98468,8.98467,8.98468,8.98443
1746177986610,9.11156,9.11153,9.11159,9.11159,9.1116,9.11138
1746177986637,9.23848,9.23846,9.23851,9.2385,9.23851,9.23832
1746177986640,9.3654,9.36538,9.36542,9.36542,9.36543,9.36527
1746177986642,9.49232,9.4923,9.49234,9.49233,9.49234,9.49222
1746177986667,9.61924,9.61923,9.61925,9.61925,9.61926,9.61916
1746177986669,9.74616,9.74615,9.74617,9.74617,9.74617,9.74611
1746177986695,9.87308,9.87308,9.87308,9.87308,9.87309,9.87305
1746177986697,10,10,10,10,10,10
1746177986699,10,10,10,10,10,10
1746177986725,9.87421,9.87421,9.87421,9.87421,9.87422,9.87422
1746177986729,9.74843,9.74843,9.74843,9.74843,9.74843,9.74843
1746177986733,9.62264,9.62264,9.62264,9.62264,9.62264,9.62264
1746177986760,9.49686,9.49685,9.49686,9.49686,9.49686,9.49686
1746177986785,9.37107,9.37107,9.37107,9.37107,9.37107,9.37107
1746177986787,9.24528,9.24528,9.24528,9.24528,9.24528,9.24529
1746177986812,9.1195,9.1195,9.1195,9.1195,9.1195,9.1195
1746177986814,8.99371,8.99371,8.99371,8.99371,8.99371,8.99371
1746177986842,8.86792,8.86792,8.86792,8.86792,8.86793,8.86793
1746177986844,8.74214,8.74214,8.74214,8.74214,8.74214,8.74214
1746177986869,8.61635,8.61635,8.61635,8.61635,8.61635,8.61635
1746177986871,8.49057,8.49057,8.49057,8.49057,8.49057,8.49057
1746177986897,8.36478,8.36478,8.36478,8.36478,8.36478,8.36478
1746177986899,8.23899,8.23899,8.23899,8.23899,8.23899,8.239
1746177986927,8.11321,8.11321,8.11321,8.11321,8.11321,8.11321
1746177986932,7.98742,7.98742,7.98742,7.98742,7.98742,7.98742
1746177986955,7.86164,7.86163,7.86164,7.86164,7.86164,7.86164
1746177986957,7.73585,7.73585,7.73585,7.73585,7.73585,7.73585
1746177986985,7.61006,7.61006,7.61006,7.61006,7.61006,7.61006
1746177986987,7.48428,7.48428,7.48428,7.48428,7.48428,7.48428
1746177986990,7.35849,7.35849,7.35849,7.35849,7.35849,7.35849
1746177987016,7.2327,7.2327,7.2327,7.2327,7.23271,7.23271
1746177987021,7.10692,7.10692,7.10692,7.10692,7.10692,7.10692
1746177987046,6.98113,6.98113,6.98113,6.98113,6.98113,6.98113
1746177987048,6.85535,6.85534,6.85535,6.85535,6.85535,6.85535
1746177987053,6.72956,6.72956,6.72956,6.72956,6.72956,6.72956
1746177987059,6.60377,6.60377,6.60377,6.60377,6.60377,6.60378
1746177987063,6.47799,6.47799,6.47799,6.47799,6.47799,6.47799
1746177987088,6.3522,6.3522,6.3522,6.3522,6.3522,6.3522
1746177987090,6.22641,6.22641,6.22641,6.22641,6.22642,6.22642
1746177987115,6.10063,6.10063,6.10063,6.10063,6.10063,6.10063
1746177987140,5.97484,5.97484,5.97484,5.97484,5.97484,5.97484
1746177987143,5.84906,5.84906,5.84906,5.84906,5.84906,5.84906
1746177987145,5.72327,5.72327,5.72327,5.72327,5.72327,5.72327
1746177987171,5.59748,5.59748,5.59748,5.59748,5.59749,5.59749
1746177987172,5.4717,5.4717,5.4717,5.4717,5.4717,5.4717
1746177987197,5.34591,5.34591,5.34591,5.34591,5.34591,5.34591
1746177987199,5.22013,5.22012,5.22013,5.22013,5.22013,5.22013
1746177987224,5.09434,5.09434,5.09434,5.09434,5.09434,5.09434
1746177987226,4.96855,4.96855,4.96855,4.96855,4.96855,4.96855
1746177987251,4.84277,4.84277,4.84277,4.84277,4.84277,4.84277
1746177987253,4.71698,4.71698,4.71698,4.71698,4.71698,4.71698
1746177987278,4.59119,4.59119,4.59119,4.59119,4.5912,4.5912
1746177987281,4.46541,4.46541,4.46541,4.46541,4.46541,4.46541
1746177987286,4.33962,4.33962,4.33962,4.33962,4.33962,4.33962
1746177987310,4.21384,4.21384,4.21384,4.21384,4.21384,4.21384
1746177987313,4.08805,4.08805,4.08805,4.08805,4.08805,4.08805
1746177987338,3.96226,3.96226,3.96226,3.96226,3.96227,3.96227
1746177987340,3.83648,3.83648,3.83648,3.83648,3.83648,3.83648
1746177987365,3.71069,3.71069,3.71069,3.71069,3.71069,3.71069
1746177987367,3.58491,3.5849,3.58491,3.58491,3.58491,3.58491
1746177987393,3.45912,3.45912,3.45912,3.45912,3.45912,3.45912
1746177987395,3.33333,3.33333,3.33333,3.33333,3.33333,3.33333
1746177987397,3.20755,3.20755,3.20755,3.20755,3.20755,3.20755
1746177987422,3.08176,3.08176,3.08176,3.08176,3.08176,3.08176
1746177987424,2.95597,2.95597,2.95597,2.95597,2.95598,2.95598
1746177987449,2.83019,2.83019,2.83019,2.83019,2.83019,2.83019
1746177987451,2.7044,2.7044,2.7044,2.7044,2.7044,2.7044
1746177987476,2.57862,2.57862,2.57862,2.57862,2.57862,2.57862
1746177987478,2.45283,2.45283,2.45283,2.45283,2.45283,2.45283
1746177987503,2.32704,2.32704,2.32704,2.32704,2.32704,2.32705
1746177987506,2.20126,2.20126,2.20126,2.20126,2.20126,2.20126
1746177987508,2.07547,2.07547,2.07547,2.07547,2.07547,2.07547
1746177987535,1.94969,1.94968,1.94969,1.94969,1.94969,1.94969
1746177987537,1.8239,1.8239,1.8239,1.8239,1.8239,1.8239
1746177987563,1.69811,1.69811,1.69811,1.69811,1.69811,1.69811
1746177987565,1.57233,1.57233,1.57233,1.57233,1.57233,1.57233
1746177987567,1.44654,1.44654,1.44654,1.44654,1.44654,1.44654
1746177987594,1.32075,1.32075,1.32075,1.32075,1.32076,1.32076
1746177987619,1.19497,1.19497,1.19497,1.19497,1.19497,1.19497
1746177987621,1.06918,1.06918,1.06918,1.06918,1.06918,1.06918
1746177987623,0.943396,0.943395,0.943396,0.943396,0.943397,0.943398
1746177987650,0.81761,0.817609,0.81761,0.81761,0.817611,0.817612
1746177987655,0.691823,0.691822,0.691823,0.691823,0.691824,0.691825
1746177987657,0.566037,0.566036,0.566037,0.566037,0.566038,0.566039
1746177987683,0.440251,0.44025,0.440251,0.440251,0.440252,0.440253
1746177987687,0.314465,0.314464,0.314465,0.314465,0.314466,0.314466
1746177987712,0.188679,0.188678,0.188679,0.188679,0.18868,0.188681
1746177987714,0.0628929,0.062892,0.0628929,0.0628929,0.0628939,0.0628948
1746177987716,-0.0628939,-0.0628948,-0.0628939,-0.0628939,-0.0628929,-0.062892
1746177987741,-0.18868,-0.188681,-0.18868,-0.18868,-0.188679,-0.188678
1746177987744,-0.314466,-0.314466,-0.314466,-0.314466,-0.314465,-0.314464
1746177987746,-0.440252,-0.440253,-0.440252,-0.440252,-0.440251,-0.44025
1746177987771,-0.566038,-0.566039,-0.566038,-0.566038,-0.566037,-0.566036
1746177987773,-0.691825,-0.691826,-0.691825,-0.691825,-0.691824,-0.691823
1746177987798,-0.817611,-0.817612,-0.817611,-0.817611,-0.81761,-0.817609
1746177987800,-0.943397,-0.943398,-0.943397,-0.943397,-0.943396,-0.943395
1746177987825,-1.06918,-1.06918,-1.06918,-1.06918,-1.06918,-1.06918
1746177987827,-1.19497,-1.19497,-1.19497,-1.19497,-1.19497,-1.19497
1746177987853,-1.32076,-1.32076,-1.32076,-1.32076,-1.32075,-1.32075
1746177987858,-1.44654,-1.44654,-1.44654,-1.44654,-1.44654,-1.44654
1746177987860,-1.57233,-1.57233,-1.57233,-1.57233,-1.57233,-1.57233
1746177987885,-1.69811,-1.69811,-1.69811,-1.69811,-1.69811,-1.69811
1746177987886,-1.8239,-1.8239,-1.8239,-1.8239,-1.8239,-1.8239
1746177987912,-1.94969,-1.94969,-1.94969,-1.94969,-1.94969,-1.94968
1746177987914,-2.07547,-2.07547,-2.07547,-2.07547,-2.07547,-2.07547
1746177987940,-2.20126,-2.20126,-2.20126,-2.20126,-2.20126,-2.20126
1746177987942,-2.32704,-2.32705,-2.32704,-2.32704,-2.32704,-2.32704
1746177987946,-2.45283,-2.45283,-2.45283,-2.45283,-2.45283,-2.45283
1746177987994,-2.57862,-2.57862,-2.57862,-2.57862,-2.57862,-2.57862
1746177987996,-2.7044,-2.7044,-2.7044,-2.7044,-2.7044,-2.7044
1746177987998,-2.83019,-2.83019,-2.83019,-2.83019,-2.83019,-2.83019
1746177988023,-2.95598,-2.95598,-2.95598,-2.95598,-2.95597,-2.95597
1746177988025,-3.08176,-3.08176,-3.08176,-3.08176,-3.08176,-3.08176
1746177988050,-3.20755,-3.20755,-3.20755,-3.20755,-3.20755,-3.20755
1746177988052,-3.33333,-3.33333,-3.33333,-3.33333,-3.33333,-3.33333
1746177988077,-3.45912,-3.45912,-3.45912,-3.45912,-3.45912,-3.45912
1746177988079,-3.58491,-3.58491,-3.58491,-3.58491,-3.58491,-3.5849
1746177988107,-3.71069,-3.71069,-3.71069,-3.71069,-3.71069,-3.71069
1746177988111,-3.83648,-3.83648,-3.83648,-3.83648,-3.83648,-3.83648
1746177988113,-3.96227,-3.96227,-3.96227,-3.96227,-3.96226,-3.96226
1746177988139,-4.08805,-4.08805,-4.08805,-4.08805,-4.08805,-4.08805
1746177988140,-4.21384,-4.21384,-4.21384,-4.21384,-4.21384,-4.21384
1746177988166,-4.33962,-4.33962,-4.33962,-4.33962,-4.33962,-4.33962
1746177988169,-4.46541,-4.46541,-4.46541,-4.46541,-4.46541,-4.46541
1746177988171,-4.5912,-4.5912,-4.5912,-4.5912,-4.5912,-4.59119
1746177988196,-4.71698,-4.71698,-4.71698,-4.71698,-4.71698,-4.71698
1746177988198,-4.84277,-4.84277,-4.84277,-4.84277,-4.84277,-4.84277
1746177988223,-4.96855,-4.96856,-4.96855,-4.96855,-4.96855,-4.96855
1746177988225,-5.09434,-5.09434,-5.09434,-5.09434,-5.09434,-5.09434
1746177988250,-5.22013,-5.22013,-5.22013,-5.22013,-5.22013,-5.22012
1746177988252,-5.34591,-5.34591,-5.34591,-5.34591,-5.34591,-5.34591
1746177988277,-5.4717,-5.4717,-5.4717,-5.4717,-5.4717,-5.4717
1746177988280,-5.59749,-5.59749,-5.59749,-5.59749,-5.59748,-5.59748
1746177988282,-5.72327,-5.72327,-5.72327,-5.72327,-5.72327,-5.72327
1746177988309,-5.84906,-5.84906,-5.84906,-5.84906,-5.84906,-5.84906
1746177988313,-5.97484,-5.97484,-5.97484,-5.97484,-5.97484,-5.97484
1746177988338,-6.10063,-6.10063,-6.10063,-6.10063,-6.10063,-6.10063
1746177988340,-6.22642,-6.22642,-6.22642,-6.22642,-6.22641,-6.22641
1746177988365,-6.3522,-6.3522,-6.3522,-6.3522,-6.3522,-6.3522
1746177988367,-6.47799,-6.47799,-6.47799,-6.47799,-6.47799,-6.47799
1746177988392,-6.60378,-6.60378,-6.60378,-6.60378,-6.60377,-6.60377
1746177988395,-6.72956,-6.72956,-6.72956,-6.72956,-6.72956,-6.72956
1746177988399,-6.85535,-6.85535,-6.85535,-6.85535,-6.85535,-6.85534
1746177988423,-6.98113,-6.98113,-6.98113,-6.98113,-6.98113,-6.98113
1746177988427,-7.10692,-7.10692,-7.10692,-7.10692,-7.10692,-7.10692
1746177988452,-7.23271,-7.23271,-7.23271,-7.23271,-7.23271,-7.2327
1746177988454,-7.35849,-7.35849,-7.35849,-7.35849,-7.35849,-7.35849
1746177988479,-7.48428,-7.48428,-7.48428,-7.48428,-7.48428,-7.48428
1746177988481,-7.61006,-7.61006,-7.61006,-7.61006,-7.61006,-7.61006
1746177988487,-7.73585,-7.73585,-7.73585,-7.73585,-7.73585,-7.73585
1746177988510,-7.86164,-7.86164,-7.86164,-7.86164,-7.86164,-7.86164
1746177988512,-7.98742,-7.98742,-7.98742,-7.98742,-7.98742,-7.98742
1746177988538,-8.11321,-8.11321,-8.11321,-8.11321,-8.11321,-8.11321
1746177988541,-8.23899,-8.239,-8.23899,-8.23899,-8.23899,-8.23899
1746177988565,-8.36478,-8.36478,-8.36478,-8.36478,-8.36478,-8.36478
1746177988567,-8.49057,-8.49057,-8.49057,-8.49057,-8.49057,-8.49056
1746177988570,-8.61635,-8.61635,-8.61635,-8.61635,-8.61635,-8.61635
1746177988595,-8.74214,-8.74214,-8.74214,-8.74214,-8.74214,-8.74214
1746177988597,-8.86793,-8.86793,-8.86793,-8.86793,-8.86792,-8.86792
1746177988622,-8.99371,-8.99371,-8.99371,-8.99371,-8.99371,-8.99371
1746177988624,-9.1195,-9.1195,-9.1195,-9.1195,-9.1195,-9.1195
1746177988649,-9.24528,-9.24528,-9.24528,-9.24528,-9.24528,-9.24528
1746177988651,-9.37107,-9.37107,-9.37107,-9.37107,-9.37107,-9.37107
1746177988678,-9.49686,-9.49686,-9.49686,-9.49686,-9.49686,-9.49685
1746177988682,-9.62264,-9.62264,-9.62264,-9.62264,-9.62264,-9.62264
1746177988684,-9.74843,-9.74843,-9.74843,-9.74843,-9.74843,-9.74843
1746177988710,-9.87421,-9.87422,-9.87421,-9.87421,-9.87421,-9.87421
1746177988714,-10,-10,-10,-10,-10,-10
1746177988739,-10,-10,-10,-10,-10,-10
1746177988741,-9.87422,-9.87422,-9.87422,-9.87422,-9.87422,-9.87421
1746177988768,-9.74843,-9.74843,-9.74843,-9.74843,-9.74843,-9.74843
1746177988776,-9.62264,-9.62264,-9.62264,-9.62264,-9.62264,-9.62264
1746177988779,-9.49686,-9.49686,-9.49686,-9.49686,-9.49686,-9.49686
1746177988804,-9.37107,-9.37107,-9.37107,-9.37107,-9.37107,-9.37107
1746177988806,-9.24529,-9.24529,-9.24529,-9.24529,-9.24528,-9.24528
1746177988832,-9.1195,-9.1195,-9.1195,-9.1195,-9.1195,-9.1195
1746177988834,-8.99371,-8.99371,-8.99371,-8.99371,-8.99371,-8.99371
1746177988861,-8.86793,-8.86793,-8.86793,-8.86793,-8.86793,-8.86792
1746177988866,-8.74214,-8.74214,-8.74214,-8.74214,-8.74214,-8.74214
1746177988889,-8.61635,-8.61635,-8.61635,-8.61635,-8.61635,-8.61635
1746177988892,-8.49057,-8.49057,-8.49057,-8.49057,-8.49057,-8.49057
1746177988898,-8.36478,-8.36478,-8.36478,-8.36478,-8.36478,-8.36478
1746177988903,-8.239,-8.239,-8.239,-8.239,-8.23899,-8.23899
1746177988926,-8.11321,-8.11321,-8.11321,-8.11321,-8.11321,-8.11321
1746177988952,-7.98742,-7.98742,-7.98742,-7.98742,-7.98742,-7.98742
1746177988954,-7.86164,-7.86164,-7.86164,-7.86164,-7.86164,-7.86164
1746177988958,-7.73585,-7.73585,-7.73585,-7.73585,-7.73585,-7.73585
1746177988964,-7.61006,-7.61007,-7.61006,-7.61006,-7.61006,-7.61006
1746177988987,-7.48428,-7.48428,-7.48428,-7.48428,-7.48428,-7.48428
1746177988989,-7.35849,-7.35849,-7.35849,-7.35849,-7.35849,-7.35849
1746177989014,-7.23271,-7.23271,-7.23271,-7.23271,-7.23271,-7.2327
1746177989017,-7.10692,-7.10692,-7.10692,-7.10692,-7.10692,-7.10692
1746177989023,-6.98113,-6.98113,-6.98113,-6.98113,-6.98113,-6.98113
1746177989046,-6.85535,-6.85535,-6.85535,-6.85535,-6.85535,-6.85535
1746177989048,-6.72956,-6.72956,-6.72956,-6.72956,-6.72956,-6.72956
1746177989073,-6.60378,-6.60378,-6.60378,-6.60378,-6.60377,-6.60377
1746177989075,-6.47799,-6.47799,-6.47799,-6.47799,-6.47799,-6.47799
1746177989100,-6.3522,-6.3522,-6.3522,-6.3522,-6.3522,-6.3522
1746177989102,-6.22642,-6.22642,-6.22642,-6.22642,-6.22642,-6.22641
1746177989127,-6.10063,-6.10063,-6.10063,-6.10063,-6.10063,-6.10063
1746177989153,-5.97484,-5.97484,-5.97484,-5.97484,-5.97484,-5.97484
1746177989155,-5.84906,-5.84906,-5.84906,-5.84906,-5.84906,-5.84906
1746177989159,-5.72327,-5.72327,-5.72327,-5.72327,-5.72327,-5.72327
1746177989185,-5.59749,-5.59749,-5.59749,-5.59749,-5.59749,-5.59748
1746177989187,-5.4717,-5.4717,-5.4717,-5.4717,-5.4717,-5.4717
1746177989212,-5.34591,-5.34591,-5.34591,-5.34591,-5.34591,-5.34591
1746177989215,-5.22013,-5.22013,-5.22013,-5.22013,-5.22013,-5.22013
1746177989240,-5.09434,-5.09434,-5.09434,-5.09434,-5.09434,-5.09434
1746177989243,-4.96855,-4.96856,-4.96855,-4.96855,-4.96855,-4.96855
1746177989248,-4.84277,-4.84277,-4.84277,-4.84277,-4.84277,-4.84277
1746177989270,-4.71698,-4.71698,-4.71698,-4.71698,-4.71698,-4.71698
1746177989272,-4.5912,-4.5912,-4.5912,-4.5912,-4.5912,-4.59119
1746177989296,-4.46541,-4.46541,-4.46541,-4.46541,-4.46541,-4.46541
1746177989299,-4.33962,-4.33962,-4.33962,-4.33962,-4.33962,-4.33962
1746177989324,-4.21384,-4.21384,-4.21384,-4.21384,-4.21384,-4.21384
1746177989325,-4.08805,-4.08805,-4.08805,-4.08805,-4.08805,-4.08805
1746177989351,-3.96227,-3.96227,-3.96227,-3.96227,-3.96227,-3.96226
1746177989353,-3.83648,-3.83648,-3.83648,-3.83648,-3.83648,-3.83648
1746177989379,-3.71069,-3.71069,-3.71069,-3.71069,-3.71069,-3.71069
1746177989383,-3.58491,-3.58491,-3.58491,-3.58491,-3.58491,-3.58491
1746177989385,-3.45912,-3.45912,-3.45912,-3.45912,-3.45912,-3.45912
1746177989413,-3.33333,-3.33333,-3.33333,-3.33333,-3.33333,-3.33333
1746177989417,-3.20755,-3.20755,-3.20755,-3.20755,-3.20755,-3.20755
1746177989419,-3.08176,-3.08176,-3.08176,-3.08176,-3.08176,-3.08176
1746177989444,-2.95598,-2.95598,-2.95598,-2.95598,-2.95598,-2.95597
1746177989446,-2.83019,-2.83019,-2.83019,-2.83019,-2.83019,-2.83019
1746177989472,-2.7044,-2.7044,-2.7044,-2.7044,-2.7044,-2.7044
1746177989474,-2.57862,-2.57862,-2.57862,-2.57862,-2.57862,-2.57862
1746177989499,-2.45283,-2.45283,-2.45283,-2.45283,-2.45283,-2.45283
1746177989501,-2.32705,-2.32705,-2.32705,-2.32705,-2.32704,-2.32704
1746177989526,-2.20126,-2.20126,-2.20126,-2.20126,-2.20126,-2.20126
1746177989529,-2.07547,-2.07547,-2.07547,-2.07547,-2.07547,-2.07547
1746177989531,-1.94969,-1.94969,-1.94969,-1.94969,-1.94969,-1.94969
1746177989559,-1.8239,-1.8239,-1.8239,-1.8239,-1.8239,-1.8239
1746177989561,-1.69811,-1.69811,-1.69811,-1.69811,-1.69811,-1.69811
1746177989586,-1.57233,-1.57233,-1.57233,-1.57233,-1.57233,-1.57233
1746177989589,-1.44654,-1.44654,-1.44654,-1.44654,-1.44654,-1.44654
1746177989614,-1.32076,-1.32076,-1.32076,-1.32076,-1.32076,-1.32075
1746177989616,-1.19497,-1.19497,-1.19497,-1.19497,-1.19497,-1.19497
1746177989641,-1.06918,-1.06918,-1.06918,-1.06918,-1.06918,-1.06918
1746177989643,-0.943398,-0.943398,-0.943398,-0.943398,-0.943397,-0.943396
1746177989645,-0.817612,-0.817612,-0.817612,-0.817612,-0.817611,-0.81761
1746177989672,-0.691825,-0.691825,-0.691825,-0.691825,-0.691824,-0.691823
1746177989674,-0.566039,-0.566039,-0.566039,-0.566039,-0.566038,-0.566037
1746177989699,-0.440253,-0.440253,-0.440253,-0.440253,-0.440252,-0.440251
1746177989701,-0.314466,-0.314466,-0.314466,-0.314466,-0.314466,-0.314465
1746177989703,-0.188681,-0.188681,-0.188681,-0.188681,-0.18868,-0.188679
1746177989730,-0.0628948,-0.0628939,-0.0628948,-0.0628948,-0.0628939,-0.0628929
1746177989734,0.062892,0.062892,0.062892,0.062892,0.0628929,0.0628939
1746177989736,0.188678,0.188678,0.188678,0.188678,0.188679,0.18868
1746177989764,0.314464,0.314465,0.314464,0.314464,0.314465,0.314466
1746177989768,0.44025,0.44025,0.44025,0.44025,0.440251,0.440252
1746177989770,0.566036,0.566037,0.566036,0.566036,0.566037,0.566038
1746177989795,0.691823,0.691823,0.691823,0.691823,0.691824,0.691825
1746177989797,0.817609,0.817609,0.817609,0.817609,0.81761,0.817611
1746177989821,0.943395,0.943396,0.943395,0.943395,0.943396,0.943397
1746177989847,1.06918,1.06918,1.06918,1.06918,1.06918,1.06918
1746177989849,1.19497,1.19497,1.19497,1.19497,1.19497,1.19497
1746177989851,1.32075,1.32075,1.32075,1.32075,1.32075,1.32076
1746177989878,1.44654,1.44654,1.44654,1.44654,1.44654,1.44654
1746177989882,1.57233,1.57233,1.57233,1.57233,1.57233,1.57233
1746177989884,1.69811,1.69811,1.69811,1.69811,1.69811,1.69811
1746177989910,1.8239,1.8239,1.8239,1.8239,1.8239,1.8239
1746177989914,1.94968,1.94969,1.94968,1.94968,1.94969,1.94969
1746177989938,2.07547,2.07547,2.07547,2.07547,2.07547,2.07547
1746177989941,2.20126,2.20126,2.20126,2.20126,2.20126,2.20126
1746177989966,2.32704,2.32704,2.32704,2.32704,2.32704,2.32704
1746177989969,2.45283,2.45283,2.45283,2.45283,2.45283,2.45283
1746177989993,2.57862,2.57862,2.57862,2.57862,2.57862,2.57862
1746177989996,2.7044,2.7044,2.7044,2.7044,2.7044,2.7044
1746177990021,2.83019,2.83019,2.83019,2.83019,2.83019,2.83019
1746177990023,2.95597,2.95597,2.95597,2.95597,2.95597,2.95598
1746177990048,3.08176,3.08176,3.08176,3.08176,3.08176,3.08176
1746177990050,3.20755,3.20755,3.20755,3.20755,3.20755,3.20755
1746177990075,3.33333,3.33333,3.33333,3.33333,3.33333,3.33333
1746177990077,3.45912,3.45912,3.45912,3.45912,3.45912,3.45912
1746177990103,3.5849,3.5849,3.5849,3.5849,3.58491,3.58491
1746177990105,3.71069,3.71069,3.71069,3.71069,3.71069,3.71069
1746177990107,3.83648,3.83648,3.83648,3.83648,3.83648,3.83648
1746177990132,3.96226,3.96226,3.96226,3.96226,3.96226,3.96227
1746177990134,4.08805,4.08805,4.08805,4.08805,4.08805,4.08805
1746177990159,4.21384,4.21384,4.21384,4.21384,4.21384,4.21384
1746177990161,4.33962,4.33962,4.33962,4.33962,4.33962,4.33962
1746177990186,4.46541,4.46541,4.46541,4.46541,4.46541,4.46541
1746177990188,4.59119,4.5912,4.59119,4.59119,4.5912,4.5912
1746177990213,4.71698,4.71698,4.71698,4.71698,4.71698,4.71698
1746177990215,4.84277,4.84277,4.84277,4.84277,4.84277,4.84277
1746177990240,4.96855,4.96855,4.96855,4.96855,4.96855,4.96855
1746177990242,5.09434,5.09434,5.09434,5.09434,5.09434,5.09434
1746177990248,5.22012,5.22013,5.22012,5.22012,5.22013,5.22013
1746177990271,5.34591,5.34591,5.34591,5.34591,5.34591,5.34591
1746177990273,5.4717,5.4717,5.4717,5.4717,5.4717,5.4717
1746177990298,5.59748,5.59748,5.59748,5.59748,5.59748,5.59749
1746177990300,5.72327,5.72327,5.72327,5.72327,5.72327,5.72327
1746177990325,5.84906,5.84906,5.84906,5.84906,5.84906,5.84906
1746177990327,5.97484,5.97484,5.97484,5.97484,5.97484,5.97484
1746177990353,6.10063,6.10063,6.10063,6.10063,6.10063,6.10063
1746177990355,6.22641,6.22641,6.22641,6.22641,6.22641,6.22642
1746177990359,6.3522,6.3522,6.3522,6.3522,6.3522,6.3522
1746177990383,6.47799,6.47799,6.47799,6.47799,6.47799,6.47799
1746177990385,6.60377,6.60377,6.60377,6.60377,6.60377,6.60378
1746177990410,6.72956,6.72956,6.72956,6.72956,6.72956,6.72956
1746177990412,6.85534,6.85535,6.85534,6.85534,6.85535,6.85535
1746177990437,6.98113,6.98113,6.98113,6.98113,6.98113,6.98113
1746177990440,7.10692,7.10692,7.10692,7.10692,7.10692,7.10692
1746177990466,7.2327,7.23271,7.2327,7.2327,7.23271,7.23271
1746177990471,7.35849,7.35849,7.35849,7.35849,7.35849,7.35849
1746177990473,7.48428,7.48428,7.48428,7.48428,7.48428,7.48428
1746177990498,7.61006,7.61006,7.61006,7.61006,7.61006,7.61006
1746177990500,7.73585,7.73585,7.73585,7.73585,7.73585,7.73585
1746177990525,7.86164,7.86164,7.86164,7.86164,7.86164,7.86164
1746177990528,7.98742,7.98742,7.98742,7.98742,7.98742,7.98742
1746177990552,8.11321,8.11321,8.11321,8.11321,8.11321,8.11321
1746177990555,8.23899,8.23899,8.23899,8.23899,8.23899,8.23899
1746177990579,8.36478,8.36478,8.36478,8.36478,8.36478,8.36478
1746177990582,8.49056,8.49057,8.49056,8.49056,8.49057,8.49057
1746177990584,8.61635,8.61635,8.61635,8.61635,8.61635,8.61635
1746177990609,8.74214,8.74214,8.74214,8.74214,8.74214,8.74214
1746177990611,8.86792,8.86792,8.86792,8.86792,8.86792,8.86793
1746177990636,8.99371,8.99371,8.99371,8.99371,8.99371,8.99371
1746177990638,9.1195,9.1195,9.1195,9.1195,9.1195,9.1195
1746177990663,9.24528,9.24528,9.24528,9.24528,9.24528,9.24528
1746177990666,9.37107,9.37107,9.37107,9.37107,9.37107,9.37107
1746177990671,9.49685,9.49686,9.49685,9.49685,9.49686,9.49686
1746177990696,9.62264,9.62264,9.62264,9.62264,9.62264,9.62264
1746177990698,9.74843,9.74843,9.74843,9.74843,9.74843,9.74843
1746177990723,9.87421,9.87422,9.87421,9.87421,9.87421,9.87421
1746177990725,10,10,10,10,10,10
1746177990750,10,10,10,10,10,10
1746177990752,9.87421,9.87422,9.87421,9.87421,9.87422,9.87422
1746177990777,9.74843,9.74843,9.74843,9.74843,9.74843,9.74843
1746177990783,9.62264,9.62264,9.62264,9.62264,9.62264,9.62264
1746177990788,9.49686,9.49686,9.49686,9.49686,9.49686,9.49686
1746177990812,9.37107,9.37107,9.37107,9.37107,9.37107,9.37107
1746177990814,9.24528,9.24528,9.24528,9.24528,9.24528,9.24529
1746177990838,9.1195,9.1195,9.1195,9.1195,9.1195,9.1195
1746177990840,8.99371,8.99371,8.99371,8.99371,8.99371,8.99371
1746177990865,8.86792,8.86793,8.86792,8.86792,8.86793,8.86793
1746177990868,8.74214,8.74214,8.74214,8.74214,8.74214,8.74214
1746177990870,8.61635,8.61635,8.61635,8.61635,8.61635,8.61635
1746177990894,8.49057,8.49057,8.49057,8.49057,8.49057,8.49057
1746177990897,8.36478,8.36478,8.36478,8.36478,8.36478,8.36478
1746177990922,8.23899,8.23899,8.23899,8.23899,8.23899,8.239
1746177990947,8.11321,8.11321,8.11321,8.11321,8.11321,8.11321
1746177990949,7.98742,7.98742,7.98742,7.98742,7.98742,7.98742
1746177990976,7.86164,7.86164,7.86164,7.86164,7.86164,7.86164
1746177990981,7.73585,7.73585,7.73585,7.73585,7.73585,7.73585
1746177990983,7.61006,7.61006,7.61006,7.61006,7.61006,7.61006
1746177991009,7.48428,7.48428,7.48428,7.48428,7.48428,7.48428
1746177991013,7.35849,7.35849,7.35849,7.35849,7.35849,7.35849
1746177991038,7.2327,7.23271,7.2327,7.2327,7.23271,7.23271
1746177991040,7.10692,7.10692,7.10692,7.10692,7.10692,7.10692
1746177991046,6.98113,6.98113,6.98113,6.98113,6.98113,6.98113
1746177991051,6.85535,6.85535,6.85535,6.85535,6.85535,6.85535
1746177991074,6.72956,6.72956,6.72956,6.72956,6.72956,6.72956
1746177991076,6.60377,6.60377,6.60377,6.60377,6.60377,6.60378
1746177991102,6.47799,6.47799,6.47799,6.47799,6.47799,6.47799
1746177991105,6.3522,6.3522,6.3522,6.3522,6.3522,6.3522
1746177991129,6.22641,6.22642,6.22641,6.22641,6.22642,6.22642
1746177991131,6.10063,6.10063,6.10063,6.10063,6.10063,6.10063
1746177991155,5.97484,5.97484,5.97484,5.97484,5.97484,5.97484
1746177991158,5.84906,5.84906,5.84906,5.84906,5.84906,5.84906
1746177991182,5.72327,5.72327,5.72327,5.72327,5.72327,5.72327
1746177991184,5.59748,5.59749,5.59748,5.59748,5.59749,5.59749
1746177991211,5.4717,5.4717,5.4717,5.4717,5.4717,5.4717
1746177991216,5.34591,5.34591,5.34591,5.34591,5.34591,5.34591
1746177991218,5.22013,5.22013,5.22013,5.22013,5.22013,5.22013
1746177991245,5.09434,5.09434,5.09434,5.09434,5.09434,5.09434
1746177991248,4.96855,4.96855,4.96855,4.96855,4.96855,4.96855
1746177991274,4.84277,4.84277,4.84277,4.84277,4.84277,4.84277
1746177991276,4.71698,4.71698,4.71698,4.71698,4.71698,4.71698
1746177991281,4.59119,4.5912,4.59119,4.59119,4.5912,4.5912
1746177991304,4.46541,4.46541,4.46541,4.46541,4.46541,4.46541
1746177991307,4.33962,4.33962,4.33962,4.33962,4.33962,4.33962
1746177991331,4.21384,4.21384,4.21384,4.21384,4.21384,4.21384
1746177991334,4.08805,4.08805,4.08805,4.08805,4.08805,4.08805
1746177991359,3.96226,3.96227,3.96226,3.96226,3.96227,3.96227
1746177991361,3.83648,3.83648,3.83648,3.83648,3.83648,3.83648
1746177991388,3.71069,3.71069,3.71069,3.71069,3.71069,3.71069
1746177991391,3.58491,3.58491,3.58491,3.58491,3.58491,3.58491
1746177991393,3.45912,3.45912,3.45912,3.45912,3.45912,3.45912
1746177991417,3.33333,3.33333,3.33333,3.33333,3.33333,3.33333
1746177991420,3.20755,3.20755,3.20755,3.20755,3.20755,3.20755
1746177991444,3.08176,3.08176,3.08176,3.08176,3.08176,3.08176
1746177991447,2.95597,2.95598,2.95597,2.95597,2.95598,2.95598
1746177991472,2.83019,2.83019,2.83019,2.83019,2.83019,2.83019
1746177991474,2.7044,2.7044,2.7044,2.7044,2.7044,2.7044
1746177991500,2.57862,2.57862,2.57862,2.57862,2.57862,2.57862
1746177991502,2.45283,2.45283,2.45283,2.45283,2.45283,2.45283
1746177991504,2.32704,2.32704,2.32704,2.32704,2.32704,2.32705
1746177991531,2.20126,2.20126,2.20126,2.20126,2.20126,2.20126
1746177991533,2.07547,2.07547,2.07547,2.07547,2.07547,2.07547
1746177991558,1.94969,1.94969,1.94969,1.94969,1.94969,1.94969
1746177991560,1.8239,1.8239,1.8239,1.8239,1.8239,1.8239
1746177991585,1.69811,1.69811,1.69811,1.69811,1.69811,1.69811
1746177991587,1.57233,1.57233,1.57233,1.57233,1.57233,1.57233
1746177991612,1.44654,1.44654,1.44654,1.44654,1.44654,1.44654
1746177991615,1.32075,1.32076,1.32075,1.32075,1.32076,1.32076
1746177991619,1.19497,1.19497,1.19497,1.19497,1.19497,1.19497
1746177991643,1.06918,1.06918,1.06918,1.06918,1.06918,1.06918
1746177991646,0.943396,0.943397,0.943396,0.943396,0.943397,0.943398
1746177991671,0.81761,0.817611,0.81761,0.81761,0.817611,0.817612
1746177991673,0.691823,0.691824,0.691823,0.691823,0.691824,0.691825
1746177991698,0.566037,0.566038,0.566037,0.566037,0.566038,0.566039
1746177991700,0.440251,0.440252,0.440251,0.440251,0.440252,0.440253
1746177991725,0.314465,0.314466,0.314465,0.314465,0.314466,0.314466
1746177991728,0.188679,0.18868,0.188679,0.188679,0.18868,0.188681
1746177991732,0.0628929,0.0628939,0.0628929,0.0628929,0.0628939,0.0628948
1746177991739,-0.0628939,-0.0628929,-0.0628939,-0.0628939,-0.0628929,-0.062892
1746177991762,-0.18868,-0.188679,-0.18868,-0.18868,-0.188679,-0.188678
1746177991765,-0.314466,-0.314465,-0.314466,-0.314466,-0.314465,-0.314464
1746177991767,-0.440252,-0.440251,-0.440252,-0.440252,-0.440251,-0.44025
1746177991792,-0.566038,-0.566037,-0.566038,-0.566038,-0.566037,-0.566036
1746177991794,-0.691825,-0.691824,-0.691825,-0.691825,-0.691824,-0.691823
1746177991819,-0.817611,-0.81761,-0.817611,-0.817611,-0.81761,-0.817609
1746177991821,-0.943397,-0.943396,-0.943397,-0.943397,-0.943396,-0.943395
1746177991846,-1.06918,-1.06918,-1.06918,-1.06918,-1.06918,-1.06918
1746177991848,-1.19497,-1.19497,-1.19497,-1.19497,-1.19497,-1.19497
1746177991876,-1.32076,-1.32075,-1.32076,-1.32076,-1.32075,-1.32075
1746177991879,-1.44654,-1.44654,-1.44654,-1.44654,-1.44654,-1.44654
1746177991881,-1.57233,-1.57233,-1.57233,-1.57233,-1.57233,-1.57233
1746177991906,-1.69811,-1.69811,-1.69811,-1.69811,-1.69811,-1.69811
1746177991908,-1.8239,-1.8239,-1.8239,-1.8239,-1.8239,-1.8239
1746177991933,-1.94969,-1.94969,-1.94969,-1.94969,-1.94969,-1.94968
1746177991935,-2.07547,-2.07547,-2.07547,-2.07547,-2.07547,-2.07547
1746177991960,-2.20126,-2.20126,-2.20126,-2.20126,-2.20126,-2.20126
1746177991962,-2.32704,-2.32704,-2.32704,-2.32704,-2.32704,-2.32704
1746177991988,-2.45283,-2.45283,-2.45283,-2.45283,-2.45283,-2.45283
1746177992013,-2.57862,-2.57862,-2.57862,-2.57862,-2.57862,-2.57862
1746177992015,-2.7044,-2.7044,-2.7044,-2.7044,-2.7044,-2.7044
1746177992019,-2.83019,-2.83019,-2.83019,-2.83019,-2.83019,-2.83019
1746177992043,-2.95598,-2.95597,-2.95598,-2.95598,-2.95597,-2.95597
1746177992045,-3.08176,-3.08176,-3.08176,-3.08176,-3.08176,-3.08176
1746177992071,-3.20755,-3.20755,-3.20755,-3.20755,-3.20755,-3.20755
1746177992073,-3.33333,-3.33333,-3.33333,-3.33333,-3.33333,-3.33333
1746177992098,-3.45912,-3.45912,-3.45912,-3.45912,-3.45912,-3.45912
1746177992100,-3.58491,-3.58491,-3.58491,-3.58491,-3.58491,-3.5849
1746177992126,-3.71069,-3.71069,-3.71069,-3.71069,-3.71069,-3.71069
1746177992128,-3.83648,-3.83648,-3.83648,-3.83648,-3.83648,-3.83648
1746177992132,-3.96227,-3.96226,-3.96227,-3.96227,-3.96226,-3.96226
1746177992156,-4.08805,-4.08805,-4.08805,-4.08805,-4.08805,-4.08805
1746177992158,-4.21384,-4.21384,-4.21384,-4.21384,-4.21384,-4.21384
1746177992184,-4.33962,-4.33962,-4.33962,-4.33962,-4.33962,-4.33962
1746177992186,-4.46541,-4.46541,-4.46541,-4.46541,-4.46541,-4.46541
1746177992211,-4.5912,-4.5912,-4.5912,-4.5912,-4.5912,-4.59119
1746177992213,-4.71698,-4.71698,-4.71698,-4.71698,-4.71698,-4.71698
1746177992238,-4.84277,-4.84277,-4.84277,-4.84277,-4.84277,-4.84277
1746177992241,-4.96855,-4.96855,-4.96855,-4.96855,-4.96855,-4.96855
1746177992246,-5.09434,-5.09434,-5.09434,-5.09434,-5.09434,-5.09434
1746177992269,-5.22013,-5.22013,-5.22013,-5.22013,-5.22013,-5.22012
1746177992271,-5.34591,-5.34591,-5.34591,-5.34591,-5.34591,-5.34591
1746177992296,-5.4717,-5.4717,-5.4717,-5.4717,-5.4717,-5.4717
1746177992299,-5.59749,-5.59748,-5.59749,-5.59749,-5.59748,-5.59748
1746177992302,-5.72327,-5.72327,-5.72327,-5.72327,-5.72327,-5.72327
1746177992330,-5.84906,-5.84906,-5.84906,-5.84906,-5.84906,-5.84906
1746177992351,-5.97484,-5.97484,-5.97484,-5.97484,-5.97484,-5.97484
1746177992353,-6.10063,-6.10063,-6.10063,-6.10063,-6.10063,-6.10063
1746177992357,-6.22642,-6.22641,-6.22642,-6.22642,-6.22641,-6.22641
1746177992384,-6.3522,-6.3522,-6.3522,-6.3522,-6.3522,-6.3522
1746177992387,-6.47799,-6.47799,-6.47799,-6.47799,-6.47799,-6.47799
1746177992389,-6.60378,-6.60377,-6.60378,-6.60378,-6.60377,-6.60377
1746177992417,-6.72956,-6.72956,-6.72956,-6.72956,-6.72956,-6.72956
1746177992421,-6.85535,-6.85535,-6.85535,-6.85535,-6.85535,-6.85534
1746177992446,-6.98113,-6.98113,-6.98113,-6.98113,-6.98113,-6.98113
1746177992448,-7.10692,-7.10692,-7.10692,-7.10692,-7.10692,-7.10692
1746177992473,-7.23271,-7.23271,-7.23271,-7.23271,-7.23271,-7.2327
1746177992475,-7.35849,-7.35849,-7.35849,-7.35849,-7.35849,-7.35849
1746177992500,-7.48428,-7.48428,-7.48428,-7.48428,-7.48428,-7.48428
1746177992503,-7.61006,-7.61006,-7.61006,-7.61006,-7.61006,-7.61006
1746177992505,-7.73585,-7.73585,-7.73585,-7.73585,-7.73585,-7.73585
1746177992531,-7.86164,-7.86164,-7.86164,-7.86164,-7.86164,-7.86164
1746177992534,-7.98742,-7.98742,-7.98742,-7.98742,-7.98742,-7.98742
1746177992558,-8.11321,-8.11321,-8.11321,-8.11321,-8.11321,-8.11321
1746177992561,-8.23899,-8.23899,-8.23899,-8.23899,-8.23899,-8.23899
1746177992585,-8.36478,-8.36478,-8.36478,-8.36478,-8.36478,-8.36478
1746177992588,-8.49057,-8.49057,-8.49057,-8.49057,-8.49057,-8.49056
1746177992613,-8.61635,-8.61635,-8.61635,-8.61635,-8.61635,-8.61635
1746177992615,-8.74214,-8.74214,-8.74214,-8.74214,-8.74214,-8.74214
1746177992618,-8.86793,-8.86792,-8.86793,-8.86793,-8.86792,-8.86792
1746177992644,-8.99371,-8.99371,-8.99371,-8.99371,-8.99371,-8.99371
1746177992649,-9.1195,-9.1195,-9.1195,-9.1195,-9.1195,-9.1195
1746177992673,-9.24528,-9.24528,-9.24528,-9.24528,-9.24528,-9.24528
1746177992675,-9.37107,-9.37107,-9.37107,-9.37107,-9.37107,-9.37107
1746177992700,-9.49686,-9.49686,-9.49686,-9.49686,-9.49686,-9.49685
1746177992703,-9.62264,-9.62264,-9.62264,-9.62264,-9.62264,-9.62264
1746177992705,-9.74843,-9.74843,-9.74843,-9.74843,-9.74843,-9.74843
1746177992730,-9.87421,-9.87421,-9.87421,-9.87421,-9.87421,-9.87421
1746177992732,-10,-10,-10,-10,-10,-10
1746177992756,-10,-10,-10,-10,-10,-10
1746177992759,-9.87422,-9.87422,-9.87422,-9.87422,-9.87422,-9.87421
1746177992784,-9.74843,-9.74843,-9.74843,-9.74843,-9.74843,-9.74843
1746177992789,-9.62264,-9.62264,-9.62264,-9.62264,-9.62264,-9.62264
1746177992791,-9.49686,-9.49686,-9.49686,-9.49686,-9.49686,-9.49686
1746177992816,-9.37107,-9.37107,-9.37107,-9.37107,-9.37107,-9.37107
1746177992842,-9.24529,-9.24528,-9.24529,-9.24529,-9.24528,-9.24528
1746177992844,-9.1195,-9.1195,-9.1195,-9.1195,-9.1195,-9.1195
1746177992868,-8.99371,-8.99371,-8.99371,-8.99371,-8.99371,-8.99371
1746177992871,-8.86793,-8.86793,-8.86793,-8.86793,-8.86793,-8.86792
1746177992895,-8.74214,-8.74214,-8.74214,-8.74214,-8.74214,-8.74214
1746177992897,-8.61635,-8.61635,-8.61635,-8.61635,-8.61635,-8.61635
1746177992924,-8.49057,-8.49057,-8.49057,-8.49057,-8.49057,-8.49057
1746177992929,-8.36478,-8.36478,-8.36478,-8.36478,-8.36478,-8.36478
1746177992931,-8.239,-8.23899,-8.239,-8.239,-8.23899,-8.23899
1746177992958,-8.11321,-8.11321,-8.11321,-8.11321,-8.11321,-8.11321
1746177992961,-7.98742,-7.98742,-7.98742,-7.98742,-7.98742,-7.98742
1746177992964,-7.86164,-7.86164,-7.86164,-7.86164,-7.86164,-7.86164
1746177992989,-7.73585,-7.73585,-7.73585,-7.73585,-7.73585,-7.73585
1746177992992,-7.61006,-7.61006,-7.61006,-7.61006,-7.61006,-7.61006
1746177993017,-7.48428,-7.48428,-7.48428,-7.48428,-7.48428,-7.48428
1746177993019,-7.35849,-7.35849,-7.35849,-7.35849,-7.35849,-7.35849
1746177993024,-7.23271,-7.23271,-7.23271,-7.23271,-7.23271,-7.2327
1746177993048,-7.10692,-7.10692,-7.10692,-7.10692,-7.10692,-7.10692
1746177993050,-6.98113,-6.98113,-6.98113,-6.98113,-6.98113,-6.98113
1746177993074,-6.85535,-6.85535,-6.85535,-6.85535,-6.85535,-6.85535
1746177993077,-6.72956,-6.72956,-6.72956,-6.72956,-6.72956,-6.72956
1746177993082,-6.60378,-6.60377,-6.60378,-6.60378,-6.60377,-6.60377
1746177993106,-6.47799,-6.47799,-6.47799,-6.47799,-6.47799,-6.47799
1746177993109,-6.3522,-6.3522,-6.3522,-6.3522,-6.3522,-6.3522
1746177993133,-6.22642,-6.22642,-6.22642,-6.22642,-6.22642,-6.22641
1746177993135,-6.10063,-6.10063,-6.10063,-6.10063,-6.10063,-6.10063
1746177993159,-5.97484,-5.97484,-5.97484,-5.97484,-5.97484,-5.97484
1746177993185,-5.84906,-5.84906,-5.84906,-5.84906,-5.84906,-5.84906
1746177993187,-5.72327,-5.72327,-5.72327,-5.72327,-5.72327,-5.72327
1746177993211,-5.59749,-5.59749,-5.59749,-5.59749,-5.59749,-5.59748
1746177993214,-5.4717,-5.4717,-5.4717,-5.4717,-5.4717,-5.4717
1746177993218,-5.34591,-5.34591,-5.34591,-5.34591,-5.34591,-5.34591
1746177993242,-5.22013,-5.22013,-5.22013,-5.22013,-5.22013,-5.22013
1746177993244,-5.09434,-5.09434,-5.09434,-5.09434,-5.09434,-5.09434
1746177993268,-4.96855,-4.96855,-4.96855,-4.96855,-4.96855,-4.96855
1746177993271,-4.84277,-4.84277,-4.84277,-4.84277,-4.84277,-4.84277
1746177993295,-4.71698,-4.71698,-4.71698,-4.71698,-4.71698,-4.71698
1746177993298,-4.5912,-4.5912,-4.5912,-4.5912,-4.5912,-4.59119
1746177993323,-4.46541,-4.46541,-4.46541,-4.46541,-4.46541,-4.46541
1746177993325,-4.33962,-4.33962,-4.33962,-4.33962,-4.33962,-4.33962
1746177993350,-4.21384,-4.21384,-4.21384,-4.21384,-4.21384,-4.21384
1746177993352,-4.08805,-4.08805,-4.08805,-4.08805,-4.08805,-4.08805
1746177993354,-3.96227,-3.96227,-3.96227,-3.96227,-3.96227,-3.96226
1746177993379,-3.83648,-3.83648,-3.83648,-3.83648,-3.83648,-3.83648
1746177993381,-3.71069,-3.71069,-3.71069,-3.71069,-3.71069,-3.71069
1746177993407,-3.58491,-3.58491,-3.58491,-3.58491,-3.58491,-3.58491
1746177993409,-3.45912,-3.45912,-3.45912,-3.45912,-3.45912,-3.45912
1746177993434,-3.33333,-3.33333,-3.33333,-3.33333,-3.33333,-3.33333
1746177993436,-3.20755,-3.20755,-3.20755,-3.20755,-3.20755,-3.20755
1746177993461,-3.08176,-3.08176,-3.08176,-3.08176,-3.08176,-3.08176
1746177993464,-2.95598,-2.95598,-2.95598,-2.95598,-2.95598,-2.95597
1746177993466,-2.83019,-2.83019,-2.83019,-2.83019,-2.83019,-2.83019
1746177993492,-2.7044,-2.7044,-2.7044,-2.7044,-2.7044,-2.7044
1746177993494,-2.57862,-2.57862,-2.57862,-2.57862,-2.57862,-2.57862
1746177993518,-2.45283,-2.45283,-2.45283,-2.45283,-2.45283,-2.45283
1746177993521,-2.32705,-2.32704,-2.32705,-2.32705,-2.32704,-2.32704
1746177993545,-2.20126,-2.20126,-2.20126,-2.20126,-2.20126,-2.20126
1746177993547,-2.07547,-2.07547,-2.07547,-2.07547,-2.07547,-2.07547
1746177993573,-1.94969,-1.94969,-1.94969,-1.94969,-1.94969,-1.94969
1746177993575,-1.8239,-1.8239,-1.8239,-1.8239,-1.8239,-1.8239
1746177993600,-1.69811,-1.69811,-1.69811,-1.69811,-1.69811,-1.69811
1746177993602,-1.57233,-1.57233,-1.57233,-1.57233,-1.57233,-1.57233
1746177993604,-1.44654,-1.44654,-1.44654,-1.44654,-1.44654,-1.44654
1746177993631,-1.32076,-1.32076,-1.32076,-1.32076,-1.32076,-1.32075
1746177993634,-1.19497,-1.19497,-1.19497,-1.19497,-1.19497,-1.19497
1746177993659,-1.06918,-1.06918,-1.06918,-1.06918,-1.06918,-1.06918
1746177993662,-0.943398,-0.943397,-0.943398,-0.943398,-0.943397,-0.943396
1746177993687,-0.817612,-0.817611,-0.817612,-0.817612,-0.817611,-0.81761
1746177993689,-0.691825,-0.691824,-0.691825,-0.691825,-0.691824,-0.691823
1746177993693,-0.566039,-0.566038,-0.566039,-0.566039,-0.566038,-0.566037
1746177993719,-0.440253,-0.440252,-0.440253,-0.440253,-0.440252,-0.440251
1746177993721,-0.314466,-0.314466,-0.314466,-0.314466,-0.314466,-0.314465
1746177993746,-0.188681,-0.18868,-0.188681,-0.188681,-0.18868,-0.188679
1746177993747,-0.0628948,-0.0628939,-0.0628948,-0.0628948,-0.0628939,-0.0628929
1746177993750,0.062892,0.0628929,0.062892,0.062892,0.0628929,0.0628939
1746177993756,0.188678,0.188679,0.188678,0.188678,0.188679,0.18868
1746177993779,0.314464,0.314465,0.314464,0.314464,0.314465,0.314466
1746177993781,0.44025,0.440251,0.44025,0.44025,0.440251,0.440252
1746177993806,0.566036,0.566037,0.566036,0.566036,0.566037,0.566038
1746177993808,0.691823,0.691824,0.691823,0.691823,0.691824,0.691825
1746177993833,0.817609,0.81761,0.817609,0.817609,0.81761,0.817611
1746177993835,0.943395,0.943396,0.943395,0.943395,0.943396,0.943397
1746177993860,1.06918,1.06918,1.06918,1.06918,1.06918,1.06918
1746177993863,1.19497,1.19497,1.19497,1.19497,1.19497,1.19497
1746177993867,1.32075,1.32075,1.32075,1.32075,1.32075,1.32076
1746177993891,1.44654,1.44654,1.44654,1.44654,1.44654,1.44654
1746177993893,1.57233,1.57233,1.57233,1.57233,1.57233,1.57233
1746177993917,1.69811,1.69811,1.69811,1.69811,1.69811,1.69811
1746177993920,1.8239,1.8239,1.8239,1.8239,1.8239,1.8239
1746177993945,1.94968,1.94969,1.94968,1.94968,1.94969,1.94969
1746177993947,2.07547,2.07547,2.07547,2.07547,2.07547,2.07547
1746177993972,2.20126,2.20126,2.20126,2.20126,2.20126,2.20126
1746177993973,2.32704,2.32704,2.32704,2.32704,2.32704,2.32704
1746177993999,2.45283,2.45283,2.45283,2.45283,2.45283,2.45283
1746177994024,2.57862,2.57862,2.57862,2.57862,2.57862,2.57862
1746177994026,2.7044,2.7044,2.7044,2.7044,2.7044,2.7044
1746177994028,2.83019,2.83019,2.83019,2.83019,2.83019,2.83019
1746177994055,2.95597,2.95597,2.95597,2.95597,2.95597,2.95598
1746177994059,3.08176,3.08176,3.08176,3.08176,3.08176,3.08176
1746177994084,3.20755,3.20755,3.20755,3.20755,3.20755,3.20755
1746177994086,3.33333,3.33333,3.33333,3.33333,3.33333,3.33333
1746177994112,3.45912,3.45912,3.45912,3.45912,3.45912,3.45912
1746177994114,3.5849,3.58491,3.5849,3.5849,3.58491,3.58491
1746177994118,3.71069,3.71069,3.71069,3.71069,3.71069,3.71069
1746177994143,3.83648,3.83648,3.83648,3.83648,3.83648,3.83648
1746177994145,3.96226,3.96226,3.96226,3.96226,3.96226,3.96227
1746177994170,4.08805,4.08805,4.08805,4.08805,4.08805,4.08805
1746177994173,4.21384,4.21384,4.21384,4.21384,4.21384,4.21384
1746177994198,4.33962,4.33962,4.33962,4.33962,4.33962,4.33962
1746177994200,4.46541,4.46541,4.46541,4.46541,4.46541,4.46541
1746177994225,4.59119,4.5912,4.59119,4.59119,4.5912,4.5912
1746177994227,4.71698,4.71698,4.71698,4.71698,4.71698,4.71698
1746177994230,4.84277,4.84277,4.84277,4.84277,4.84277,4.84277
1746177994256,4.96855,4.96855,4.96855,4.96855,4.96855,4.96855
1746177994258,5.09434,5.09434,5.09434,5.09434,5.09434,5.09434
1746177994283,5.22012,5.22013,5.22012,5.22012,5.22013,5.22013
1746177994285,5.34591,5.34591,5.34591,5.34591,5.34591,5.34591
1746177994311,5.4717,5.4717,5.4717,5.4717,5.4717,5.4717
1746177994314,5.59748,5.59748,5.59748,5.59748,5.59748,5.59749
1746177994340,5.72327,5.72327,5.72327,5.72327,5.72327,5.72327
1746177994345,5.84906,5.84906,5.84906,5.84906,5.84906,5.84906
1746177994347,5.97484,5.97484,5.97484,5.97484,5.97484,5.97484
1746177994372,6.10063,6.10063,6.10063,6.10063,6.10063,6.10063
1746177994375,6.22641,6.22641,6.22641,6.22641,6.22641,6.22642
1746177994378,6.3522,6.3522,6.3522,6.3522,6.3522,6.3522
1746177994403,6.47799,6.47799,6.47799,6.47799,6.47799,6.47799
1746177994407,6.60377,6.60377,6.60377,6.60377,6.60377,6.60378
1746177994432,6.72956,6.72956,6.72956,6.72956,6.72956,6.72956
1746177994434,6.85534,6.85535,6.85534,6.85534,6.85535,6.85535
1746177994459,6.98113,6.98113,6.98113,6.98113,6.98113,6.98113
1746177994460,7.10692,7.10692,7.10692,7.10692,7.10692,7.10692
1746177994485,7.2327,7.23271,7.2327,7.2327,7.23271,7.23271
1746177994488,7.35849,7.35849,7.35849,7.35849,7.35849,7.35849
1746177994490,7.48428,7.48428,7.48428,7.48428,7.48428,7.48428
1746177994514,7.61006,7.61006,7.61006,7.61006,7.61006,7.61006
1746177994517,7.73585,7.73585,7.73585,7.73585,7.73585,7.73585
1746177994542,7.86164,7.86164,7.86164,7.86164,7.86164,7.86164
1746177994544,7.98742,7.98742,7.98742,7.98742,7.98742,7.98742
1746177994572,8.11321,8.11321,8.11321,8.11321,8.11321,8.11321
1746177994577,8.23899,8.23899,8.23899,8.23899,8.23899,8.23899
1746177994579,8.36478,8.36478,8.36478,8.36478,8.36478,8.36478
1746177994604,8.49056,8.49057,8.49056,8.49056,8.49057,8.49057
1746177994606,8.61635,8.61635,8.61635,8.61635,8.61635,8.61635
1746177994631,8.74214,8.74214,8.74214,8.74214,8.74214,8.74214
1746177994634,8.86792,8.86792,8.86792,8.86792,8.86792,8.86793
1746177994660,8.99371,8.99371,8.99371,8.99371,8.99371,8.99371
1746177994662,9.1195,9.1195,9.1195,9.1195,9.1195,9.1195
1746177994687,9.24528,9.24528,9.24528,9.24528,9.24528,9.24528
1746177994690,9.37107,9.37107,9.37107,9.37107,9.37107,9.37107
1746177994692,9.49685,9.49686,9.49685,9.49685,9.49686,9.49686
1746177994716,9.62264,9.62264,9.62264,9.62264,9.62264,9.62264
1746177994718,9.74843,9.74843,9.74843,9.74843,9.74843,9.74843
1746177994743,9.87421,9.87421,9.87421,9.87421,9.87421,9.87421
1746177994746,10,10,10,10,10,10
1746177994770,10,10,10,10,10,10
1746177994773,9.87421,9.87422,9.87421,9.87421,9.87422,9.87422
1746177994797,9.74843,9.74843,9.74843,9.74843,9.74843,9.74843
1746177994803,9.62264,9.62264,9.62264,9.62264,9.62264,9.62264
1746177994805,9.49686,9.49686,9.49686,9.49686,9.49686,9.49686
1746177994831,9.37107,9.37107,9.37107,9.37107,9.37107,9.37107
1746177994835,9.24528,9.24528,9.24528,9.24528,9.24528,9.24529
1746177994860,9.1195,9.1195,9.1195,9.1195,9.1195,9.1195
1746177994862,8.99371,8.99371,8.99371,8.99371,8.99371,8.99371
1746177994866,8.86792,8.86793,8.86792,8.86792,8.86793,8.86793
1746177994890,8.74214,8.74214,8.74214,8.74214,8.74214,8.74214
1746177994892,8.61635,8.61635,8.61635,8.61635,8.61635,8.61635
1746177994916,8.49057,8.49057,8.49057,8.49057,8.49057,8.49057
1746177994918,8.36478,8.36478,8.36478,8.36478,8.36478,8.36478
1746177994943,8.23899,8.23899,8.23899,8.23899,8.23899,8.239
1746177994968,8.11321,8.11321,8.11321,8.11321,8.11321,8.11321
1746177994970,7.98742,7.98742,7.98742,7.98742,7.98742,7.98742
1746177994995,7.86164,7.86164,7.86164,7.86164,7.86164,7.86164
1746177994997,7.73585,7.73585,7.73585,7.73585,7.73585,7.73585
1746177995022,7.61006,7.61006,7.61006,7.61006,7.61006,7.61006
1746177995025,7.48428,7.48428,7.48428,7.48428,7.48428,7.48428
1746177995052,7.35849,7.35849,7.35849,7.35849,7.35849,7.35849
1746177995057,7.2327,7.23271,7.2327,7.2327,7.23271,7.23271
1746177995059,7.10692,7.10692,7.10692,7.10692,7.10692,7.10692
1746177995083,6.98113,6.98113,6.98113,6.98113,6.98113,6.98113
1746177995085,6.85535,6.85535,6.85535,6.85535,6.85535,6.85535
1746177995088,6.72956,6.72956,6.72956,6.72956,6.72956,6.72956
1746177995094,6.60377,6.60377,6.60377,6.60377,6.60377,6.60378
1746177995117,6.47799,6.47799,6.47799,6.47799,6.47799,6.47799
1746177995120,6.3522,6.3522,6.3522,6.3522,6.3522,6.3522
1746177995145,6.22641,6.22642,6.22641,6.22641,6.22642,6.22642
1746177995147,6.10063,6.10063,6.10063,6.10063,6.10063,6.10063
1746177995171,5.97484,5.97484,5.97484,5.97484,5.97484,5.97484
1746177995173,5.84906,5.84906,5.84906,5.84906,5.84906,5.84906
1746177995198,5.72327,5.72327,5.72327,5.72327,5.72327,5.72327
1746177995200,5.59748,5.59749,5.59748,5.59748,5.59749,5.59749
1746177995225,5.4717,5.4717,5.4717,5.4717,5.4717,5.4717
1746177995227,5.34591,5.34591,5.34591,5.34591,5.34591,5.34591
1746177995252,5.22013,5.22013,5.22013,5.22013,5.22013,5.22013
1746177995255,5.09434,5.09434,5.09434,5.09434,5.09434,5.09434
1746177995281,4.96855,4.96855,4.96855,4.96855,4.96855,4.96855
1746177995283,4.84277,4.84277,4.84277,4.84277,4.84277,4.84277
1746177995308,4.71698,4.71698,4.71698,4.71698,4.71698,4.71698
1746177995311,4.59119,4.5912,4.59119,4.59119,4.5912,4.5912
1746177995313,4.46541,4.46541,4.46541,4.46541,4.46541,4.46541
1746177995338,4.33962,4.33962,4.33962,4.33962,4.33962,4.33962
1746177995340,4.21384,4.21384,4.21384,4.21384,4.21384,4.21384
1746177995365,4.08805,4.08805,4.08805,4.08805,4.08805,4.08805
1746177995367,3.96226,3.96227,3.96226,3.96226,3.96227,3.96227
1746177995392,3.83648,3.83648,3.83648,3.83648,3.83648,3.83648
1746177995395,3.71069,3.71069,3.71069,3.71069,3.71069,3.71069
1746177995397,3.58491,3.58491,3.58491,3.58491,3.58491,3.58491
1746177995423,3.45912,3.45912,3.45912,3.45912,3.45912,3.45912
1746177995425,3.33333,3.33333,3.33333,3.33333,3.33333,3.33333
1746177995450,3.20755,3.20755,3.20755,3.20755,3.20755,3.20755
1746177995452,3.08176,3.08176,3.08176,3.08176,3.08176,3.08176
1746177995477,2.95597,2.95598,2.95597,2.95597,2.95598,2.95598
1746177995480,2.83019,2.83019,2.83019,2.83019,2.83019,2.83019
1746177995504,2.7044,2.7044,2.7044,2.7044,2.7044,2.7044
1746177995507,2.57862,2.57862,2.57862,2.57862,2.57862,2.57862
1746177995531,2.45283,2.45283,2.45283,2.45283,2.45283,2.45283
1746177995533,2.32704,2.32704,2.32704,2.32704,2.32704,2.32705
1746177995561,2.20126,2.20126,2.20126,2.20126,2.20126,2.20126
1746177995564,2.07547,2.07547,2.07547,2.07547,2.07547,2.07547
1746177995566,1.94969,1.94969,1.94969,1.94969,1.94969,1.94969
1746177995592,1.8239,1.8239,1.8239,1.8239,1.8239,1.8239
1746177995597,1.69811,1.69811,1.69811,1.69811,1.69811,1.69811
1746177995600,1.57233,1.57233,1.57233,1.57233,1.57233,1.57233
1746177995626,1.44654,1.44654,1.44654,1.44654,1.44654,1.44654
1746177995630,1.32075,1.32076,1.32075,1.32075,1.32076,1.32076
1746177995655,1.19497,1.19497,1.19497,1.19497,1.19497,1.19497
1746177995657,1.06918,1.06918,1.06918,1.06918,1.06918,1.06918
1746177995684,0.943396,0.943397,0.943396,0.943396,0.943397,0.943398
1746177995686,0.81761,0.817611,0.81761,0.81761,0.817611,0.817612
1746177995689,0.691823,0.691824,0.691823,0.691823,0.691824,0.691825
1746177995715,0.566037,0.566038,0.566037,0.566037,0.566038,0.566039
1746177995719,0.440251,0.440252,0.440251,0.440251,0.440252,0.440253
1746177995745,0.314465,0.314466,0.314465,0.314465,0.314466,0.314466
1746177995747,0.188679,0.18868,0.188679,0.188679,0.18868,0.188681
1746177995752,0.0628929,0.0628939,0.0628929,0.0628929,0.0628939,0.0628948
1746177995758,-0.0628939,-0.0628929,-0.0628939,-0.0628939,-0.0628929,-0.062892
1746177995781,-0.18868,-0.188679,-0.18868,-0.18868,-0.188679,-0.188678
1746177995783,-0.314466,-0.314465,-0.314466,-0.314466,-0.314465,-0.314464
1746177995809,-0.440252,-0.440251,-0.440252,-0.440252,-0.440251,-0.44025
1746177995811,-0.566038,-0.566037,-0.566038,-0.566038,-0.566037,-0.566036
1746177995815,-0.691825,-0.691824,-0.691825,-0.691825,-0.691824,-0.691823
1746177995838,-0.817611,-0.81761,-0.817611,-0.817611,-0.81761,-0.817609
1746177995840,-0.943397,-0.943396,-0.943397,-0.943397,-0.943396,-0.943395
1746177995867,-1.06918,-1.06918,-1.06918,-1.06918,-1.06918,-1.06918
1746177995871,-1.19497,-1.19497,-1.19497,-1.19497,-1.19497,-1.19497
1746177995873,-1.32076,-1.32075,-1.32076,-1.32076,-1.32075,-1.32075
1746177995899,-1.44654,-1.44654,-1.44654,-1.44654,-1.44654,-1.44654
1746177995903,-1.57233,-1.57233,-1.57233,-1.57233,-1.57233,-1.57233
1746177995928,-1.69811,-1.69811,-1.69811,-1.69811,-1.69811,-1.69811
1746177995931,-1.8239,-1.8239,-1.8239,-1.8239,-1.8239,-1.8239
1746177995955,-1.94969,-1.94969,-1.94969,-1.94969,-1.94969,-1.94968
1746177995958,-2.07547,-2.07547,-2.07547,-2.07547,-2.07547,-2.07547
1746177995983,-2.20126,-2.20126,-2.20126,-2.20126,-2.20126,-2.20126
1746177995985,-2.32704,-2.32704,-2.32704,-2.32704,-2.32704,-2.32704
1746177995987,-2.45283,-2.45283,-2.45283,-2.45283,-2.45283,-2.45283
1746177996015,-2.57862,-2.57862,-2.57862,-2.57862,-2.57862,-2.57862
1746177996037,-2.7044,-2.7044,-2.7044,-2.7044,-2.7044,-2.7044
1746177996039,-2.83019,-2.83019,-2.83019,-2.83019,-2.83019,-2.83019
1746177996064,-2.95598,-2.95597,-2.95598,-2.95598,-2.95597,-2.95597
1746177996066,-3.08176,-3.08176,-3.08176,-3.08176,-3.08176,-3.08176
1746177996091,-3.20755,-3.20755,-3.20755,-3.20755,-3.20755,-3.20755
1746177996093,-3.33333,-3.33333,-3.33333,-3.33333,-3.33333,-3.33333
1746177996118,-3.45912,-3.45912,-3.45912,-3.45912,-3.45912,-3.45912
1746177996121,-3.58491,-3.58491,-3.58491,-3.58491,-3.58491,-3.5849
1746177996123,-3.71069,-3.71069,-3.71069,-3.71069,-3.71069,-3.71069
1746177996150,-3.83648,-3.83648,-3.83648,-3.83648,-3.83648,-3.83648
1746177996153,-3.96227,-3.96226,-3.96227,-3.96227,-3.96226,-3.96226
1746177996178,-4.08805,-4.08805,-4.08805,-4.08805,-4.08805,-4.08805
1746177996180,-4.21384,-4.21384,-4.21384,-4.21384,-4.21384,-4.21384
1746177996205,-4.33962,-4.33962,-4.33962,-4.33962,-4.33962,-4.33962
1746177996208,-4.46541,-4.46541,-4.46541,-4.46541,-4.46541,-4.46541
1746177996233,-4.5912,-4.5912,-4.5912,-4.5912,-4.5912,-4.59119
1746177996235,-4.71698,-4.71698,-4.71698,-4.71698,-4.71698,-4.71698
1746177996239,-4.84277,-4.84277,-4.84277,-4.84277,-4.84277,-4.84277
1746177996263,-4.96855,-4.96855,-4.96855,-4.96855,-4.96855,-4.96855
1746177996265,-5.09434,-5.09434,-5.09434,-5.09434,-5.09434,-5.09434
1746177996290,-5.22013,-5.22013,-5.22013,-5.22013,-5.22013,-5.22012
1746177996292,-5.34591,-5.34591,-5.34591,-5.34591,-5.34591,-5.34591
1746177996317,-5.4717,-5.4717,-5.4717,-5.4717,-5.4717,-5.4717
1746177996319,-5.59749,-5.59748,-5.59749,-5.59749,-5.59748,-5.59748
1746177996344,-5.72327,-5.72327,-5.72327,-5.72327,-5.72327,-5.72327
1746177996347,-5.84906,-5.84906,-5.84906,-5.84906,-5.84906,-5.84906
1746177996350,-5.97484,-5.97484,-5.97484,-5.97484,-5.97484,-5.97484
1746177996376,-6.10063,-6.10063,-6.10063,-6.10063,-6.10063,-6.10063
1746177996379,-6.22642,-6.22641,-6.22642,-6.22642,-6.22641,-6.22641
1746177996404,-6.3522,-6.3522,-6.3522,-6.3522,-6.3522,-6.3522
1746177996406,-6.47799,-6.47799,-6.47799,-6.47799,-6.47799,-6.47799
1746177996431,-6.60378,-6.60377,-6.60378,-6.60378,-6.60377,-6.60377
1746177996433,-6.72956,-6.72956,-6.72956,-6.72956,-6.72956,-6.72956
1746177996459,-6.85535,-6.85535,-6.85535,-6.85535,-6.85535,-6.85534
1746177996461,-6.98113,-6.98113,-6.98113,-6.98113,-6.98113,-6.98113
1746177996467,-7.10692,-7.10692,-7.10692,-7.10692,-7.10692,-7.10692
1746177996489,-7.23271,-7.23271,-7.23271,-7.23271,-7.23271,-7.2327
1746177996492,-7.35849,-7.35849,-7.35849,-7.35849,-7.35849,-7.35849
1746177996517,-7.48428,-7.48428,-7.48428,-7.48428,-7.48428,-7.48428
1746177996520,-7.61006,-7.61006,-7.61006,-7.61006,-7.61006,-7.61006
1746177996521,-7.73585,-7.73585,-7.73585,-7.73585,-7.73585,-7.73585
1746177996551,-7.86164,-7.86164,-7.86164,-7.86164,-7.86164,-7.86164
1746177996553,-7.98742,-7.98742,-7.98742,-7.98742,-7.98742,-7.98742
1746177996578,-8.11321,-8.11321,-8.11321,-8.11321,-8.11321,-8.11321
1746177996580,-8.23899,-8.23899,-8.23899,-8.23899,-8.23899,-8.23899
1746177996608,-8.36478,-8.36478,-8.36478,-8.36478,-8.36478,-8.36478
1746177996612,-8.49057,-8.49057,-8.49057,-8.49057,-8.49057,-8.49056
1746177996614,-8.61635,-8.61635,-8.61635,-8.61635,-8.61635,-8.61635
1746177996639,-8.74214,-8.74214,-8.74214,-8.74214,-8.74214,-8.74214
1746177996641,-8.86793,-8.86792,-8.86793,-8.86793,-8.86792,-8.86792
1746177996666,-8.99371,-8.99371,-8.99371,-8.99371,-8.99371,-8.99371
1746177996668,-9.1195,-9.1195,-9.1195,-9.1195,-9.1195,-9.1195
1746177996693,-9.24528,-9.24528,-9.24528,-9.24528,-9.24528,-9.24528
1746177996696,-9.37107,-9.37107,-9.37107,-9.37107,-9.37107,-9.37107
1746177996720,-9.49686,-9.49686,-9.49686,-9.49686,-9.49686,-9.49685
1746177996722,-9.62264,-9.62264,-9.62264,-9.62264,-9.62264,-9.62264
1746177996725,-9.74843,-9.74843,-9.74843,-9.74843,-9.74843,-9.74843
1746177996753,-9.87421,-9.87421,-9.87421,-9.87421,-9.87421,-9.87421
1746177996755,-10,-10,-10,-10,-10,-10
1746177996780,-10,-10,-10,-10,-10,-10
1746177996782,-9.87422,-9.87422,-9.87422,-9.87422,-9.87422,-9.87421
1746177996807,-9.74843,-9.74843,-9.74843,-9.74843,-9.74843,-9.74843
1746177996813,-9.62264,-9.62264,-9.62264,-9.62264,-9.62264,-9.62264
1746177996816,-9.49686,-9.49686,-9.49686,-9.49686,-9.49686,-9.49686
1746177996840,-9.37107,-9.37107,-9.37107,-9.37107,-9.37107,-9.37107
1746177996865,-9.24529,-9.24528,-9.24529,-9.24529,-9.24528,-9.24528
1746177996867,-9.1195,-9.1195,-9.1195,-9.1195,-9.1195,-9.1195
1746177996895,-8.99371,-8.99371,-8.99371,-8.99371,-8.99371,-8.99371
1746177996898,-8.86793,-8.86793,-8.86793,-8.86793,-8.86793,-8.86792
1746177996900,-8.74214,-8.74214,-8.74214,-8.74214,-8.74214,-8.74214
1746177996926,-8.61635,-8.61635,-8.61635,-8.61635,-8.61635,-8.61635
1746177996931,-8.49057,-8.49057,-8.49057,-8.49057,-8.49057,-8.49057
1746177996932,-8.36478,-8.36478,-8.36478,-8.36478,-8.36478,-8.36478
1746177996960,-8.239,-8.23899,-8.239,-8.239,-8.23899,-8.23899
1746177996982,-8.11321,-8.11321,-8.11321,-8.11321,-8.11321,-8.11321
1746177996985,-7.98742,-7.98742,-7.98742,-7.98742,-7.98742,-7.98742
1746177996987,-7.86164,-7.86164,-7.86164,-7.86164,-7.86164,-7.86164
1746177997012,-7.73585,-7.73585,-7.73585,-7.73585,-7.73585,-7.73585
1746177997014,-7.61006,-7.61006,-7.61006,-7.61006,-7.61006,-7.61006
1746177997039,-7.48428,-7.48428,-7.48428,-7.48428,-7.48428,-7.48428
1746177997041,-7.35849,-7.35849,-7.35849,-7.35849,-7.35849,-7.35849
1746177997043,-7.23271,-7.23271,-7.23271,-7.23271,-7.23271,-7.2327
1746177997068,-7.10692,-7.10692,-7.10692,-7.10692,-7.10692,-7.10692
1746177997071,-6.98113,-6.98113,-6.98113,-6.98113,-6.98113,-6.98113
1746177997096,-6.85535,-6.85535,-6.85535,-6.85535,-6.85535,-6.85535
1746177997098,-6.72956,-6.72956,-6.72956,-6.72956,-6.72956,-6.72956
1746177997103,-6.60378,-6.60377,-6.60378,-6.60378,-6.60377,-6.60377
1746177997127,-6.47799,-6.47799,-6.47799,-6.47799,-6.47799,-6.47799
1746177997129,-6.3522,-6.3522,-6.3522,-6.3522,-6.3522,-6.3522
1746177997154,-6.22642,-6.22642,-6.22642,-6.22642,-6.22642,-6.22641
1746177997156,-6.10063,-6.10063,-6.10063,-6.10063,-6.10063,-6.10063
1746177997181,-5.97484,-5.97484,-5.97484,-5.97484,-5.97484,-5.97484
1746177997206,-5.84906,-5.84906,-5.84906,-5.84906,-5.84906,-5.84906
1746177997209,-5.72327,-5.72327,-5.72327,-5.72327,-5.72327,-5.72327
1746177997234,-5.59749,-5.59749,-5.59749,-5.59749,-5.59749,-5.59748
1746177997236,-5.4717,-5.4717,-5.4717,-5.4717,-5.4717,-5.4717
1746177997238,-5.34591,-5.34591,-5.34591,-5.34591,-5.34591,-5.34591
1746177997263,-5.22013,-5.22013,-5.22013,-5.22013,-5.22013,-5.22013
1746177997265,-5.09434,-5.09434,-5.09434,-5.09434,-5.09434,-5.09434
1746177997290,-4.96855,-4.96855,-4.96855,-4.96855,-4.96855,-4.96855
1746177997291,-4.84277,-4.84277,-4.84277,-4.84277,-4.84277,-4.84277
1746177997317,-4.71698,-4.71698,-4.71698,-4.71698,-4.71698,-4.71698
1746177997319,-4.5912,-4.5912,-4.5912,-4.5912,-4.5912,-4.59119
1746177997347,-4.46541,-4.46541,-4.46541,-4.46541,-4.46541,-4.46541
1746177997351,-4.33962,-4.33962,-4.33962,-4.33962,-4.33962,-4.33962
1746177997353,-4.21384,-4.21384,-4.21384,-4.21384,-4.21384,-4.21384
1746177997379,-4.08805,-4.08805,-4.08805,-4.08805,-4.08805,-4.08805
1746177997381,-3.96227,-3.96227,-3.96227,-3.96227,-3.96227,-3.96226
1746177997406,-3.83648,-3.83648,-3.83648,-3.83648,-3.83648,-3.83648
1746177997408,-3.71069,-3.71069,-3.71069,-3.71069,-3.71069,-3.71069
1746177997434,-3.58491,-3.58491,-3.58491,-3.58491,-3.58491,-3.58491
1746177997436,-3.45912,-3.45912,-3.45912,-3.45912,-3.45912,-3.45912
1746177997440,-3.33333,-3.33333,-3.33333,-3.33333,-3.33333,-3.33333
1746177997465,-3.20755,-3.20755,-3.20755,-3.20755,-3.20755,-3.20755
1746177997467,-3.08176,-3.08176,-3.08176,-3.08176,-3.08176,-3.08176
1746177997492,-2.95598,-2.95598,-2.95598,-2.95598,-2.95598,-2.95597
1746177997494,-2.83019,-2.83019,-2.83019,-2.83019,-2.83019,-2.83019
1746177997519,-2.7044,-2.7044,-2.7044,-2.7044,-2.7044,-2.7044
1746177997521,-2.57862,-2.57862,-2.57862,-2.57862,-2.57862,-2.57862
1746177997546,-2.45283,-2.45283,-2.45283,-2.45283,-2.45283,-2.45283
1746177997549,-2.32705,-2.32704,-2.32705,-2.32705,-2.32704,-2.32704
1746177997553,-2.20126,-2.20126,-2.20126,-2.20126,-2.20126,-2.20126
1746177997577,-2.07547,-2.07547,-2.07547,-2.07547,-2.07547,-2.07547
1746177997580,-1.94969,-1.94969,-1.94969,-1.94969,-1.94969,-1.94969
1746177997605,-1.8239,-1.8239,-1.8239,-1.8239,-1.8239,-1.8239
1746177997607,-1.69811,-1.69811,-1.69811,-1.69811,-1.69811,-1.69811
1746177997632,-1.57233,-1.57233,-1.57233,-1.57233,-1.57233,-1.57233
1746177997634,-1.44654,-1.44654,-1.44654,-1.44654,-1.44654,-1.44654
1746177997659,-1.32076,-1.32076,-1.32076,-1.32076,-1.32076,-1.32075
1746177997662,-1.19497,-1.19497,-1.19497,-1.19497,-1.19497,-1.19497
1746177997668,-1.06918,-1.06918,-1.06918,-1.06918,-1.06918,-1.06918
1746177997691,-0.943398,-0.943397,-0.943398,-0.943398,-0.943397,-0.943396
1746177997693,-0.817612,-0.817611,-0.817612,-0.817612,-0.817611,-0.81761
1746177997718,-0.691825,-0.691824,-0.691825,-0.691825,-0.691824,-0.691823
1746177997721,-0.566039,-0.566038,-0.566039,-0.566039,-0.566038,-0.566037
1746177997724,-0.440253,-0.440252,-0.440253,-0.440253,-0.440252,-0.440251
1746177997752,-0.314466,-0.314466,-0.314466,-0.314466,-0.314466,-0.314465
1746177997754,-0.188681,-0.18868,-0.188681,-0.188681,-0.18868,-0.188679
1746177997756,-0.0628948,-0.0628939,-0.0628948,-0.0628948,-0.0628939,-0.0628929
1746177997782,0.062892,0.0628929,0.062892,0.062892,0.0628929,0.0628939
1746177997786,0.188678,0.188679,0.188678,0.188678,0.188679,0.18868
1746177997788,0.314464,0.314465,0.314464,0.314464,0.314465,0.314466
1746177997815,0.44025,0.440251,0.44025,0.44025,0.440251,0.440252
1746177997819,0.566036,0.566037,0.566036,0.566036,0.566037,0.566038
1746177997844,0.691823,0.691824,0.691823,0.691823,0.691824,0.691825
1746177997846,0.817609,0.81761,0.817609,0.817609,0.81761,0.817611
1746177997849,0.943395,0.943396,0.943395,0.943395,0.943396,0.943397
1746177997873,1.06918,1.06918,1.06918,1.06918,1.06918,1.06918
1746177997875,1.19497,1.19497,1.19497,1.19497,1.19497,1.19497
1746177997901,1.32075,1.32075,1.32075,1.32075,1.32075,1.32076
1746177997903,1.44654,1.44654,1.44654,1.44654,1.44654,1.44654
1746177997929,1.57233,1.57233,1.57233,1.57233,1.57233,1.57233
1746177997932,1.69811,1.69811,1.69811,1.69811,1.69811,1.69811
1746177997956,1.8239,1.8239,1.8239,1.8239,1.8239,1.8239
1746177997959,1.94968,1.94969,1.94968,1.94968,1.94969,1.94969
1746177997962,2.07547,2.07547,2.07547,2.07547,2.07547,2.07547
1746177997986,2.20126,2.20126,2.20126,2.20126,2.20126,2.20126
1746177997988,2.32704,2.32704,2.32704,2.32704,2.32704,2.32704
1746177998014,2.45283,2.45283,2.45283,2.45283,2.45283,2.45283
1746177998039,2.57862,2.57862,2.57862,2.57862,2.57862,2.57862
1746177998041,2.7044,2.7044,2.7044,2.7044,2.7044,2.7044
1746177998065,2.83019,2.83019,2.83019,2.83019,2.83019,2.83019
1746177998068,2.95597,2.95597,2.95597,2.95597,2.95597,2.95598
1746177998092,3.08176,3.08176,3.08176,3.08176,3.08176,3.08176
1746177998096,3.20755,3.20755,3.20755,3.20755,3.20755,3.20755
1746177998121,3.33333,3.33333,3.33333,3.33333,3.33333,3.33333
1746177998123,3.45912,3.45912,3.45912,3.45912,3.45912,3.45912
1746177998125,3.5849,3.58491,3.5849,3.5849,3.58491,3.58491
1746177998149,3.71069,3.71069,3.71069,3.71069,3.71069,3.71069
1746177998152,3.83648,3.83648,3.83648,3.83648,3.83648,3.83648
1746177998177,3.96226,3.96226,3.96226,3.96226,3.96226,3.96227
1746177998178,4.08805,4.08805,4.08805,4.08805,4.08805,4.08805
1746177998204,4.21384,4.21384,4.21384,4.21384,4.21384,4.21384
1746177998206,4.33962,4.33962,4.33962,4.33962,4.33962,4.33962
1746177998232,4.46541,4.46541,4.46541,4.46541,4.46541,4.46541
1746177998234,4.59119,4.5912,4.59119,4.59119,4.5912,4.5912
1746177998237,4.71698,4.71698,4.71698,4.71698,4.71698,4.71698
1746177998263,4.84277,4.84277,4.84277,4.84277,4.84277,4.84277
1746177998265,4.96855,4.96855,4.96855,4.96855,4.96855,4.96855
1746177998290,5.09434,5.09434,5.09434,5.09434,5.09434,5.09434
1746177998293,5.22012,5.22013,5.22012,5.22012,5.22013,5.22013
1746177998318,5.34591,5.34591,5.34591,5.34591,5.34591,5.34591
1746177998321,5.4717,5.4717,5.4717,5.4717,5.4717,5.4717
1746177998345,5.59748,5.59748,5.59748,5.59748,5.59748,5.59749
1746177998347,5.72327,5.72327,5.72327,5.72327,5.72327,5.72327
1746177998351,5.84906,5.84906,5.84906,5.84906,5.84906,5.84906
1746177998376,5.97484,5.97484,5.97484,5.97484,5.97484,5.97484
1746177998378,6.10063,6.10063,6.10063,6.10063,6.10063,6.10063
1746177998403,6.22641,6.22641,6.22641,6.22641,6.22641,6.22642
1746177998406,6.3522,6.3522,6.3522,6.3522,6.3522,6.3522
1746177998431,6.47799,6.47799,6.47799,6.47799,6.47799,6.47799
1746177998434,6.60377,6.60377,6.60377,6.60377,6.60377,6.60378
1746177998460,6.72956,6.72956,6.72956,6.72956,6.72956,6.72956
1746177998465,6.85534,6.85535,6.85534,6.85534,6.85535,6.85535
1746177998467,6.98113,6.98113,6.98113,6.98113,6.98113,6.98113
1746177998492,7.10692,7.10692,7.10692,7.10692,7.10692,7.10692
1746177998495,7.2327,7.23271,7.2327,7.2327,7.23271,7.23271
1746177998498,7.35849,7.35849,7.35849,7.35849,7.35849,7.35849
1746177998527,7.48428,7.48428,7.48428,7.48428,7.48428,7.48428
1746177998531,7.61006,7.61006,7.61006,7.61006,7.61006,7.61006
1746177998556,7.73585,7.73585,7.73585,7.73585,7.73585,7.73585
1746177998557,7.86164,7.86164,7.86164,7.86164,7.86164,7.86164
1746177998583,7.98742,7.98742,7.98742,7.98742,7.98742,7.98742
1746177998585,8.11321,8.11321,8.11321,8.11321,8.11321,8.11321
1746177998589,8.23899,8.23899,8.23899,8.23899,8.23899,8.23899
1746177998614,8.36478,8.36478,8.36478,8.36478,8.36478,8.36478
1746177998616,8.49056,8.49057,8.49056,8.49056,8.49057,8.49057
1746177998642,8.61635,8.61635,8.61635,8.61635,8.61635,8.61635
1746177998644,8.74214,8.74214,8.74214,8.74214,8.74214,8.74214
1746177998669,8.86792,8.86792,8.86792,8.86792,8.86792,8.86793
1746177998672,8.99371,8.99371,8.99371,8.99371,8.99371,8.99371
1746177998674,9.1195,9.1195,9.1195,9.1195,9.1195,9.1195
1746177998698,9.24528,9.24528,9.24528,9.24528,9.24528,9.24528
1746177998701,9.37107,9.37107,9.37107,9.37107,9.37107,9.37107
1746177998725,9.49685,9.49686,9.49685,9.49685,9.49686,9.49686
1746177998728,9.62264,9.62264,9.62264,9.62264,9.62264,9.62264
1746177998753,9.74843,9.74843,9.74843,9.74843,9.74843,9.74843
1746177998755,9.87421,9.87421,9.87421,9.87421,9.87421,9.87421
1746177998780,10,10,10,10,10,10
1746177998782,10,10,10,10,10,10
1746177998806,9.87421,9.87422,9.87421,9.87421,9.87422,9.87422
1746177998809,9.74843,9.74843,9.74843,9.74843,9.74843,9.74843
1746177998814,9.62264,9.62264,9.62264,9.62264,9.62264,9.62264
1746177998839,9.49686,9.49686,9.49686,9.49686,9.49686,9.49686
1746177998841,9.37107,9.37107,9.37107,9.37107,9.37107,9.37107
1746177998866,9.24528,9.24528,9.24528,9.24528,9.24528,9.24529
1746177998867,9.1195,9.1195,9.1195,9.1195,9.1195,9.1195
1746177998893,8.99371,8.99371,8.99371,8.99371,8.99371,8.99371
1746177998895,8.86792,8.86793,8.86792,8.86792,8.86793,8.86793
1746177998919,8.74214,8.74214,8.74214,8.74214,8.74214,8.74214
1746177998922,8.61635,8.61635,8.61635,8.61635,8.61635,8.61635
1746177998924,8.49057,8.49057,8.49057,8.49057,8.49057,8.49057
1746177998949,8.36478,8.36478,8.36478,8.36478,8.36478,8.36478
1746177998951,8.23899,8.23899,8.23899,8.23899,8.23899,8.239
1746177998976,8.11321,8.11321,8.11321,8.11321,8.11321,8.11321
1746177999002,7.98742,7.98742,7.98742,7.98742,7.98742,7.98742
1746177999004,7.86164,7.86164,7.86164,7.86164,7.86164,7.86164
1746177999028,7.73585,7.73585,7.73585,7.73585,7.73585,7.73585
1746177999031,7.61006,7.61006,7.61006,7.61006,7.61006,7.61006
1746177999057,7.48428,7.48428,7.48428,7.48428,7.48428,7.48428
1746177999061,7.35849,7.35849,7.35849,7.35849,7.35849,7.35849
1746177999063,7.2327,7.23271,7.2327,7.2327,7.23271,7.23271
1746177999092,7.10692,7.10692,7.10692,7.10692,7.10692,7.10692
1746177999096,6.98113,6.98113,6.98113,6.98113,6.98113,6.98113
1746177999098,6.85535,6.85535,6.85535,6.85535,6.85535,6.85535
1746177999104,6.72956,6.72956,6.72956,6.72956,6.72956,6.72956
1746177999127,6.60377,6.60377,6.60377,6.60377,6.60377,6.60378
1746177999129,6.47799,6.47799,6.47799,6.47799,6.47799,6.47799
1746177999153,6.3522,6.3522,6.3522,6.3522,6.3522,6.3522
1746177999156,6.22641,6.22642,6.22641,6.22641,6.22642,6.22642
1746177999181,6.10063,6.10063,6.10063,6.10063,6.10063,6.10063
1746177999184,5.97484,5.97484,5.97484,5.97484,5.97484,5.97484
1746177999208,5.84906,5.84906,5.84906,5.84906,5.84906,5.84906
1746177999210,5.72327,5.72327,5.72327,5.72327,5.72327,5.72327
1746177999234,5.59748,5.59749,5.59748,5.59748,5.59749,5.59749
1746177999237,5.4717,5.4717,5.4717,5.4717,5.4717,5.4717
1746177999261,5.34591,5.34591,5.34591,5.34591,5.34591,5.34591
1746177999263,5.22013,5.22013,5.22013,5.22013,5.22013,5.22013
1746177999289,5.09434,5.09434,5.09434,5.09434,5.09434,5.09434
1746177999291,4.96855,4.96855,4.96855,4.96855,4.96855,4.96855
1746177999317,4.84277,4.84277,4.84277,4.84277,4.84277,4.84277
1746177999319,4.71698,4.71698,4.71698,4.71698,4.71698,4.71698
1746177999321,4.59119,4.5912,4.59119,4.59119,4.5912,4.5912
1746177999348,4.46541,4.46541,4.46541,4.46541,4.46541,4.46541
1746177999350,4.33962,4.33962,4.33962,4.33962,4.33962,4.33962
1746177999375,4.21384,4.21384,4.21384,4.21384,4.21384,4.21384
1746177999378,4.08805,4.08805,4.08805,4.08805,4.08805,4.08805
1746177999381,3.96226,3.96227,3.96226,3.96226,3.96227,3.96227
1746177999408,3.83648,3.83648,3.83648,3.83648,3.83648,3.83648
1746177999413,3.71069,3.71069,3.71069,3.71069,3.71069,3.71069
1746177999438,3.58491,3.58491,3.58491,3.58491,3.58491,3.58491
1746177999440,3.45912,3.45912,3.45912,3.45912,3.45912,3.45912
1746177999468,3.33333,3.33333,3.33333,3.33333,3.33333,3.33333
1746177999470,3.20755,3.20755,3.20755,3.20755,3.20755,3.20755
1746177999472,3.08176,3.08176,3.08176,3.08176,3.08176,3.08176
1746177999498,2.95597,2.95598,2.95597,2.95597,2.95598,2.95598
1746177999503,2.83019,2.83019,2.83019,2.83019,2.83019,2.83019
1746177999505,2.7044,2.7044,2.7044,2.7044,2.7044,2.7044
1746177999532,2.57862,2.57862,2.57862,2.57862,2.57862,2.57862
1746177999555,2.45283,2.45283,2.45283,2.45283,2.45283,2.45283
1746177999557,2.32704,2.32704,2.32704,2.32704,2.32704,2.32705
1746177999560,2.20126,2.20126,2.20126,2.20126,2.20126,2.20126
1746177999584,2.07547,2.07547,2.07547,2.07547,2.07547,2.07547
1746177999586,1.94969,1.94969,1.94969,1.94969,1.94969,1.94969
1746177999611,1.8239,1.8239,1.8239,1.8239,1.8239,1.8239
1746177999613,1.69811,1.69811,1.69811,1.69811,1.69811,1.69811
1746177999639,1.57233,1.57233,1.57233,1.57233,1.57233,1.57233
1746177999641,1.44654,1.44654,1.44654,1.44654,1.44654,1.44654
1746177999666,1.32075,1.32076,1.32075,1.32075,1.32076,1.32076
1746177999668,1.19497,1.19497,1.19497,1.19497,1.19497,1.19497
1746177999671,1.06918,1.06918,1.06918,1.06918,1.06918,1.06918
1746177999696,0.943396,0.943397,0.943396,0.943396,0.943397,0.943398
1746177999697,0.81761,0.817611,0.81761,0.81761,0.817611,0.817612
1746177999722,0.691823,0.691824,0.691823,0.691823,0.691824,0.691825
1746177999724,0.566037,0.566038,0.566037,0.566037,0.566038,0.566039
1746177999749,0.440251,0.440252,0.440251,0.440251,0.440252,0.440253
1746177999752,0.314465,0.314466,0.314465,0.314465,0.314466,0.314466
1746177999777,0.188679,0.18868,0.188679,0.188679,0.18868,0.188681
1746177999779,0.0628929,0.0628939,0.0628929,0.0628929,0.0628939,0.0628948
1746177999782,-0.0628939,-0.0628929,-0.0628939,-0.0628939,-0.0628929,-0.062892
1746177999789,-0.18868,-0.188679,-0.18868,-0.18868,-0.188679,-0.188678
1746177999810,-0.314466,-0.314465,-0.314466,-0.314466,-0.314465,-0.314464
1746177999813,-0.440252,-0.440251,-0.440252,-0.440252,-0.440251,-0.44025
1746177999839,-0.566038,-0.566037,-0.566038,-0.566038,-0.566037,-0.566036
1746177999842,-0.691825,-0.691824,-0.691825,-0.691825,-0.691824,-0.691823
1746177999845,-0.817611,-0.81761,-0.817611,-0.817611,-0.81761,-0.817609
1746177999872,-0.943397,-0.943396,-0.943397,-0.943397,-0.943396,-0.943395
1746177999875,-1.06918,-1.06918,-1.06918,-1.06918,-1.06918,-1.06918
1746177999901,-1.19497,-1.19497,-1.19497,-1.19497,-1.19497,-1.19497
1746177999903,-1.32076,-1.32075,-1.32076,-1.32076,-1.32075,-1.32075
1746177999927,-1.44654,-1.44654,-1.44654,-1.44654,-1.44654,-1.44654
1746177999930,-1.57233,-1.57233,-1.57233,-1.57233,-1.57233,-1.57233
1746177999934,-1.69811,-1.69811,-1.69811,-1.69811,-1.69811,-1.69811
1746177999958,-1.8239,-1.8239,-1.8239,-1.8239,-1.8239,-1.8239
1746177999960,-1.94969,-1.94969,-1.94969,-1.94969,-1.94969,-1.94968
1746177999984,-2.07547,-2.07547,-2.07547,-2.07547,-2.07547,-2.07547
1746177999987,-2.20126,-2.20126,-2.20126,-2.20126,-2.20126,-2.20126
1746178000012,-2.32704,-2.32704,-2.32704,-2.32704,-2.32704,-2.32704
1746178000014,-2.45283,-2.45283,-2.45283,-2.45283,-2.45283,-2.45283
1746178000039,-2.57862,-2.57862,-2.57862,-2.57862,-2.57862,-2.57862
1746178000063,-2.7044,-2.7044,-2.7044,-2.7044,-2.7044,-2.7044
1746178000065,-2.83019,-2.83019,-2.83019,-2.83019,-2.83019,-2.83019
1746178000091,-2.95598,-2.95597,-2.95598,-2.95598,-2.95597,-2.95597
1746178000093,-3.08176,-3.08176,-3.08176,-3.08176,-3.08176,-3.08176
1746178000095,-3.20755,-3.20755,-3.20755,-3.20755,-3.20755,-3.20755
1746178000122,-3.33333,-3.33333,-3.33333,-3.33333,-3.33333,-3.33333
1746178000126,-3.45912,-3.45912,-3.45912,-3.45912,-3.45912,-3.45912
1746178000151,-3.58491,-3.58491,-3.58491,-3.58491,-3.58491,-3.5849
1746178000153,-3.71069,-3.71069,-3.71069,-3.71069,-3.71069,-3.71069
1746178000179,-3.83648,-3.83648,-3.83648,-3.83648,-3.83648,-3.83648
1746178000181,-3.96227,-3.96226,-3.96227,-3.96227,-3.96226,-3.96226
1746178000185,-4.08805,-4.08805,-4.08805,-4.08805,-4.08805,-4.08805
1746178000210,-4.21384,-4.21384,-4.21384,-4.21384,-4.21384,-4.21384
1746178000212,-4.33962,-4.33962,-4.33962,-4.33962,-4.33962,-4.33962
1746178000238,-4.46541,-4.46541,-4.46541,-4.46541,-4.46541,-4.46541
1746178000241,-4.5912,-4.5912,-4.5912,-4.5912,-4.5912,-4.59119
1746178000243,-4.71698,-4.71698,-4.71698,-4.71698,-4.71698,-4.71698
1746178000272,-4.84277,-4.84277,-4.84277,-4.84277,-4.84277,-4.84277
1746178000276,-4.96855,-4.96855,-4.96855,-4.96855,-4.96855,-4.96855
1746178000301,-5.09434,-5.09434,-5.09434,-5.09434,-5.09434,-5.09434
1746178000303,-5.22013,-5.22013,-5.22013,-5.22013,-5.22013,-5.22012
1746178000331,-5.34591,-5.34591,-5.34591,-5.34591,-5.34591,-5.34591
1746178000333,-5.4717,-5.4717,-5.4717,-5.4717,-5.4717,-5.4717
1746178000336,-5.59749,-5.59748,-5.59749,-5.59749,-5.59748,-5.59748
1746178000361,-5.72327,-5.72327,-5.72327,-5.72327,-5.72327,-5.72327
1746178000366,-5.84906,-5.84906,-5.84906,-5.84906,-5.84906,-5.84906
1746178000368,-5.97484,-5.97484,-5.97484,-5.97484,-5.97484,-5.97484
1746178000395,-6.10063,-6.10063,-6.10063,-6.10063,-6.10063,-6.10063
1746178000399,-6.22642,-6.22641,-6.22642,-6.22642,-6.22641,-6.22641
1746178000424,-6.3522,-6.3522,-6.3522,-6.3522,-6.3522,-6.3522
1746178000426,-6.47799,-6.47799,-6.47799,-6.47799,-6.47799,-6.47799
1746178000452,-6.60378,-6.60377,-6.60378,-6.60378,-6.60377,-6.60377
1746178000456,-6.72956,-6.72956,-6.72956,-6.72956,-6.72956,-6.72956
1746178000458,-6.85535,-6.85535,-6.85535,-6.85535,-6.85535,-6.85534
1746178000484,-6.98113,-6.98113,-6.98113,-6.98113,-6.98113,-6.98113
1746178000488,-7.10692,-7.10692,-7.10692,-7.10692,-7.10692,-7.10692
1746178000513,-7.23271,-7.23271,-7.23271,-7.23271,-7.23271,-7.2327
1746178000515,-7.35849,-7.35849,-7.35849,-7.35849,-7.35849,-7.35849
1746178000542,-7.48428,-7.48428,-7.48428,-7.48428,-7.48428,-7.48428
1746178000546,-7.61006,-7.61006,-7.61006,-7.61006,-7.61006,-7.61006
1746178000548,-7.73585,-7.73585,-7.73585,-7.73585,-7.73585,-7.73585
1746178000573,-7.86164,-7.86164,-7.86164,-7.86164,-7.86164,-7.86164
1746178000575,-7.98742,-7.98742,-7.98742,-7.98742,-7.98742,-7.98742
1746178000600,-8.11321,-8.11321,-8.11321,-8.11321,-8.11321,-8.11321
1746178000602,-8.23899,-8.23899,-8.23899,-8.23899,-8.23899,-8.23899
1746178000627,-8.36478,-8.36478,-8.36478,-8.36478,-8.36478,-8.36478
1746178000629,-8.49057,-8.49057,-8.49057,-8.49057,-8.49057,-8.49056
1746178000657,-8.61635,-8.61635,-8.61635,-8.61635,-8.61635,-8.61635
1746178000661,-8.74214,-8.74214,-8.74214,-8.74214,-8.74214,-8.74214
1746178000663,-8.86793,-8.86792,-8.86793,-8.86793,-8.86792,-8.86792
1746178000688,-8.99371,-8.99371,-8.99371,-8.99371,-8.99371,-8.99371
1746178000690,-9.1195,-9.1195,-9.1195,-9.1195,-9.1195,-9.1195
1746178000716,-9.24528,-9.24528,-9.24528,-9.24528,-9.24528,-9.24528
1746178000718,-9.37107,-9.37107,-9.37107,-9.37107,-9.37107,-9.37107
1746178000720,-9.49686,-9.49686,-9.49686,-9.49686,-9.49686,-9.49685
1746178000745,-9.62264,-9.62264,-9.62264,-9.62264,-9.62264,-9.62264
1746178000747,-9.74843,-9.74843,-9.74843,-9.74843,-9.74843,-9.74843
1746178000772,-9.87421,-9.87421,-9.87421,-9.87421,-9.87421,-9.87421
1746178000774,-10,-10,-10,-10,-10,-10
1746178000799,-10,-10,-10,-10,-10,-10
1746178000801,-9.87422,-9.87422,-9.87422,-9.87422,-9.87422,-9.87421
1746178000826,-9.74843,-9.74843,-9.74843,-9.74843,-9.74843,-9.74843
1746178000832,-9.62264,-9.62264,-9.62264,-9.62264,-9.62264,-9.62264
1746178000834,-9.49686,-9.49686,-9.49686,-9.49686,-9.49686,-9.49686
1746178000860,-9.37107,-9.37107,-9.37107,-9.37107,-9.37107,-9.37107
1746178000884,-9.24529,-9.24528,-9.24529,-9.24529,-9.24528,-9.24528
1746178000886,-9.1195,-9.1195,-9.1195,-9.1195,-9.1195,-9.1195
1746178000911,-8.99371,-8.99371,-8.99371,-8.99371,-8.99371,-8.99371
1746178000913,-8.86793,-8.86793,-8.86793,-8.86793,-8.86793,-8.86792
1746178000938,-8.74214,-8.74214,-8.74214,-8.74214,-8.74214,-8.74214
1746178000940,-8.61635,-8.61635,-8.61635,-8.61635,-8.61635,-8.61635
1746178000966,-8.49057,-8.49057,-8.49057,-8.49057,-8.49057,-8.49057
1746178000968,-8.36478,-8.36478,-8.36478,-8.36478,-8.36478,-8.36478
1746178000970,-8.239,-8.23899,-8.239,-8.239,-8.23899,-8.23899
1746178000995,-8.11321,-8.11321,-8.11321,-8.11321,-8.11321,-8.11321
1746178000997,-7.98742,-7.98742,-7.98742,-7.98742,-7.98742,-7.98742
1746178000999,-7.86164,-7.86164,-7.86164,-7.86164,-7.86164,-7.86164
1746178001026,-7.73585,-7.73585,-7.73585,-7.73585,-7.73585,-7.73585
1746178001049,-7.61006,-7.61006,-7.61006,-7.61006,-7.61006,-7.61006
1746178001051,-7.48428,-7.48428,-7.48428,-7.48428,-7.48428,-7.48428
1746178001076,-7.35849,-7.35849,-7.35849,-7.35849,-7.35849,-7.35849
1746178001079,-7.23271,-7.23271,-7.23271,-7.23271,-7.23271,-7.2327
1746178001081,-7.10692,-7.10692,-7.10692,-7.10692,-7.10692,-7.10692
1746178001086,-6.98113,-6.98113,-6.98113,-6.98113,-6.98113,-6.98113
1746178001110,-6.85535,-6.85535,-6.85535,-6.85535,-6.85535,-6.85535
1746178001112,-6.72956,-6.72956,-6.72956,-6.72956,-6.72956,-6.72956
1746178001137,-6.60378,-6.60377,-6.60378,-6.60378,-6.60377,-6.60377
1746178001139,-6.47799,-6.47799,-6.47799,-6.47799,-6.47799,-6.47799
1746178001164,-6.3522,-6.3522,-6.3522,-6.3522,-6.3522,-6.3522
1746178001167,-6.22642,-6.22642,-6.22642,-6.22642,-6.22642,-6.22641
1746178001192,-6.10063,-6.10063,-6.10063,-6.10063,-6.10063,-6.10063
1746178001195,-5.97484,-5.97484,-5.97484,-5.97484,-5.97484,-5.97484
1746178001222,-5.84906,-5.84906,-5.84906,-5.84906,-5.84906,-5.84906
1746178001228,-5.72327,-5.72327,-5.72327,-5.72327,-5.72327,-5.72327
1746178001250,-5.59749,-5.59749,-5.59749,-5.59749,-5.59749,-5.59748
1746178001252,-5.4717,-5.4717,-5.4717,-5.4717,-5.4717,-5.4717
1746178001281,-5.34591,-5.34591,-5.34591,-5.34591,-5.34591,-5.34591
1746178001283,-5.22013,-5.22013,-5.22013,-5.22013,-5.22013,-5.22013
1746178001285,-5.09434,-5.09434,-5.09434,-5.09434,-5.09434,-5.09434
1746178001312,-4.96855,-4.96855,-4.96855,-4.96855,-4.96855,-4.96855
1746178001316,-4.84277,-4.84277,-4.84277,-4.84277,-4.84277,-4.84277
1746178001341,-4.71698,-4.71698,-4.71698,-4.71698,-4.71698,-4.71698
1746178001344,-4.5912,-4.5912,-4.5912,-4.5912,-4.5912,-4.59119
1746178001349,-4.46541,-4.46541,-4.46541,-4.46541,-4.46541,-4.46541
1746178001371,-4.33962,-4.33962,-4.33962,-4.33962,-4.33962,-4.33962
1746178001373,-4.21384,-4.21384,-4.21384,-4.21384,-4.21384,-4.21384
1746178001398,-4.08805,-4.08805,-4.08805,-4.08805,-4.08805,-4.08805
1746178001399,-3.96227,-3.96227,-3.96227,-3.96227,-3.96227,-3.96226
1746178001425,-3.83648,-3.83648,-3.83648,-3.83648,-3.83648,-3.83648
1746178001427,-3.71069,-3.71069,-3.71069,-3.71069,-3.71069,-3.71069
1746178001451,-3.58491,-3.58491,-3.58491,-3.58491,-3.58491,-3.58491
1746178001455,-3.45912,-3.45912,-3.45912,-3.45912,-3.45912,-3.45912
1746178001460,-3.33333,-3.33333,-3.33333,-3.33333,-3.33333,-3.33333
1746178001484,-3.20755,-3.20755,-3.20755,-3.20755,-3.20755,-3.20755
1746178001486,-3.08176,-3.08176,-3.08176,-3.08176,-3.08176,-3.08176
1746178001511,-2.95598,-2.95598,-2.95598,-2.95598,-2.95598,-2.95597
1746178001514,-2.83019,-2.83019,-2.83019,-2.83019,-2.83019,-2.83019
1746178001539,-2.7044,-2.7044,-2.7044,-2.7044,-2.7044,-2.7044
1746178001540,-2.57862,-2.57862,-2.57862,-2.57862,-2.57862,-2.57862
1746178001566,-2.45283,-2.45283,-2.45283,-2.45283,-2.45283,-2.45283
1746178001569,-2.32705,-2.32704,-2.32705,-2.32705,-2.32704,-2.32704
1746178001571,-2.20126,-2.20126,-2.20126,-2.20126,-2.20126,-2.20126
1746178001595,-2.07547,-2.07547,-2.07547,-2.07547,-2.07547,-2.07547
1746178001598,-1.94969,-1.94969,-1.94969,-1.94969,-1.94969,-1.94969
1746178001623,-1.8239,-1.8239,-1.8239,-1.8239,-1.8239,-1.8239
1746178001625,-1.69811,-1.69811,-1.69811,-1.69811,-1.69811,-1.69811
1746178001649,-1.57233,-1.57233,-1.57233,-1.57233,-1.57233,-1.57233
1746178001652,-1.44654,-1.44654,-1.44654,-1.44654,-1.44654,-1.44654
1746178001677,-1.32076,-1.32076,-1.32076,-1.32076,-1.32076,-1.32075
1746178001680,-1.19497,-1.19497,-1.19497,-1.19497,-1.19497,-1.19497
1746178001681,-1.06918,-1.06918,-1.06918,-1.06918,-1.06918,-1.06918
1746178001707,-0.943398,-0.943397,-0.943398,-0.943398,-0.943397,-0.943396
1746178001709,-0.817612,-0.817611,-0.817612,-0.817612,-0.817611,-0.81761
1746178001734,-0.691825,-0.691824,-0.691825,-0.691825,-0.691824,-0.691823
1746178001736,-0.566039,-0.566038,-0.566039,-0.566039,-0.566038,-0.566037
1746178001760,-0.440253,-0.440252,-0.440253,-0.440253,-0.440252,-0.440251
1746178001763,-0.314466,-0.314466,-0.314466,-0.314466,-0.314466,-0.314465
1746178001788,-0.188681,-0.18868,-0.188681,-0.188681,-0.18868,-0.188679
1746178001790,-0.0628948,-0.0628939,-0.0628948,-0.0628948,-0.0628939,-0.0628929
1746178001793,0.062892,0.0628929,0.062892,0.062892,0.0628929,0.0628939
1746178001800,0.188678,0.188679,0.188678,0.188678,0.188679,0.18868
1746178001821,0.314464,0.314465,0.314464,0.314464,0.314465,0.314466
1746178001824,0.44025,0.440251,0.44025,0.44025,0.440251,0.440252
1746178001850,0.566036,0.566037,0.566036,0.566036,0.566037,0.566038
1746178001854,0.691823,0.691824,0.691823,0.691823,0.691824,0.691825
1746178001856,0.817609,0.81761,0.817609,0.817609,0.81761,0.817611
1746178001885,0.943395,0.943396,0.943395,0.943395,0.943396,0.943397
1746178001889,1.06918,1.06918,1.06918,1.06918,1.06918,1.06918
1746178001914,1.19497,1.19497,1.19497,1.19497,1.19497,1.19497
1746178001915,1.32075,1.32075,1.32075,1.32075,1.32075,1.32076
1746178001941,1.44654,1.44654,1.44654,1.44654,1.44654,1.44654
1746178001943,1.57233,1.57233,1.57233,1.57233,1.57233,1.57233
1746178001947,1.69811,1.69811,1.69811,1.69811,1.69811,1.69811
1746178001972,1.8239,1.8239,1.8239,1.8239,1.8239,1.8239
1746178001974,1.94968,1.94969,1.94968,1.94968,1.94969,1.94969
1746178002000,2.07547,2.07547,2.07547,2.07547,2.07547,2.07547
1746178002002,2.20126,2.20126,2.20126,2.20126,2.20126,2.20126
1746178002027,2.32704,2.32704,2.32704,2.32704,2.32704,2.32704
1746178002030,2.45283,2.45283,2.45283,2.45283,2.45283,2.45283
1746178002055,2.57862,2.57862,2.57862,2.57862,2.57862,2.57862
1746178002057,2.7044,2.7044,2.7044,2.7044,2.7044,2.7044
1746178002082,2.83019,2.83019,2.83019,2.83019,2.83019,2.83019
1746178002084,2.95597,2.95597,2.95597,2.95597,2.95597,2.95598
1746178002109,3.08176,3.08176,3.08176,3.08176,3.08176,3.08176
1746178002111,3.20755,3.20755,3.20755,3.20755,3.20755,3.20755
1746178002138,3.33333,3.33333,3.33333,3.33333,3.33333,3.33333
1746178002143,3.45912,3.45912,3.45912,3.45912,3.45912,3.45912
1746178002145,3.5849,3.58491,3.5849,3.5849,3.58491,3.58491
1746178002171,3.71069,3.71069,3.71069,3.71069,3.71069,3.71069
1746178002173,3.83648,3.83648,3.83648,3.83648,3.83648,3.83648
1746178002197,3.96226,3.96226,3.96226,3.96226,3.96226,3.96227
1746178002200,4.08805,4.08805,4.08805,4.08805,4.08805,4.08805
1746178002225,4.21384,4.21384,4.21384,4.21384,4.21384,4.21384
1746178002228,4.33962,4.33962,4.33962,4.33962,4.33962,4.33962
1746178002231,4.46541,4.46541,4.46541,4.46541,4.46541,4.46541
1746178002257,4.59119,4.5912,4.59119,4.59119,4.5912,4.5912
1746178002280,4.71698,4.71698,4.71698,4.71698,4.71698,4.71698
1746178002283,4.84277,4.84277,4.84277,4.84277,4.84277,4.84277
1746178002285,4.96855,4.96855,4.96855,4.96855,4.96855,4.96855
1746178002312,5.09434,5.09434,5.09434,5.09434,5.09434,5.09434
1746178002316,5.22012,5.22013,5.22012,5.22012,5.22013,5.22013
1746178002318,5.34591,5.34591,5.34591,5.34591,5.34591,5.34591
1746178002344,5.4717,5.4717,5.4717,5.4717,5.4717,5.4717
1746178002346,5.59748,5.59748,5.59748,5.59748,5.59748,5.59749
1746178002371,5.72327,5.72327,5.72327,5.72327,5.72327,5.72327
1746178002373,5.84906,5.84906,5.84906,5.84906,5.84906,5.84906
1746178002400,5.97484,5.97484,5.97484,5.97484,5.97484,5.97484
1746178002403,6.10063,6.10063,6.10063,6.10063,6.10063,6.10063
1746178002429,6.22641,6.22641,6.22641,6.22641,6.22641,6.22642
1746178002431,6.3522,6.3522,6.3522,6.3522,6.3522,6.3522
1746178002436,6.47799,6.47799,6.47799,6.47799,6.47799,6.47799
1746178002459,6.60377,6.60377,6.60377,6.60377,6.60377,6.60378
1746178002462,6.72956,6.72956,6.72956,6.72956,6.72956,6.72956
1746178002486,6.85534,6.85535,6.85534,6.85534,6.85535,6.85535
1746178002489,6.98113,6.98113,6.98113,6.98113,6.98113,6.98113
1746178002514,7.10692,7.10692,7.10692,7.10692,7.10692,7.10692
1746178002516,7.2327,7.23271,7.2327,7.2327,7.23271,7.23271
1746178002540,7.35849,7.35849,7.35849,7.35849,7.35849,7.35849
1746178002543,7.48428,7.48428,7.48428,7.48428,7.48428,7.48428
1746178002547,7.61006,7.61006,7.61006,7.61006,7.61006,7.61006
1746178002570,7.73585,7.73585,7.73585,7.73585,7.73585,7.73585
1746178002572,7.86164,7.86164,7.86164,7.86164,7.86164,7.86164
1746178002598,7.98742,7.98742,7.98742,7.98742,7.98742,7.98742
1746178002602,8.11321,8.11321,8.11321,8.11321,8.11321,8.11321
1746178002627,8.23899,8.23899,8.23899,8.23899,8.23899,8.23899
1746178002628,8.36478,8.36478,8.36478,8.36478,8.36478,8.36478
1746178002653,8.49056,8.49057,8.49056,8.49056,8.49057,8.49057
1746178002657,8.61635,8.61635,8.61635,8.61635,8.61635,8.61635
1746178002661,8.74214,8.74214,8.74214,8.74214,8.74214,8.74214
1746178002684,8.86792,8.86792,8.86792,8.86792,8.86792,8.86793
1746178002686,8.99371,8.99371,8.99371,8.99371,8.99371,8.99371
1746178002711,9.1195,9.1195,9.1195,9.1195,9.1195,9.1195
1746178002713,9.24528,9.24528,9.24528,9.24528,9.24528,9.24528
1746178002737,9.37107,9.37107,9.37107,9.37107,9.37107,9.37107
1746178002740,9.49685,9.49686,9.49685,9.49685,9.49686,9.49686
1746178002764,9.62264,9.62264,9.62264,9.62264,9.62264,9.62264
1746178002766,9.74843,9.74843,9.74843,9.74843,9.74843,9.74843
1746178002794,9.87421,9.87421,9.87421,9.87421,9.87421,9.87421
1746178002798,10,10,10,10,10,10
1746178002800,10,10,10,10,10,10
1746178002828,9.87421,9.87422,9.87421,9.87421,9.87422,9.87422
1746178002832,9.74843,9.74843,9.74843,9.74843,9.74843,9.74843
1746178002836,9.62264,9.62264,9.62264,9.62264,9.62264,9.62264
1746178002861,9.49686,9.49686,9.49686,9.49686,9.49686,9.49686
1746178002864,9.37107,9.37107,9.37107,9.37107,9.37107,9.37107
1746178002889,9.24528,9.24528,9.24528,9.24528,9.24528,9.24529
1746178002891,9.1195,9.1195,9.1195,9.1195,9.1195,9.1195
1746178002915,8.99371,8.99371,8.99371,8.99371,8.99371,8.99371
1746178002918,8.86792,8.86793,8.86792,8.86792,8.86793,8.86793
1746178002922,8.74214,8.74214,8.74214,8.74214,8.74214,8.74214
1746178002945,8.61635,8.61635,8.61635,8.61635,8.61635,8.61635
1746178002947,8.49057,8.49057,8.49057,8.49057,8.49057,8.49057
1746178002973,8.36478,8.36478,8.36478,8.36478,8.36478,8.36478
1746178002975,8.23899,8.23899,8.23899,8.23899,8.23899,8.239
1746178003001,8.11321,8.11321,8.11321,8.11321,8.11321,8.11321
1746178003026,7.98742,7.98742,7.98742,7.98742,7.98742,7.98742
1746178003027,7.86164,7.86164,7.86164,7.86164,7.86164,7.86164
1746178003053,7.73585,7.73585,7.73585,7.73585,7.73585,7.73585
1746178003055,7.61006,7.61006,7.61006,7.61006,7.61006,7.61006
1746178003061,7.48428,7.48428,7.48428,7.48428,7.48428,7.48428
1746178003084,7.35849,7.35849,7.35849,7.35849,7.35849,7.35849
1746178003087,7.2327,7.23271,7.2327,7.2327,7.23271,7.23271
1746178003114,7.10692,7.10692,7.10692,7.10692,7.10692,7.10692
1746178003116,6.98113,6.98113,6.98113,6.98113,6.98113,6.98113
1746178003118,6.85535,6.85535,6.85535,6.85535,6.85535,6.85535
1746178003145,6.72956,6.72956,6.72956,6.72956,6.72956,6.72956
1746178003147,6.60377,6.60377,6.60377,6.60377,6.60377,6.60378
1746178003149,6.47799,6.47799,6.47799,6.47799,6.47799,6.47799
1746178003175,6.3522,6.3522,6.3522,6.3522,6.3522,6.3522
1746178003177,6.22641,6.22642,6.22641,6.22641,6.22642,6.22642
1746178003201,6.10063,6.10063,6.10063,6.10063,6.10063,6.10063
1746178003204,5.97484,5.97484,5.97484,5.97484,5.97484,5.97484
1746178003229,5.84906,5.84906,5.84906,5.84906,5.84906,5.84906
1746178003232,5.72327,5.72327,5.72327,5.72327,5.72327,5.72327
1746178003257,5.59748,5.59749,5.59748,5.59748,5.59749,5.59749
1746178003259,5.4717,5.4717,5.4717,5.4717,5.4717,5.4717
1746178003284,5.34591,5.34591,5.34591,5.34591,5.34591,5.34591
1746178003285,5.22013,5.22013,5.22013,5.22013,5.22013,5.22013
1746178003310,5.09434,5.09434,5.09434,5.09434,5.09434,5.09434
1746178003313,4.96855,4.96855,4.96855,4.96855,4.96855,4.96855
1746178003315,4.84277,4.84277,4.84277,4.84277,4.84277,4.84277
1746178003340,4.71698,4.71698,4.71698,4.71698,4.71698,4.71698
1746178003342,4.59119,4.5912,4.59119,4.59119,4.5912,4.5912
1746178003367,4.46541,4.46541,4.46541,4.46541,4.46541,4.46541
1746178003369,4.33962,4.33962,4.33962,4.33962,4.33962,4.33962
1746178003394,4.21384,4.21384,4.21384,4.21384,4.21384,4.21384
1746178003396,4.08805,4.08805,4.08805,4.08805,4.08805,4.08805
1746178003421,3.96226,3.96227,3.96226,3.96226,3.96227,3.96227
1746178003423,3.83648,3.83648,3.83648,3.83648,3.83648,3.83648
1746178003449,3.71069,3.71069,3.71069,3.71069,3.71069,3.71069
1746178003451,3.58491,3.58491,3.58491,3.58491,3.58491,3.58491
1746178003454,3.45912,3.45912,3.45912,3.45912,3.45912,3.45912
1746178003478,3.33333,3.33333,3.33333,3.33333,3.33333,3.33333
1746178003480,3.20755,3.20755,3.20755,3.20755,3.20755,3.20755
1746178003506,3.08176,3.08176,3.08176,3.08176,3.08176,3.08176
1746178003507,2.95597,2.95598,2.95597,2.95597,2.95598,2.95598
1746178003532,2.83019,2.83019,2.83019,2.83019,2.83019,2.83019
1746178003535,2.7044,2.7044,2.7044,2.7044,2.7044,2.7044
1746178003560,2.57862,2.57862,2.57862,2.57862,2.57862,2.57862
1746178003562,2.45283,2.45283,2.45283,2.45283,2.45283,2.45283
1746178003564,2.32704,2.32704,2.32704,2.32704,2.32704,2.32705
1746178003590,2.20126,2.20126,2.20126,2.20126,2.20126,2.20126
1746178003591,2.07547,2.07547,2.07547,2.07547,2.07547,2.07547
1746178003616,1.94969,1.94969,1.94969,1.94969,1.94969,1.94969
1746178003618,1.8239,1.8239,1.8239,1.8239,1.8239,1.8239
1746178003643,1.69811,1.69811,1.69811,1.69811,1.69811,1.69811
1746178003646,1.57233,1.57233,1.57233,1.57233,1.57233,1.57233
1746178003671,1.44654,1.44654,1.44654,1.44654,1.44654,1.44654
1746178003673,1.32075,1.32076,1.32075,1.32075,1.32076,1.32076
1746178003697,1.19497,1.19497,1.19497,1.19497,1.19497,1.19497
1746178003700,1.06918,1.06918,1.06918,1.06918,1.06918,1.06918
1746178003702,0.943396,0.943397,0.943396,0.943396,0.943397,0.943398
1746178003726,0.81761,0.817611,0.81761,0.81761,0.817611,0.817612
1746178003728,0.691823,0.691824,0.691823,0.691823,0.691824,0.691825
1746178003753,0.566037,0.566038,0.566037,0.566037,0.566038,0.566039
1746178003756,0.440251,0.440252,0.440251,0.440251,0.440252,0.440253
1746178003781,0.314465,0.314466,0.314465,0.314465,0.314466,0.314466
1746178003783,0.188679,0.18868,0.188679,0.188679,0.18868,0.188681
1746178003787,0.0628929,0.0628939,0.0628929,0.0628929,0.0628939,0.0628948
1746178003812,-0.0628939,-0.0628929,-0.0628939,-0.0628939,-0.0628929,-0.062892
1746178003814,-0.18868,-0.188679,-0.18868,-0.18868,-0.188679,-0.188678
1746178003816,-0.314466,-0.314465,-0.314466,-0.314466,-0.314465,-0.314464
1746178003843,-0.440252,-0.440251,-0.440252,-0.440252,-0.440251,-0.44025
1746178003845,-0.566038,-0.566037,-0.566038,-0.566038,-0.566037,-0.566036
1746178003870,-0.691825,-0.691824,-0.691825,-0.691825,-0.691824,-0.691823
1746178003872,-0.817611,-0.81761,-0.817611,-0.817611,-0.81761,-0.817609
1746178003897,-0.943397,-0.943396,-0.943397,-0.943397,-0.943396,-0.943395
1746178003899,-1.06918,-1.06918,-1.06918,-1.06918,-1.06918,-1.06918
1746178003925,-1.19497,-1.19497,-1.19497,-1.19497,-1.19497,-1.19497
1746178003927,-1.32076,-1.32075,-1.32076,-1.32076,-1.32075,-1.32075
1746178003932,-1.44654,-1.44654,-1.44654,-1.44654,-1.44654,-1.44654
1746178003956,-1.57233,-1.57233,-1.57233,-1.57233,-1.57233,-1.57233
1746178003958,-1.69811,-1.69811,-1.69811,-1.69811,-1.69811,-1.69811
1746178003983,-1.8239,-1.8239,-1.8239,-1.8239,-1.8239,-1.8239
1746178003985,-1.94969,-1.94969,-1.94969,-1.94969,-1.94969,-1.94968
1746178004010,-2.07547,-2.07547,-2.07547,-2.07547,-2.07547,-2.07547
1746178004012,-2.20126,-2.20126,-2.20126,-2.20126,-2.20126,-2.20126
1746178004038,-2.32704,-2.32704,-2.32704,-2.32704,-2.32704,-2.32704
1746178004040,-2.45283,-2.45283,-2.45283,-2.45283,-2.45283,-2.45283
1746178004067,-2.57862,-2.57862,-2.57862,-2.57862,-2.57862,-2.57862
1746178004072,-2.7044,-2.7044,-2.7044,-2.7044,-2.7044,-2.7044
1746178004096,-2.83019,-2.83019,-2.83019,-2.83019,-2.83019,-2.83019
1746178004099,-2.95598,-2.95597,-2.95598,-2.95598,-2.95597,-2.95597
1746178004103,-3.08176,-3.08176,-3.08176,-3.08176,-3.08176,-3.08176
1746178004128,-3.20755,-3.20755,-3.20755,-3.20755,-3.20755,-3.20755
1746178004130,-3.33333,-3.33333,-3.33333,-3.33333,-3.33333,-3.33333
1746178004155,-3.45912,-3.45912,-3.45912,-3.45912,-3.45912,-3.45912
1746178004157,-3.58491,-3.58491,-3.58491,-3.58491,-3.58491,-3.5849
1746178004182,-3.71069,-3.71069,-3.71069,-3.71069,-3.71069,-3.71069
1746178004184,-3.83648,-3.83648,-3.83648,-3.83648,-3.83648,-3.83648
1746178004209,-3.96227,-3.96226,-3.96227,-3.96227,-3.96226,-3.96226
1746178004212,-4.08805,-4.08805,-4.08805,-4.08805,-4.08805,-4.08805
1746178004217,-4.21384,-4.21384,-4.21384,-4.21384,-4.21384,-4.21384
1746178004241,-4.33962,-4.33962,-4.33962,-4.33962,-4.33962,-4.33962
1746178004244,-4.46541,-4.46541,-4.46541,-4.46541,-4.46541,-4.46541
1746178004269,-4.5912,-4.5912,-4.5912,-4.5912,-4.5912,-4.59119
1746178004271,-4.71698,-4.71698,-4.71698,-4.71698,-4.71698,-4.71698
1746178004296,-4.84277,-4.84277,-4.84277,-4.84277,-4.84277,-4.84277
1746178004298,-4.96855,-4.96855,-4.96855,-4.96855,-4.96855,-4.96855
1746178004324,-5.09434,-5.09434,-5.09434,-5.09434,-5.09434,-5.09434
1746178004326,-5.22013,-5.22013,-5.22013,-5.22013,-5.22013,-5.22012
1746178004329,-5.34591,-5.34591,-5.34591,-5.34591,-5.34591,-5.34591
1746178004353,-5.4717,-5.4717,-5.4717,-5.4717,-5.4717,-5.4717
1746178004355,-5.59749,-5.59748,-5.59749,-5.59749,-5.59748,-5.59748
1746178004380,-5.72327,-5.72327,-5.72327,-5.72327,-5.72327,-5.72327
1746178004382,-5.84906,-5.84906,-5.84906,-5.84906,-5.84906,-5.84906
1746178004407,-5.97484,-5.97484,-5.97484,-5.97484,-5.97484,-5.97484
1746178004409,-6.10063,-6.10063,-6.10063,-6.10063,-6.10063,-6.10063
1746178004434,-6.22642,-6.22641,-6.22642,-6.22642,-6.22641,-6.22641
1746178004437,-6.3522,-6.3522,-6.3522,-6.3522,-6.3522,-6.3522
1746178004439,-6.47799,-6.47799,-6.47799,-6.47799,-6.47799,-6.47799
1746178004464,-6.60378,-6.60377,-6.60378,-6.60378,-6.60377,-6.60377
1746178004466,-6.72956,-6.72956,-6.72956,-6.72956,-6.72956,-6.72956
1746178004491,-6.85535,-6.85535,-6.85535,-6.85535,-6.85535,-6.85534
1746178004493,-6.98113,-6.98113,-6.98113,-6.98113,-6.98113,-6.98113
1746178004518,-7.10692,-7.10692,-7.10692,-7.10692,-7.10692,-7.10692
1746178004521,-7.23271,-7.23271,-7.23271,-7.23271,-7.23271,-7.2327
1746178004546,-7.35849,-7.35849,-7.35849,-7.35849,-7.35849,-7.35849
1746178004548,-7.48428,-7.48428,-7.48428,-7.48428,-7.48428,-7.48428
1746178004572,-7.61006,-7.61006,-7.61006,-7.61006,-7.61006,-7.61006
1746178004575,-7.73585,-7.73585,-7.73585,-7.73585,-7.73585,-7.73585
1746178004577,-7.86164,-7.86164,-7.86164,-7.86164,-7.86164,-7.86164
1746178004601,-7.98742,-7.98742,-7.98742,-7.98742,-7.98742,-7.98742
1746178004603,-8.11321,-8.11321,-8.11321,-8.11321,-8.11321,-8.11321
1746178004628,-8.23899,-8.23899,-8.23899,-8.23899,-8.23899,-8.23899
1746178004631,-8.36478,-8.36478,-8.36478,-8.36478,-8.36478,-8.36478
1746178004655,-8.49057,-8.49057,-8.49057,-8.49057,-8.49057,-8.49056
1746178004658,-8.61635,-8.61635,-8.61635,-8.61635,-8.61635,-8.61635
1746178004682,-8.74214,-8.74214,-8.74214,-8.74214,-8.74214,-8.74214
1746178004684,-8.86793,-8.86792,-8.86793,-8.86793,-8.86792,-8.86792
1746178004709,-8.99371,-8.99371,-8.99371,-8.99371,-8.99371,-8.99371
1746178004712,-9.1195,-9.1195,-9.1195,-9.1195,-9.1195,-9.1195
1746178004714,-9.24528,-9.24528,-9.24528,-9.24528,-9.24528,-9.24528
1746178004740,-9.37107,-9.37107,-9.37107,-9.37107,-9.37107,-9.37107
1746178004742,-9.49686,-9.49686,-9.49686,-9.49686,-9.49686,-9.49685
1746178004767,-9.62264,-9.62264,-9.62264,-9.62264,-9.62264,-9.62264
1746178004769,-9.74843,-9.74843,-9.74843,-9.74843,-9.74843,-9.74843
1746178004794,-9.87421,-9.87421,-9.87421,-9.87421,-9.87421,-9.87421
1746178004796,-10,-10,-10,-10,-10,-10
1746178004823,-10,-10,-10,-10,-10,-10
1746178004825,-9.87422,-9.87422,-9.87422,-9.87422,-9.87422,-9.87421
1746178004828,-9.74843,-9.74843,-9.74843,-9.74843,-9.74843,-9.74843
1746178004835,-9.62264,-9.62264,-9.62264,-9.62264,-9.62264,-9.62264
1746178004859,-9.49686,-9.49686,-9.49686,-9.49686,-9.49686,-9.49686
1746178004883,-9.37107,-9.37107,-9.37107,-9.37107,-9.37107,-9.37107
1746178004908,-9.24529,-9.24528,-9.24529,-9.24529,-9.24528,-9.24528
1746178004910,-9.1195,-9.1195,-9.1195,-9.1195,-9.1195,-9.1195
1746178004935,-8.99371,-8.99371,-8.99371,-8.99371,-8.99371,-8.99371
1746178004938,-8.86793,-8.86793,-8.86793,-8.86793,-8.86793,-8.86792
1746178004940,-8.74214,-8.74214,-8.74214,-8.74214,-8.74214,-8.74214
1746178004968,-8.61635,-8.61635,-8.61635,-8.61635,-8.61635,-8.61635
1746178004973,-8.49057,-8.49057,-8.49057,-8.49057,-8.49057,-8.49057
1746178004974,-8.36478,-8.36478,-8.36478,-8.36478,-8.36478,-8.36478
1746178004978,-8.239,-8.23899,-8.239,-8.239,-8.23899,-8.23899
1746178005003,-8.11321,-8.11321,-8.11321,-8.11321,-8.11321,-8.11321
1746178005027,-7.98742,-7.98742,-7.98742,-7.98742,-7.98742,-7.98742
1746178005029,-7.86164,-7.86164,-7.86164,-7.86164,-7.86164,-7.86164
1746178005054,-7.73585,-7.73585,-7.73585,-7.73585,-7.73585,-7.73585
1746178005056,-7.61006,-7.61006,-7.61006,-7.61006,-7.61006,-7.61006
1746178005082,-7.48428,-7.48428,-7.48428,-7.48428,-7.48428,-7.48428
1746178005083,-7.35849,-7.35849,-7.35849,-7.35849,-7.35849,-7.35849
1746178005086,-7.23271,-7.23271,-7.23271,-7.23271,-7.23271,-7.2327
1746178005090,-7.10692,-7.10692,-7.10692,-7.10692,-7.10692,-7.10692
1746178005114,-6.98113,-6.98113,-6.98113,-6.98113,-6.98113,-6.98113
1746178005139,-6.85535,-6.85535,-6.85535,-6.85535,-6.85535,-6.85535
1746178005141,-6.72956,-6.72956,-6.72956,-6.72956,-6.72956,-6.72956
1746178005143,-6.60378,-6.60377,-6.60378,-6.60378,-6.60377,-6.60377
1746178005168,-6.47799,-6.47799,-6.47799,-6.47799,-6.47799,-6.47799
1746178005171,-6.3522,-6.3522,-6.3522,-6.3522,-6.3522,-6.3522
1746178005196,-6.22642,-6.22642,-6.22642,-6.22642,-6.22642,-6.22641
1746178005198,-6.10063,-6.10063,-6.10063,-6.10063,-6.10063,-6.10063
1746178005224,-5.97484,-5.97484,-5.97484,-5.97484,-5.97484,-5.97484
1746178005228,-5.84906,-5.84906,-5.84906,-5.84906,-5.84906,-5.84906
1746178005253,-5.72327,-5.72327,-5.72327,-5.72327,-5.72327,-5.72327
1746178005255,-5.59749,-5.59749,-5.59749,-5.59749,-5.59749,-5.59748
1746178005281,-5.4717,-5.4717,-5.4717,-5.4717,-5.4717,-5.4717
1746178005285,-5.34591,-5.34591,-5.34591,-5.34591,-5.34591,-5.34591
1746178005310,-5.22013,-5.22013,-5.22013,-5.22013,-5.22013,-5.22013
1746178005313,-5.09434,-5.09434,-5.09434,-5.09434,-5.09434,-5.09434
1746178005315,-4.96855,-4.96855,-4.96855,-4.96855,-4.96855,-4.96855
1746178005341,-4.84277,-4.84277,-4.84277,-4.84277,-4.84277,-4.84277
1746178005343,-4.71698,-4.71698,-4.71698,-4.71698,-4.71698,-4.71698
1746178005367,-4.5912,-4.5912,-4.5912,-4.5912,-4.5912,-4.59119
1746178005369,-4.46541,-4.46541,-4.46541,-4.46541,-4.46541,-4.46541
1746178005394,-4.33962,-4.33962,-4.33962,-4.33962,-4.33962,-4.33962
1746178005396,-4.21384,-4.21384,-4.21384,-4.21384,-4.21384,-4.21384
1746178005422,-4.08805,-4.08805,-4.08805,-4.08805,-4.08805,-4.08805
1746178005426,-3.96227,-3.96227,-3.96227,-3.96227,-3.96227,-3.96226
1746178005429,-3.83648,-3.83648,-3.83648,-3.83648,-3.83648,-3.83648
1746178005457,-3.71069,-3.71069,-3.71069,-3.71069,-3.71069,-3.71069
1746178005461,-3.58491,-3.58491,-3.58491,-3.58491,-3.58491,-3.58491
1746178005486,-3.45912,-3.45912,-3.45912,-3.45912,-3.45912,-3.45912
1746178005489,-3.33333,-3.33333,-3.33333,-3.33333,-3.33333,-3.33333
1746178005517,-3.20755,-3.20755,-3.20755,-3.20755,-3.20755,-3.20755
1746178005519,-3.08176,-3.08176,-3.08176,-3.08176,-3.08176,-3.08176
1746178005522,-2.95598,-2.95598,-2.95598,-2.95598,-2.95598,-2.95597
1746178005549,-2.83019,-2.83019,-2.83019,-2.83019,-2.83019,-2.83019
1746178005553,-2.7044,-2.7044,-2.7044,-2.7044,-2.7044,-2.7044
1746178005555,-2.57862,-2.57862,-2.57862,-2.57862,-2.57862,-2.57862
1746178005581,-2.45283,-2.45283,-2.45283,-2.45283,-2.45283,-2.45283
1746178005586,-2.32705,-2.32704,-2.32705,-2.32705,-2.32704,-2.32704
1746178005610,-2.20126,-2.20126,-2.20126,-2.20126,-2.20126,-2.20126
1746178005612,-2.07547,-2.07547,-2.07547,-2.07547,-2.07547,-2.07547
1746178005638,-1.94969,-1.94969,-1.94969,-1.94969,-1.94969,-1.94969
1746178005641,-1.8239,-1.8239,-1.8239,-1.8239,-1.8239,-1.8239
1746178005643,-1.69811,-1.69811,-1.69811,-1.69811,-1.69811,-1.69811
1746178005669,-1.57233,-1.57233,-1.57233,-1.57233,-1.57233,-1.57233
1746178005674,-1.44654,-1.44654,-1.44654,-1.44654,-1.44654,-1.44654
1746178005699,-1.32076,-1.32076,-1.32076,-1.32076,-1.32076,-1.32075
1746178005701,-1.19497,-1.19497,-1.19497,-1.19497,-1.19497,-1.19497
1746178005705,-1.06918,-1.06918,-1.06918,-1.06918,-1.06918,-1.06918
1746178005728,-0.943398,-0.943397,-0.943398,-0.943398,-0.943397,-0.943396
1746178005730,-0.817612,-0.817611,-0.817612,-0.817612,-0.817611,-0.81761
1746178005755,-0.691825,-0.691824,-0.691825,-0.691825,-0.691824,-0.691823
1746178005757,-0.566039,-0.566038,-0.566039,-0.566039,-0.566038,-0.566037
1746178005782,-0.440253,-0.440252,-0.440253,-0.440253,-0.440252,-0.440251
1746178005784,-0.314466,-0.314466,-0.314466,-0.314466,-0.314466,-0.314465
1746178005809,-0.188681,-0.18868,-0.188681,-0.188681,-0.18868,-0.188679
1746178005812,-0.0628948,-0.0628939,-0.0628948,-0.0628948,-0.0628939,-0.0628929
1746178005817,0.062892,0.0628929,0.062892,0.062892,0.0628929,0.0628939
1746178005825,0.188678,0.188679,0.188678,0.188678,0.188679,0.18868
1746178005846,0.314464,0.314465,0.314464,0.314464,0.314465,0.314466
1746178005848,0.44025,0.440251,0.44025,0.44025,0.440251,0.440252
1746178005873,0.566036,0.566037,0.566036,0.566036,0.566037,0.566038
1746178005876,0.691823,0.691824,0.691823,0.691823,0.691824,0.691825
1746178005901,0.817609,0.81761,0.817609,0.817609,0.81761,0.817611
1746178005903,0.943395,0.943396,0.943395,0.943395,0.943396,0.943397
1746178005907,1.06918,1.06918,1.06918,1.06918,1.06918,1.06918
1746178005931,1.19497,1.19497,1.19497,1.19497,1.19497,1.19497
1746178005933,1.32075,1.32075,1.32075,1.32075,1.32075,1.32076
1746178005958,1.44654,1.44654,1.44654,1.44654,1.44654,1.44654
1746178005960,1.57233,1.57233,1.57233,1.57233,1.57233,1.57233
1746178005985,1.69811,1.69811,1.69811,1.69811,1.69811,1.69811
1746178005987,1.8239,1.8239,1.8239,1.8239,1.8239,1.8239
1746178006013,1.94968,1.94969,1.94968,1.94968,1.94969,1.94969
1746178006015,2.07547,2.07547,2.07547,2.07547,2.07547,2.07547
1746178006019,2.20126,2.20126,2.20126,2.20126,2.20126,2.20126
1746178006043,2.32704,2.32704,2.32704,2.32704,2.32704,2.32704
1746178006046,2.45283,2.45283,2.45283,2.45283,2.45283,2.45283
1746178006071,2.57862,2.57862,2.57862,2.57862,2.57862,2.57862
1746178006096,2.7044,2.7044,2.7044,2.7044,2.7044,2.7044
1746178006098,2.83019,2.83019,2.83019,2.83019,2.83019,2.83019
1746178006123,2.95597,2.95597,2.95597,2.95597,2.95597,2.95598
1746178006125,3.08176,3.08176,3.08176,3.08176,3.08176,3.08176
1746178006150,3.20755,3.20755,3.20755,3.20755,3.20755,3.20755
1746178006153,3.33333,3.33333,3.33333,3.33333,3.33333,3.33333
1746178006158,3.45912,3.45912,3.45912,3.45912,3.45912,3.45912
1746178006182,3.5849,3.58491,3.5849,3.5849,3.58491,3.58491
1746178006184,3.71069,3.71069,3.71069,3.71069,3.71069,3.71069
1746178006209,3.83648,3.83648,3.83648,3.83648,3.83648,3.83648
1746178006211,3.96226,3.96226,3.96226,3.96226,3.96226,3.96227
1746178006236,4.08805,4.08805,4.08805,4.08805,4.08805,4.08805
1746178006238,4.21384,4.21384,4.21384,4.21384,4.21384,4.21384
1746178006263,4.33962,4.33962,4.33962,4.33962,4.33962,4.33962
1746178006265,4.46541,4.46541,4.46541,4.46541,4.46541,4.46541
1746178006268,4.59119,4.5912,4.59119,4.59119,4.5912,4.5912
1746178006293,4.71698,4.71698,4.71698,4.71698,4.71698,4.71698
1746178006295,4.84277,4.84277,4.84277,4.84277,4.84277,4.84277
1746178006320,4.96855,4.96855,4.96855,4.96855,4.96855,4.96855
1746178006323,5.09434,5.09434,5.09434,5.09434,5.09434,5.09434
1746178006347,5.22012,5.22013,5.22012,5.22012,5.22013,5.22013
1746178006349,5.34591,5.34591,5.34591,5.34591,5.34591,5.34591
1746178006378,5.4717,5.4717,5.4717,5.4717,5.4717,5.4717
1746178006382,5.59748,5.59748,5.59748,5.59748,5.59748,5.59749
1746178006384,5.72327,5.72327,5.72327,5.72327,5.72327,5.72327
1746178006409,5.84906,5.84906,5.84906,5.84906,5.84906,5.84906
1746178006411,5.97484,5.97484,5.97484,5.97484,5.97484,5.97484
1746178006436,6.10063,6.10063,6.10063,6.10063,6.10063,6.10063
1746178006439,6.22641,6.22641,6.22641,6.22641,6.22641,6.22642
1746178006441,6.3522,6.3522,6.3522,6.3522,6.3522,6.3522
1746178006468,6.47799,6.47799,6.47799,6.47799,6.47799,6.47799
1746178006472,6.60377,6.60377,6.60377,6.60377,6.60377,6.60378
1746178006496,6.72956,6.72956,6.72956,6.72956,6.72956,6.72956
1746178006498,6.85534,6.85535,6.85534,6.85534,6.85535,6.85535
1746178006523,6.98113,6.98113,6.98113,6.98113,6.98113,6.98113
1746178006525,7.10692,7.10692,7.10692,7.10692,7.10692,7.10692
1746178006530,7.2327,7.23271,7.2327,7.2327,7.23271,7.23271
1746178006554,7.35849,7.35849,7.35849,7.35849,7.35849,7.35849
1746178006558,7.48428,7.48428,7.48428,7.48428,7.48428,7.48428
1746178006583,7.61006,7.61006,7.61006,7.61006,7.61006,7.61006
1746178006585,7.73585,7.73585,7.73585,7.73585,7.73585,7.73585
1746178006611,7.86164,7.86164,7.86164,7.86164,7.86164,7.86164
1746178006613,7.98742,7.98742,7.98742,7.98742,7.98742,7.98742
1746178006638,8.11321,8.11321,8.11321,8.11321,8.11321,8.11321
1746178006640,8.23899,8.23899,8.23899,8.23899,8.23899,8.23899
1746178006643,8.36478,8.36478,8.36478,8.36478,8.36478,8.36478
1746178006669,8.49056,8.49057,8.49056,8.49056,8.49057,8.49057
1746178006672,8.61635,8.61635,8.61635,8.61635,8.61635,8.61635
1746178006698,8.74214,8.74214,8.74214,8.74214,8.74214,8.74214
1746178006700,8.86792,8.86792,8.86792,8.86792,8.86792,8.86793
1746178006705,8.99371,8.99371,8.99371,8.99371,8.99371,8.99371
1746178006729,9.1195,9.1195,9.1195,9.1195,9.1195,9.1195
1746178006731,9.24528,9.24528,9.24528,9.24528,9.24528,9.24528
1746178006756,9.37107,9.37107,9.37107,9.37107,9.37107,9.37107
1746178006758,9.49685,9.49686,9.49685,9.49685,9.49686,9.49686
1746178006783,9.62264,9.62264,9.62264,9.62264,9.62264,9.62264
1746178006785,9.74843,9.74843,9.74843,9.74843,9.74843,9.74843
1746178006810,9.87421,9.87421,9.87421,9.87421,9.87421,9.87421
1746178006813,10,10,10,10,10,10
1746178006815,10,10,10,10,10,10
1746178006842,9.87421,9.87422,9.87421,9.87421,9.87422,9.87422
1746178006847,9.74843,9.74843,9.74843,9.74843,9.74843,9.74843
1746178006851,9.62264,9.62264,9.62264,9.62264,9.62264,9.62264
1746178006877,9.49686,9.49686,9.49686,9.49686,9.49686,9.49686
1746178006880,9.37107,9.37107,9.37107,9.37107,9.37107,9.37107
1746178006905,9.24528,9.24528,9.24528,9.24528,9.24528,9.24529
1746178006907,9.1195,9.1195,9.1195,9.1195,9.1195,9.1195
1746178006933,8.99371,8.99371,8.99371,8.99371,8.99371,8.99371
1746178006939,8.86792,8.86793,8.86792,8.86792,8.86793,8.86793
1746178006941,8.74214,8.74214,8.74214,8.74214,8.74214,8.74214
1746178006966,8.61635,8.61635,8.61635,8.61635,8.61635,8.61635
1746178006969,8.49057,8.49057,8.49057,8.49057,8.49057,8.49057
1746178006994,8.36478,8.36478,8.36478,8.36478,8.36478,8.36478
1746178006996,8.23899,8.23899,8.23899,8.23899,8.23899,8.239
1746178007021,8.11321,8.11321,8.11321,8.11321,8.11321,8.11321
1746178007046,7.98742,7.98742,7.98742,7.98742,7.98742,7.98742
1746178007049,7.86164,7.86164,7.86164,7.86164,7.86164,7.86164
1746178007073,7.73585,7.73585,7.73585,7.73585,7.73585,7.73585
1746178007075,7.61006,7.61006,7.61006,7.61006,7.61006,7.61006
1746178007078,7.48428,7.48428,7.48428,7.48428,7.48428,7.48428
1746178007104,7.35849,7.35849,7.35849,7.35849,7.35849,7.35849
1746178007108,7.2327,7.23271,7.2327,7.2327,7.23271,7.23271
1746178007133,7.10692,7.10692,7.10692,7.10692,7.10692,7.10692
1746178007135,6.98113,6.98113,6.98113,6.98113,6.98113,6.98113
1746178007138,6.85535,6.85535,6.85535,6.85535,6.85535,6.85535
1746178007141,6.72956,6.72956,6.72956,6.72956,6.72956,6.72956
1746178007166,6.60377,6.60377,6.60377,6.60377,6.60377,6.60378
1746178007168,6.47799,6.47799,6.47799,6.47799,6.47799,6.47799
1746178007192,6.3522,6.3522,6.3522,6.3522,6.3522,6.3522
1746178007195,6.22641,6.22642,6.22641,6.22641,6.22642,6.22642
1746178007219,6.10063,6.10063,6.10063,6.10063,6.10063,6.10063
1746178007222,5.97484,5.97484,5.97484,5.97484,5.97484,5.97484
1746178007247,5.84906,5.84906,5.84906,5.84906,5.84906,5.84906
1746178007249,5.72327,5.72327,5.72327,5.72327,5.72327,5.72327
1746178007276,5.59748,5.59749,5.59748,5.59748,5.59749,5.59749
1746178007280,5.4717,5.4717,5.4717,5.4717,5.4717,5.4717
1746178007305,5.34591,5.34591,5.34591,5.34591,5.34591,5.34591
1746178007308,5.22013,5.22013,5.22013,5.22013,5.22013,5.22013
1746178007313,5.09434,5.09434,5.09434,5.09434,5.09434,5.09434
1746178007336,4.96855,4.96855,4.96855,4.96855,4.96855,4.96855
1746178007339,4.84277,4.84277,4.84277,4.84277,4.84277,4.84277
1746178007364,4.71698,4.71698,4.71698,4.71698,4.71698,4.71698
1746178007366,4.59119,4.5912,4.59119,4.59119,4.5912,4.5912
1746178007391,4.46541,4.46541,4.46541,4.46541,4.46541,4.46541
1746178007393,4.33962,4.33962,4.33962,4.33962,4.33962,4.33962
1746178007418,4.21384,4.21384,4.21384,4.21384,4.21384,4.21384
1746178007421,4.08805,4.08805,4.08805,4.08805,4.08805,4.08805
1746178007426,3.96226,3.96227,3.96226,3.96226,3.96227,3.96227
1746178007449,3.83648,3.83648,3.83648,3.83648,3.83648,3.83648
1746178007452,3.71069,3.71069,3.71069,3.71069,3.71069,3.71069
1746178007477,3.58491,3.58491,3.58491,3.58491,3.58491,3.58491
1746178007479,3.45912,3.45912,3.45912,3.45912,3.45912,3.45912
1746178007504,3.33333,3.33333,3.33333,3.33333,3.33333,3.33333
1746178007506,3.20755,3.20755,3.20755,3.20755,3.20755,3.20755
1746178007531,3.08176,3.08176,3.08176,3.08176,3.08176,3.08176
1746178007534,2.95597,2.95598,2.95597,2.95597,2.95598,2.95598
1746178007536,2.83019,2.83019,2.83019,2.83019,2.83019,2.83019
1746178007561,2.7044,2.7044,2.7044,2.7044,2.7044,2.7044
1746178007563,2.57862,2.57862,2.57862,2.57862,2.57862,2.57862
1746178007587,2.45283,2.45283,2.45283,2.45283,2.45283,2.45283
1746178007590,2.32704,2.32704,2.32704,2.32704,2.32704,2.32705
1746178007614,2.20126,2.20126,2.20126,2.20126,2.20126,2.20126
1746178007617,2.07547,2.07547,2.07547,2.07547,2.07547,2.07547
1746178007642,1.94969,1.94969,1.94969,1.94969,1.94969,1.94969
1746178007644,1.8239,1.8239,1.8239,1.8239,1.8239,1.8239
1746178007668,1.69811,1.69811,1.69811,1.69811,1.69811,1.69811
1746178007671,1.57233,1.57233,1.57233,1.57233,1.57233,1.57233
1746178007676,1.44654,1.44654,1.44654,1.44654,1.44654,1.44654
1746178007699,1.32075,1.32076,1.32075,1.32075,1.32076,1.32076
1746178007702,1.19497,1.19497,1.19497,1.19497,1.19497,1.19497
1746178007728,1.06918,1.06918,1.06918,1.06918,1.06918,1.06918
1746178007731,0.943396,0.943397,0.943396,0.943396,0.943397,0.943398
1746178007755,0.81761,0.817611,0.81761,0.81761,0.817611,0.817612
1746178007758,0.691823,0.691824,0.691823,0.691823,0.691824,0.691825
1746178007784,0.566037,0.566038,0.566037,0.566037,0.566038,0.566039
1746178007786,0.440251,0.440252,0.440251,0.440251,0.440252,0.440253
1746178007790,0.314465,0.314466,0.314465,0.314465,0.314466,0.314466
1746178007814,0.188679,0.18868,0.188679,0.188679,0.18868,0.188681
1746178007816,0.0628929,0.0628939,0.0628929,0.0628929,0.0628939,0.0628948
1746178007819,-0.0628939,-0.0628929,-0.0628939,-0.0628939,-0.0628929,-0.062892
1746178007844,-0.18868,-0.188679,-0.18868,-0.18868,-0.188679,-0.188678
1746178007846,-0.314466,-0.314465,-0.314466,-0.314466,-0.314465,-0.314464
1746178007871,-0.440252,-0.440251,-0.440252,-0.440252,-0.440251,-0.44025
1746178007873,-0.566038,-0.566037,-0.566038,-0.566038,-0.566037,-0.566036
1746178007876,-0.691825,-0.691824,-0.691825,-0.691825,-0.691824,-0.691823
1746178007904,-0.817611,-0.81761,-0.817611,-0.817611,-0.81761,-0.817609
1746178007908,-0.943397,-0.943396,-0.943397,-0.943397,-0.943396,-0.943395
1746178007910,-1.06918,-1.06918,-1.06918,-1.06918,-1.06918,-1.06918
1746178007936,-1.19497,-1.19497,-1.19497,-1.19497,-1.19497,-1.19497
1746178007938,-1.32076,-1.32075,-1.32076,-1.32076,-1.32075,-1.32075
1746178007963,-1.44654,-1.44654,-1.44654,-1.44654,-1.44654,-1.44654
1746178007965,-1.57233,-1.57233,-1.57233,-1.57233,-1.57233,-1.57233
1746178007994,-1.69811,-1.69811,-1.69811,-1.69811,-1.69811,-1.69811
1746178007998,-1.8239,-1.8239,-1.8239,-1.8239,-1.8239,-1.8239
1746178008000,-1.94969,-1.94969,-1.94969,-1.94969,-1.94969,-1.94968
1746178008025,-2.07547,-2.07547,-2.07547,-2.07547,-2.07547,-2.07547
1746178008027,-2.20126,-2.20126,-2.20126,-2.20126,-2.20126,-2.20126
1746178008051,-2.32704,-2.32704,-2.32704,-2.32704,-2.32704,-2.32704
1746178008054,-2.45283,-2.45283,-2.45283,-2.45283,-2.45283,-2.45283
1746178008079,-2.57862,-2.57862,-2.57862,-2.57862,-2.57862,-2.57862
1746178008104,-2.7044,-2.7044,-2.7044,-2.7044,-2.7044,-2.7044
1746178008106,-2.83019,-2.83019,-2.83019,-2.83019,-2.83019,-2.83019
1746178008131,-2.95598,-2.95597,-2.95598,-2.95598,-2.95597,-2.95597
1746178008134,-3.08176,-3.08176,-3.08176,-3.08176,-3.08176,-3.08176
1746178008136,-3.20755,-3.20755,-3.20755,-3.20755,-3.20755,-3.20755
1746178008163,-3.33333,-3.33333,-3.33333,-3.33333,-3.33333,-3.33333
1746178008166,-3.45912,-3.45912,-3.45912,-3.45912,-3.45912,-3.45912
1746178008191,-3.58491,-3.58491,-3.58491,-3.58491,-3.58491,-3.5849
1746178008194,-3.71069,-3.71069,-3.71069,-3.71069,-3.71069,-3.71069
1746178008196,-3.83648,-3.83648,-3.83648,-3.83648,-3.83648,-3.83648
1746178008222,-3.96227,-3.96226,-3.96227,-3.96227,-3.96226,-3.96226
1746178008224,-4.08805,-4.08805,-4.08805,-4.08805,-4.08805,-4.08805
1746178008250,-4.21384,-4.21384,-4.21384,-4.21384,-4.21384,-4.21384
1746178008252,-4.33962,-4.33962,-4.33962,-4.33962,-4.33962,-4.33962
1746178008276,-4.46541,-4.46541,-4.46541,-4.46541,-4.46541,-4.46541
1746178008279,-4.5912,-4.5912,-4.5912,-4.5912,-4.5912,-4.59119
1746178008305,-4.71698,-4.71698,-4.71698,-4.71698,-4.71698,-4.71698
1746178008309,-4.84277,-4.84277,-4.84277,-4.84277,-4.84277,-4.84277
1746178008312,-4.96855,-4.96855,-4.96855,-4.96855,-4.96855,-4.96855
1746178008336,-5.09434,-5.09434,-5.09434,-5.09434,-5.09434,-5.09434
1746178008339,-5.22013,-5.22013,-5.22013,-5.22013,-5.22013,-5.22012
1746178008364,-5.34591,-5.34591,-5.34591,-5.34591,-5.34591,-5.34591
1746178008365,-5.4717,-5.4717,-5.4717,-5.4717,-5.4717,-5.4717
1746178008391,-5.59749,-5.59748,-5.59749,-5.59749,-5.59748,-5.59748
1746178008393,-5.72327,-5.72327,-5.72327,-5.72327,-5.72327,-5.72327
1746178008421,-5.84906,-5.84906,-5.84906,-5.84906,-5.84906,-5.84906
1746178008425,-5.97484,-5.97484,-5.97484,-5.97484,-5.97484,-5.97484
1746178008427,-6.10063,-6.10063,-6.10063,-6.10063,-6.10063,-6.10063
1746178008452,-6.22642,-6.22641,-6.22642,-6.22642,-6.22641,-6.22641
1746178008453,-6.3522,-6.3522,-6.3522,-6.3522,-6.3522,-6.3522
1746178008478,-6.47799,-6.47799,-6.47799,-6.47799,-6.47799,-6.47799
1746178008481,-6.60378,-6.60377,-6.60378,-6.60378,-6.60377,-6.60377
1746178008506,-6.72956,-6.72956,-6.72956,-6.72956,-6.72956,-6.72956
1746178008508,-6.85535,-6.85535,-6.85535,-6.85535,-6.85535,-6.85534
1746178008512,-6.98113,-6.98113,-6.98113,-6.98113,-6.98113,-6.98113
1746178008538,-7.10692,-7.10692,-7.10692,-7.10692,-7.10692,-7.10692
1746178008540,-7.23271,-7.23271,-7.23271,-7.23271,-7.23271,-7.2327
1746178008565,-7.35849,-7.35849,-7.35849,-7.35849,-7.35849,-7.35849
1746178008567,-7.48428,-7.48428,-7.48428,-7.48428,-7.48428,-7.48428
1746178008593,-7.61006,-7.61006,-7.61006,-7.61006,-7.61006,-7.61006
1746178008594,-7.73585,-7.73585,-7.73585,-7.73585,-7.73585,-7.73585
1746178008619,-7.86164,-7.86164,-7.86164,-7.86164,-7.86164,-7.86164
1746178008622,-7.98742,-7.98742,-7.98742,-7.98742,-7.98742,-7.98742
1746178008626,-8.11321,-8.11321,-8.11321,-8.11321,-8.11321,-8.11321
1746178008652,-8.23899,-8.23899,-8.23899,-8.23899,-8.23899,-8.23899
1746178008654,-8.36478,-8.36478,-8.36478,-8.36478,-8.36478,-8.36478
1746178008679,-8.49057,-8.49057,-8.49057,-8.49057,-8.49057,-8.49056
1746178008682,-8.61635,-8.61635,-8.61635,-8.61635,-8.61635,-8.61635
1746178008684,-8.74214,-8.74214,-8.74214,-8.74214,-8.74214,-8.74214
1746178008712,-8.86793,-8.86792,-8.86793,-8.86793,-8.86792,-8.86792
1746178008715,-8.99371,-8.99371,-8.99371,-8.99371,-8.99371,-8.99371
1746178008739,-9.1195,-9.1195,-9.1195,-9.1195,-9.1195,-9.1195
1746178008742,-9.24528,-9.24528,-9.24528,-9.24528,-9.24528,-9.24528
1746178008767,-9.37107,-9.37107,-9.37107,-9.37107,-9.37107,-9.37107
1746178008769,-9.49686,-9.49686,-9.49686,-9.49686,-9.49686,-9.49685
1746178008794,-9.62264,-9.62264,-9.62264,-9.62264,-9.62264,-9.62264
1746178008796,-9.74843,-9.74843,-9.74843,-9.74843,-9.74843,-9.74843
1746178008798,-9.87421,-9.87421,-9.87421,-9.87421,-9.87421,-9.87421
1746178008826,-10,-10,-10,-10,-10,-10
1746178008828,-10,-10,-10,-10,-10,-10
1746178008852,-9.87422,-9.87422,-9.87422,-9.87422,-9.87422,-9.87421
1746178008855,-9.74843,-9.74843,-9.74843,-9.74843,-9.74843,-9.74843
1746178008859,-9.62264,-9.62264,-9.62264,-9.62264,-9.62264,-9.62264
1746178008885,-9.49686,-9.49686,-9.49686,-9.49686,-9.49686,-9.49686
1746178008909,-9.37107,-9.37107,-9.37107,-9.37107,-9.37107,-9.37107
1746178008912,-9.24529,-9.24528,-9.24529,-9.24529,-9.24528,-9.24528
1746178008936,-9.1195,-9.1195,-9.1195,-9.1195,-9.1195,-9.1195
1746178008938,-8.99371,-8.99371,-8.99371,-8.99371,-8.99371,-8.99371
1746178008964,-8.86793,-8.86793,-8.86793,-8.86793,-8.86793,-8.86792
1746178008966,-8.74214,-8.74214,-8.74214,-8.74214,-8.74214,-8.74214
1746178008990,-8.61635,-8.61635,-8.61635,-8.61635,-8.61635,-8.61635
1746178008992,-8.49057,-8.49057,-8.49057,-8.49057,-8.49057,-8.49057
1746178008999,-8.36478,-8.36478,-8.36478,-8.36478,-8.36478,-8.36478
1746178009004,-8.239,-8.23899,-8.239,-8.239,-8.23899,-8.23899
1746178009028,-8.11321,-8.11321,-8.11321,-8.11321,-8.11321,-8.11321
1746178009053,-7.98742,-7.98742,-7.98742,-7.98742,-7.98742,-7.98742
1746178009055,-7.86164,-7.86164,-7.86164,-7.86164,-7.86164,-7.86164
1746178009079,-7.73585,-7.73585,-7.73585,-7.73585,-7.73585,-7.73585
1746178009081,-7.61006,-7.61006,-7.61006,-7.61006,-7.61006,-7.61006
1746178009107,-7.48428,-7.48428,-7.48428,-7.48428,-7.48428,-7.48428
1746178009111,-7.35849,-7.35849,-7.35849,-7.35849,-7.35849,-7.35849
1746178009114,-7.23271,-7.23271,-7.23271,-7.23271,-7.23271,-7.2327
1746178009120,-7.10692,-7.10692,-7.10692,-7.10692,-7.10692,-7.10692
1746178009144,-6.98113,-6.98113,-6.98113,-6.98113,-6.98113,-6.98113
1746178009146,-6.85535,-6.85535,-6.85535,-6.85535,-6.85535,-6.85535
1746178009151,-6.72956,-6.72956,-6.72956,-6.72956,-6.72956,-6.72956
1746178009177,-6.60378,-6.60377,-6.60378,-6.60378,-6.60377,-6.60377
1746178009179,-6.47799,-6.47799,-6.47799,-6.47799,-6.47799,-6.47799
1746178009204,-6.3522,-6.3522,-6.3522,-6.3522,-6.3522,-6.3522
1746178009206,-6.22642,-6.22642,-6.22642,-6.22642,-6.22642,-6.22641
1746178009231,-6.10063,-6.10063,-6.10063,-6.10063,-6.10063,-6.10063
1746178009233,-5.97484,-5.97484,-5.97484,-5.97484,-5.97484,-5.97484
1746178009260,-5.84906,-5.84906,-5.84906,-5.84906,-5.84906,-5.84906
1746178009263,-5.72327,-5.72327,-5.72327,-5.72327,-5.72327,-5.72327
1746178009288,-5.59749,-5.59749,-5.59749,-5.59749,-5.59749,-5.59748
1746178009291,-5.4717,-5.4717,-5.4717,-5.4717,-5.4717,-5.4717
1746178009316,-5.34591,-5.34591,-5.34591,-5.34591,-5.34591,-5.34591
1746178009318,-5.22013,-5.22013,-5.22013,-5.22013,-5.22013,-5.22013
1746178009342,-5.09434,-5.09434,-5.09434,-5.09434,-5.09434,-5.09434
1746178009344,-4.96855,-4.96855,-4.96855,-4.96855,-4.96855,-4.96855
1746178009369,-4.84277,-4.84277,-4.84277,-4.84277,-4.84277,-4.84277
1746178009372,-4.71698,-4.71698,-4.71698,-4.71698,-4.71698,-4.71698
1746178009374,-4.5912,-4.5912,-4.5912,-4.5912,-4.5912,-4.59119
1746178009398,-4.46541,-4.46541,-4.46541,-4.46541,-4.46541,-4.46541
1746178009401,-4.33962,-4.33962,-4.33962,-4.33962,-4.33962,-4.33962
1746178009425,-4.21384,-4.21384,-4.21384,-4.21384,-4.21384,-4.21384
1746178009428,-4.08805,-4.08805,-4.08805,-4.08805,-4.08805,-4.08805
1746178009455,-3.96227,-3.96227,-3.96227,-3.96227,-3.96227,-3.96226
1746178009460,-3.83648,-3.83648,-3.83648,-3.83648,-3.83648,-3.83648
1746178009484,-3.71069,-3.71069,-3.71069,-3.71069,-3.71069,-3.71069
1746178009486,-3.58491,-3.58491,-3.58491,-3.58491,-3.58491,-3.58491
1746178009491,-3.45912,-3.45912,-3.45912,-3.45912,-3.45912,-3.45912
1746178009516,-3.33333,-3.33333,-3.33333,-3.33333,-3.33333,-3.33333
1746178009518,-3.20755,-3.20755,-3.20755,-3.20755,-3.20755,-3.20755
1746178009544,-3.08176,-3.08176,-3.08176,-3.08176,-3.08176,-3.08176
1746178009546,-2.95598,-2.95598,-2.95598,-2.95598,-2.95598,-2.95597
1746178009549,-2.83019,-2.83019,-2.83019,-2.83019,-2.83019,-2.83019
1746178009574,-2.7044,-2.7044,-2.7044,-2.7044,-2.7044,-2.7044
1746178009576,-2.57862,-2.57862,-2.57862,-2.57862,-2.57862,-2.57862
1746178009600,-2.45283,-2.45283,-2.45283,-2.45283,-2.45283,-2.45283
1746178009602,-2.32705,-2.32704,-2.32705,-2.32705,-2.32704,-2.32704
1746178009627,-2.20126,-2.20126,-2.20126,-2.20126,-2.20126,-2.20126
1746178009630,-2.07547,-2.07547,-2.07547,-2.07547,-2.07547,-2.07547
1746178009657,-1.94969,-1.94969,-1.94969,-1.94969,-1.94969,-1.94969
1746178009660,-1.8239,-1.8239,-1.8239,-1.8239,-1.8239,-1.8239
1746178009663,-1.69811,-1.69811,-1.69811,-1.69811,-1.69811,-1.69811
1746178009687,-1.57233,-1.57233,-1.57233,-1.57233,-1.57233,-1.57233
1746178009689,-1.44654,-1.44654,-1.44654,-1.44654,-1.44654,-1.44654
1746178009714,-1.32076,-1.32076,-1.32076,-1.32076,-1.32076,-1.32075
1746178009716,-1.19497,-1.19497,-1.19497,-1.19497,-1.19497,-1.19497
1746178009742,-1.06918,-1.06918,-1.06918,-1.06918,-1.06918,-1.06918
1746178009744,-0.943398,-0.943397,-0.943398,-0.943398,-0.943397,-0.943396
1746178009770,-0.817612,-0.817611,-0.817612,-0.817612,-0.817611,-0.81761
1746178009772,-0.691825,-0.691824,-0.691825,-0.691825,-0.691824,-0.691823
1746178009776,-0.566039,-0.566038,-0.566039,-0.566039,-0.566038,-0.566037
1746178009801,-0.440253,-0.440252,-0.440253,-0.440253,-0.440252,-0.440251
1746178009803,-0.314466,-0.314466,-0.314466,-0.314466,-0.314466,-0.314465
1746178009828,-0.188681,-0.18868,-0.188681,-0.188681,-0.18868,-0.188679
1746178009831,-0.0628948,-0.0628939,-0.0628948,-0.0628948,-0.0628939,-0.0628929
1746178009833,0.062892,0.0628929,0.062892,0.062892,0.0628929,0.0628939
1746178009860,0.188678,0.188679,0.188678,0.188678,0.188679,0.18868
1746178009864,0.314464,0.314465,0.314464,0.314464,0.314465,0.314466
1746178009866,0.44025,0.440251,0.44025,0.44025,0.440251,0.440252
1746178009891,0.566036,0.566037,0.566036,0.566036,0.566037,0.566038
1746178009893,0.691823,0.691824,0.691823,0.691823,0.691824,0.691825
1746178009919,0.817609,0.81761,0.817609,0.817609,0.81761,0.817611
1746178009921,0.943395,0.943396,0.943395,0.943395,0.943396,0.943397
1746178009924,1.06918,1.06918,1.06918,1.06918,1.06918,1.06918
1746178009948,1.19497,1.19497,1.19497,1.19497,1.19497,1.19497
1746178009951,1.32075,1.32075,1.32075,1.32075,1.32075,1.32076
1746178009976,1.44654,1.44654,1.44654,1.44654,1.44654,1.44654
1746178009978,1.57233,1.57233,1.57233,1.57233,1.57233,1.57233
1746178010002,1.69811,1.69811,1.69811,1.69811,1.69811,1.69811
1746178010005,1.8239,1.8239,1.8239,1.8239,1.8239,1.8239
1746178010030,1.94968,1.94969,1.94968,1.94968,1.94969,1.94969
1746178010032,2.07547,2.07547,2.07547,2.07547,2.07547,2.07547
1746178010034,2.20126,2.20126,2.20126,2.20126,2.20126,2.20126
1746178010062,2.32704,2.32704,2.32704,2.32704,2.32704,2.32704
1746178010085,2.45283,2.45283,2.45283,2.45283,2.45283,2.45283
1746178010088,2.57862,2.57862,2.57862,2.57862,2.57862,2.57862
1746178010113,2.7044,2.7044,2.7044,2.7044,2.7044,2.7044
1746178010115,2.83019,2.83019,2.83019,2.83019,2.83019,2.83019
1746178010141,2.95597,2.95597,2.95597,2.95597,2.95597,2.95598
1746178010143,3.08176,3.08176,3.08176,3.08176,3.08176,3.08176
1746178010167,3.20755,3.20755,3.20755,3.20755,3.20755,3.20755
1746178010170,3.33333,3.33333,3.33333,3.33333,3.33333,3.33333
1746178010172,3.45912,3.45912,3.45912,3.45912,3.45912,3.45912
1746178010200,3.5849,3.58491,3.5849,3.5849,3.58491,3.58491
1746178010222,3.71069,3.71069,3.71069,3.71069,3.71069,3.71069
1746178010224,3.83648,3.83648,3.83648,3.83648,3.83648,3.83648
1746178010227,3.96226,3.96226,3.96226,3.96226,3.96226,3.96227
1746178010253,4.08805,4.08805,4.08805,4.08805,4.08805,4.08805
1746178010258,4.21384,4.21384,4.21384,4.21384,4.21384,4.21384
1746178010280,4.33962,4.33962,4.33962,4.33962,4.33962,4.33962
1746178010283,4.46541,4.46541,4.46541,4.46541,4.46541,4.46541
1746178010289,4.59119,4.5912,4.59119,4.59119,4.5912,4.5912
1746178010311,4.71698,4.71698,4.71698,4.71698,4.71698,4.71698
1746178010314,4.84277,4.84277,4.84277,4.84277,4.84277,4.84277
1746178010340,4.96855,4.96855,4.96855,4.96855,4.96855,4.96855
1746178010344,5.09434,5.09434,5.09434,5.09434,5.09434,5.09434
1746178010368,5.22012,5.22013,5.22012,5.22012,5.22013,5.22013
1746178010372,5.34591,5.34591,5.34591,5.34591,5.34591,5.34591
1746178010374,5.4717,5.4717,5.4717,5.4717,5.4717,5.4717
1746178010399,5.59748,5.59748,5.59748,5.59748,5.59748,5.59749
1746178010401,5.72327,5.72327,5.72327,5.72327,5.72327,5.72327
1746178010425,5.84906,5.84906,5.84906,5.84906,5.84906,5.84906
1746178010428,5.97484,5.97484,5.97484,5.97484,5.97484,5.97484
1746178010453,6.10063,6.10063,6.10063,6.10063,6.10063,6.10063
1746178010455,6.22641,6.22641,6.22641,6.22641,6.22641,6.22642
1746178010482,6.3522,6.3522,6.3522,6.3522,6.3522,6.3522
1746178010486,6.47799,6.47799,6.47799,6.47799,6.47799,6.47799
1746178010488,6.60377,6.60377,6.60377,6.60377,6.60377,6.60378
1746178010514,6.72956,6.72956,6.72956,6.72956,6.72956,6.72956
1746178010520,6.85534,6.85535,6.85534,6.85534,6.85535,6.85535
1746178010543,6.98113,6.98113,6.98113,6.98113,6.98113,6.98113
1746178010545,7.10692,7.10692,7.10692,7.10692,7.10692,7.10692
1746178010551,7.2327,7.23271,7.2327,7.2327,7.23271,7.23271
1746178010574,7.35849,7.35849,7.35849,7.35849,7.35849,7.35849
1746178010576,7.48428,7.48428,7.48428,7.48428,7.48428,7.48428
1746178010602,7.61006,7.61006,7.61006,7.61006,7.61006,7.61006
1746178010604,7.73585,7.73585,7.73585,7.73585,7.73585,7.73585
1746178010629,7.86164,7.86164,7.86164,7.86164,7.86164,7.86164
1746178010631,7.98742,7.98742,7.98742,7.98742,7.98742,7.98742
1746178010656,8.11321,8.11321,8.11321,8.11321,8.11321,8.11321
1746178010659,8.23899,8.23899,8.23899,8.23899,8.23899,8.23899
1746178010662,8.36478,8.36478,8.36478,8.36478,8.36478,8.36478
1746178010689,8.49056,8.49057,8.49056,8.49056,8.49057,8.49057
1746178010691,8.61635,8.61635,8.61635,8.61635,8.61635,8.61635
1746178010716,8.74214,8.74214,8.74214,8.74214,8.74214,8.74214
1746178010718,8.86792,8.86792,8.86792,8.86792,8.86792,8.86793
1746178010743,8.99371,8.99371,8.99371,8.99371,8.99371,8.99371
1746178010746,9.1195,9.1195,9.1195,9.1195,9.1195,9.1195
1746178010752,9.24528,9.24528,9.24528,9.24528,9.24528,9.24528
1746178010775,9.37107,9.37107,9.37107,9.37107,9.37107,9.37107
1746178010776,9.49685,9.49686,9.49685,9.49685,9.49686,9.49686
1746178010802,9.62264,9.62264,9.62264,9.62264,9.62264,9.62264
1746178010804,9.74843,9.74843,9.74843,9.74843,9.74843,9.74843
1746178010829,9.87421,9.87421,9.87421,9.87421,9.87421,9.87421
1746178010831,10,10,10,10,10,10
1746178010856,10,10,10,10,10,10
1746178010859,9.87421,9.87422,9.87421,9.87421,9.87422,9.87422
1746178010865,9.74843,9.74843,9.74843,9.74843,9.74843,9.74843
1746178010874,9.62264,9.62264,9.62264,9.62264,9.62264,9.62264
1746178010897,9.49686,9.49686,9.49686,9.49686,9.49686,9.49686
1746178010900,9.37107,9.37107,9.37107,9.37107,9.37107,9.37107
1746178010924,9.24528,9.24528,9.24528,9.24528,9.24528,9.24529
1746178010927,9.1195,9.1195,9.1195,9.1195,9.1195,9.1195
1746178010951,8.99371,8.99371,8.99371,8.99371,8.99371,8.99371
1746178010953,8.86792,8.86793,8.86792,8.86792,8.86793,8.86793
1746178010978,8.74214,8.74214,8.74214,8.74214,8.74214,8.74214
1746178010980,8.61635,8.61635,8.61635,8.61635,8.61635,8.61635
1746178011005,8.49057,8.49057,8.49057,8.49057,8.49057,8.49057
1746178011007,8.36478,8.36478,8.36478,8.36478,8.36478,8.36478
1746178011034,8.23899,8.23899,8.23899,8.23899,8.23899,8.239
1746178011038,8.11321,8.11321,8.11321,8.11321,8.11321,8.11321
1746178011064,7.98742,7.98742,7.98742,7.98742,7.98742,7.98742
1746178011066,7.86164,7.86164,7.86164,7.86164,7.86164,7.86164
1746178011091,7.73585,7.73585,7.73585,7.73585,7.73585,7.73585
1746178011093,7.61006,7.61006,7.61006,7.61006,7.61006,7.61006
1746178011118,7.48428,7.48428,7.48428,7.48428,7.48428,7.48428
1746178011121,7.35849,7.35849,7.35849,7.35849,7.35849,7.35849
1746178011123,7.2327,7.23271,7.2327,7.2327,7.23271,7.23271
1746178011149,7.10692,7.10692,7.10692,7.10692,7.10692,7.10692
1746178011154,6.98113,6.98113,6.98113,6.98113,6.98113,6.98113
1746178011155,6.85535,6.85535,6.85535,6.85535,6.85535,6.85535
1746178011182,6.72956,6.72956,6.72956,6.72956,6.72956,6.72956
1746178011186,6.60377,6.60377,6.60377,6.60377,6.60377,6.60378
1746178011189,6.47799,6.47799,6.47799,6.47799,6.47799,6.47799
1746178011213,6.3522,6.3522,6.3522,6.3522,6.3522,6.3522
1746178011215,6.22641,6.22642,6.22641,6.22641,6.22642,6.22642
1746178011240,6.10063,6.10063,6.10063,6.10063,6.10063,6.10063
1746178011266,5.97484,5.97484,5.97484,5.97484,5.97484,5.97484
1746178011268,5.84906,5.84906,5.84906,5.84906,5.84906,5.84906
1746178011271,5.72327,5.72327,5.72327,5.72327,5.72327,5.72327
1746178011296,5.59748,5.59749,5.59748,5.59748,5.59749,5.59749
1746178011300,5.4717,5.4717,5.4717,5.4717,5.4717,5.4717
1746178011325,5.34591,5.34591,5.34591,5.34591,5.34591,5.34591
1746178011327,5.22013,5.22013,5.22013,5.22013,5.22013,5.22013
1746178011352,5.09434,5.09434,5.09434,5.09434,5.09434,5.09434
1746178011355,4.96855,4.96855,4.96855,4.96855,4.96855,4.96855
1746178011359,4.84277,4.84277,4.84277,4.84277,4.84277,4.84277
1746178011383,4.71698,4.71698,4.71698,4.71698,4.71698,4.71698
1746178011385,4.59119,4.5912,4.59119,4.59119,4.5912,4.5912
1746178011410,4.46541,4.46541,4.46541,4.46541,4.46541,4.46541
1746178011412,4.33962,4.33962,4.33962,4.33962,4.33962,4.33962
1746178011437,4.21384,4.21384,4.21384,4.21384,4.21384,4.21384
1746178011439,4.08805,4.08805,4.08805,4.08805,4.08805,4.08805
1746178011464,3.96226,3.96227,3.96226,3.96226,3.96227,3.96227
1746178011467,3.83648,3.83648,3.83648,3.83648,3.83648,3.83648
1746178011492,3.71069,3.71069,3.71069,3.71069,3.71069,3.71069
1746178011495,3.58491,3.58491,3.58491,3.58491,3.58491,3.58491
1746178011497,3.45912,3.45912,3.45912,3.45912,3.45912,3.45912
1746178011521,3.33333,3.33333,3.33333,3.33333,3.33333,3.33333
1746178011523,3.20755,3.20755,3.20755,3.20755,3.20755,3.20755
1746178011549,3.08176,3.08176,3.08176,3.08176,3.08176,3.08176
1746178011550,2.95597,2.95598,2.95597,2.95597,2.95598,2.95598
1746178011576,2.83019,2.83019,2.83019,2.83019,2.83019,2.83019
1746178011578,2.7044,2.7044,2.7044,2.7044,2.7044,2.7044
1746178011602,2.57862,2.57862,2.57862,2.57862,2.57862,2.57862
1746178011605,2.45283,2.45283,2.45283,2.45283,2.45283,2.45283
1746178011609,2.32704,2.32704,2.32704,2.32704,2.32704,2.32705
1746178011633,2.20126,2.20126,2.20126,2.20126,2.20126,2.20126
1746178011635,2.07547,2.07547,2.07547,2.07547,2.07547,2.07547
1746178011661,1.94969,1.94969,1.94969,1.94969,1.94969,1.94969
1746178011663,1.8239,1.8239,1.8239,1.8239,1.8239,1.8239
1746178011687,1.69811,1.69811,1.69811,1.69811,1.69811,1.69811
1746178011690,1.57233,1.57233,1.57233,1.57233,1.57233,1.57233
1746178011714,1.44654,1.44654,1.44654,1.44654,1.44654,1.44654
1746178011717,1.32075,1.32076,1.32075,1.32075,1.32076,1.32076
1746178011746,1.19497,1.19497,1.19497,1.19497,1.19497,1.19497
1746178011750,1.06918,1.06918,1.06918,1.06918,1.06918,1.06918
1746178011752,0.943396,0.943397,0.943396,0.943396,0.943397,0.943398
1746178011776,0.81761,0.817611,0.81761,0.81761,0.817611,0.817612
1746178011779,0.691823,0.691824,0.691823,0.691823,0.691824,0.691825
1746178011781,0.566037,0.566038,0.566037,0.566037,0.566038,0.566039
1746178011808,0.440251,0.440252,0.440251,0.440251,0.440252,0.440253
1746178011812,0.314465,0.314466,0.314465,0.314465,0.314466,0.314466
1746178011837,0.188679,0.18868,0.188679,0.188679,0.18868,0.188681
1746178011839,0.0628929,0.0628939,0.0628929,0.0628929,0.0628939,0.0628948
1746178011843,-0.0628939,-0.0628929,-0.0628939,-0.0628939,-0.0628929,-0.062892
1746178011866,-0.18868,-0.188679,-0.18868,-0.18868,-0.188679,-0.188678
1746178011868,-0.314466,-0.314465,-0.314466,-0.314466,-0.314465,-0.314464
1746178011873,-0.440252,-0.440251,-0.440252,-0.440252,-0.440251,-0.44025
1746178011896,-0.566038,-0.566037,-0.566038,-0.566038,-0.566037,-0.566036
1746178011898,-0.691825,-0.691824,-0.691825,-0.691825,-0.691824,-0.691823
1746178011923,-0.817611,-0.81761,-0.817611,-0.817611,-0.81761,-0.817609
1746178011925,-0.943397,-0.943396,-0.943397,-0.943397,-0.943396,-0.943395
1746178011951,-1.06918,-1.06918,-1.06918,-1.06918,-1.06918,-1.06918
1746178011952,-1.19497,-1.19497,-1.19497,-1.19497,-1.19497,-1.19497
1746178011977,-1.32076,-1.32075,-1.32076,-1.32076,-1.32075,-1.32075
1746178011980,-1.44654,-1.44654,-1.44654,-1.44654,-1.44654,-1.44654
