timestamp,j1,j2,j3,j4,j5,j6
1746179154109,-2.9561,-2.95592,-2.95593,-2.95601,-2.95601,-2.95595
1746179154124,-2.9561,-2.956,-2.95593,-2.95601,-2.95588,-2.956
1746179154137,-2.95588,-2.95592,-2.95593,-2.95601,-2.95601,-2.95607
1746179154151,-2.95602,-2.956,-2.95593,-2.95601,-2.95601,-2.95595
1746179154165,-2.95602,-2.956,-2.95602,-2.95601,-2.95601,-2.95607
1746179154179,-2.95602,-2.956,-2.95602,-2.95601,-2.95601,-2.95607
1746179154193,-2.95588,-2.956,-2.95593,-2.95601,-2.95601,-2.95595
1746179154207,-2.95588,-2.956,-2.95593,-2.95601,-2.95601,-2.95607
1746179154222,-2.95602,-2.95592,-2.95593,-2.95601,-2.95601,-2.95595
1746179154234,-2.95588,-2.95584,-2.95593,-2.95601,-2.95601,-2.95607
1746179154247,-2.9558,-2.95592,-2.95602,-2.95601,-2.95601,-2.95607
1746179154259,-2.95602,-2.95592,-2.95593,-2.95601,-2.95601,-2.95595
1746179154270,-2.95602,-2.95584,-2.95602,-2.95601,-2.95601,-2.95595
1746179154283,-2.95602,-2.95592,-2.95593,-2.95601,-2.95588,-2.95588
1746179154297,-2.9558,-2.95592,-2.95602,-2.95601,-2.95601,-2.95595
1746179154313,-2.95588,-2.95584,-2.95593,-2.95601,-2.95601,-2.95595
1746179154324,-2.94829,-2.94165,-2.95149,-2.95532,-2.95404,-2.95443
1746179154337,-2.91803,-2.89105,-2.91561,-2.95395,-2.94724,-2.94872
1746179154350,-2.85965,-2.82661,-2.85217,-2.93701,-2.90673,-2.92096
1746179154363,-2.78618,-2.76876,-2.78272,-2.84489,-2.81925,-2.83595
1746179154377,-2.65007,-2.65003,-2.65795,-2.69531,-2.66538,-2.68455
1746179154390,-2.52819,-2.53195,-2.53196,-2.56691,-2.5411,-2.56376
1746179154405,-2.36586,-2.36667,-2.36503,-2.38987,-2.37642,-2.39634
1746179154420,-2.242,-2.24237,-2.24282,-2.26398,-2.25212,-2.27317
1746179154435,-2.07945,-2.07698,-2.07336,-2.09816,-2.08705,-2.10307
1746179154446,-1.95665,-1.95424,-1.95125,-1.9717,-1.96372,-1.97461
1746179154458,-1.83249,-1.83259,-1.83044,-1.8449,-1.83982,-1.84485
1746179154470,-1.71039,-1.71102,-1.70785,-1.72062,-1.71578,-1.71525
1746179154482,-1.5875,-1.58993,-1.58709,-1.59828,-1.59327,-1.59251
1746179154494,-1.46426,-1.46732,-1.46606,-1.47903,-1.46919,-1.47124
1746179154506,-1.34229,-1.34382,-1.34212,-1.35899,-1.34605,-1.3514
1746179154519,-1.21901,-1.21952,-1.21756,-1.23024,-1.22321,-1.23207
1746179154533,-1.0547,-1.05413,-1.05177,-1.06167,-1.05794,-1.06712
1746179154548,-0.931375,-0.930149,-0.927778,-0.938416,-0.934966,-0.940477
1746179154560,-0.766981,-0.766757,-0.764683,-0.772247,-0.771664,-0.775368
1746179154572,-0.645058,-0.644344,-0.643354,-0.641785,-0.648034,-0.649195
1746179154585,-0.521818,-0.522452,-0.521458,-0.516815,-0.524604,-0.522499
1746179154597,-0.399412,-0.399798,-0.399606,-0.3899,-0.40216,-0.398454
1746179154609,-0.275776,-0.276823,-0.276664,-0.268135,-0.278564,-0.277313
1746179154621,-0.193689,-0.194185,-0.194266,-0.1894,-0.196896,-0.196695
1746179154633,-0.0707557,-0.0706092,-0.0701468,-0.0686647,-0.0745027,-0.0784498
1746179154647,0.0929794,0.0941857,0.0951277,0.101623,0.0905576,0.0834815
1746179154661,0.216308,0.21708,0.217896,0.2211,0.213324,0.205602
1746179154674,0.379516,0.380512,0.380511,0.374794,0.374927,0.372291
1746179154686,0.50324,0.502885,0.502232,0.495644,0.497992,0.499117
1746179154698,0.626085,0.625299,0.624085,0.620384,0.621273,0.624605
1746179154710,0.749106,0.748393,0.746416,0.742721,0.743053,0.749234
1746179154723,0.871731,0.871609,0.869751,0.867348,0.866525,0.873314
1746179154738,0.994577,0.995305,0.993434,0.991058,0.99066,0.995063
1746179154751,1.15844,1.1599,1.15849,1.1515,1.15342,1.15402
1746179154763,1.28133,1.28255,1.28169,1.27945,1.27746,1.27579
1746179154776,1.40462,1.40549,1.40433,1.40739,1.40084,1.39835
1746179154787,1.52742,1.52754,1.52675,1.52996,1.52217,1.52102
1746179154800,1.65044,1.6504,1.64865,1.646,1.64462,1.64408
1746179154812,1.77307,1.77301,1.7715,1.77349,1.76877,1.77012
1746179154824,1.89595,1.89634,1.89436,1.89926,1.89159,1.89767
1746179154836,2.01889,2.01944,2.0173,2.02148,2.01423,2.02223
1746179154848,2.14222,2.1429,2.14072,2.14313,2.13848,2.14544
1746179154860,2.26467,2.26599,2.26401,2.26067,2.26011,2.26528
1746179154872,2.38799,2.38913,2.38691,2.37877,2.38244,2.3845
1746179154885,2.51018,2.51158,2.50955,2.50465,2.5072,2.50616
1746179154897,2.63355,2.63391,2.6321,2.63237,2.62937,2.6286
1746179154910,2.75583,2.75637,2.75408,2.75539,2.75206,2.7526
1746179154922,2.87938,2.8793,2.87715,2.87659,2.87509,2.87642
1746179154934,3.002,3.00236,3.00014,3.00224,2.9985,3.00164
1746179154946,3.12542,3.12577,3.12313,3.13396,3.12149,3.1263
1746179154958,3.24796,3.24879,3.24659,3.25916,3.24507,3.25071
1746179154970,3.37102,3.37208,3.3694,3.38299,3.36875,3.37424
1746179154982,3.49395,3.49482,3.49187,3.50555,3.49022,3.49585
1746179154996,3.61684,3.61795,3.61428,3.62629,3.61394,3.61675
1746179155010,3.78071,3.7815,3.77856,3.79086,3.77818,3.77827
1746179155024,3.90377,3.90384,3.90163,3.91365,3.89967,3.89765
1746179155036,4.06725,4.06827,4.0659,4.07181,4.06391,4.06174
1746179155048,4.18987,4.19088,4.18928,4.18705,4.18624,4.18482
1746179155060,4.31267,4.31426,4.312,4.31225,4.30849,4.30932
1746179155072,4.43609,4.43695,4.43503,4.4363,4.43259,4.43481
1746179155084,4.55885,4.56029,4.55776,4.55761,4.55542,4.55917
1746179155097,4.682,4.68258,4.68035,4.67926,4.67708,4.68084
1746179155112,4.80484,4.80572,4.80277,4.80091,4.801,4.80301
1746179155127,4.96897,4.96919,4.96695,4.96307,4.96441,4.96424
1746179155139,5.09134,5.09236,5.08955,5.09274,5.08633,5.08403
1746179155151,5.21462,5.2151,5.2131,5.21587,5.20969,5.20611
1746179155164,5.33729,5.33827,5.33622,5.33501,5.3329,5.32994
1746179155176,5.46071,5.46081,5.45946,5.45345,5.45413,5.45312
1746179155188,5.58294,5.58398,5.58219,5.58083,5.57813,5.57946
1746179155200,5.70613,5.70676,5.70517,5.70774,5.7023,5.70486
1746179155212,5.82876,5.82929,5.8279,5.82756,5.8235,5.82871
1746179155226,5.99285,5.99372,5.99082,5.98812,5.98865,5.99125
1746179155241,6.11552,6.1167,6.11402,6.1092,6.11127,6.11274
1746179155254,6.28017,6.28085,6.27803,6.27422,6.27383,6.27418
1746179155266,6.40254,6.40375,6.40098,6.40057,6.39762,6.3965
1746179155279,6.52582,6.5264,6.52379,6.52645,6.52138,6.52116
1746179155290,6.64849,6.64925,6.64647,6.64501,6.64249,6.64453
1746179155302,6.77129,6.77191,6.76958,6.76884,6.76703,6.76799
1746179155314,6.89414,6.89468,6.8927,6.89964,6.89108,6.89426
1746179155326,7.01689,7.01774,7.01529,7.02415,7.01302,7.01882
1746179155339,7.14013,7.14091,7.13819,7.14546,7.13685,7.14218
1746179155350,7.26307,7.26409,7.26122,7.26563,7.26,7.26352
1746179155363,7.38609,7.3871,7.38434,7.38922,7.38088,7.38239
1746179155375,7.50863,7.51024,7.50732,7.51213,7.50435,7.50477
1746179155388,7.63178,7.63289,7.63027,7.63424,7.62811,7.62675
1746179155399,7.75432,7.75583,7.75286,7.75864,7.75017,7.74775
1746179155411,7.87773,7.87812,7.87528,7.87571,7.87316,7.87074
1746179155423,8.00014,8.00109,7.99827,7.99164,7.9962,7.99446
1746179155435,8.12382,8.12383,8.12073,8.11924,8.11903,8.11835
1746179155448,8.24614,8.24696,8.24371,8.24432,8.24227,8.24309
1746179155464,8.36964,8.37006,8.36661,8.36563,8.36556,8.36531
1746179155477,8.53281,8.53401,8.53067,8.52791,8.52779,8.52895
1746179155488,8.65622,8.65719,8.65387,8.65082,8.6508,8.6516
1746179155501,8.77898,8.78016,8.77677,8.77659,8.77396,8.77345
1746179155514,8.90213,8.9031,8.90002,8.90247,8.89719,8.8941
1746179155528,9.06578,9.06705,9.06377,9.06807,9.06132,9.05897
1746179155541,9.18884,9.18918,9.18627,9.18434,9.18405,9.1818
1746179155552,9.31151,9.3126,9.309,9.3108,9.30679,9.30473
1746179155566,9.43449,9.43489,9.43198,9.4376,9.43016,9.43122
1746179155577,9.55747,9.55835,9.55475,9.5628,9.55314,9.55596
1746179155589,9.67886,9.67972,9.67691,9.67976,9.67499,9.67838
1746179155601,9.78989,9.79098,9.79257,9.79786,9.79514,9.79651
1746179155613,9.87031,9.86504,9.88321,9.90681,9.90228,9.90372
1746179155625,9.91221,9.89892,9.92702,9.97353,9.96882,9.96949
1746179155637,9.91221,9.89676,9.92297,9.98348,9.97199,9.96728
1746179155650,9.86574,9.86011,9.87998,9.95716,9.91409,9.91129
1746179155663,9.78497,9.79319,9.79928,9.8608,9.81138,9.80936
1746179155675,9.67359,9.6909,9.695,9.74934,9.69403,9.68944
1746179155688,9.55422,9.57086,9.57297,9.62814,9.57234,9.56816
1746179155700,9.43203,9.4484,9.44576,9.50432,9.45031,9.44621
1746179155712,9.31094,9.31957,9.32264,9.37798,9.32771,9.32673
1746179155724,9.1906,9.18329,9.19224,9.25438,9.20498,9.20432
1746179155737,9.07232,9.05386,9.05217,9.13616,9.08124,9.08114
1746179155748,8.95022,8.9286,8.92556,9.00032,8.95702,8.95768
1746179155761,8.82676,8.81404,8.81775,8.86883,8.83445,8.83498
1746179155775,8.70335,8.70205,8.70667,8.7418,8.71107,8.70834
1746179155791,8.54075,8.5466,8.54165,8.57231,8.54719,8.54217
1746179155803,8.3782,8.38975,8.39107,8.3987,8.38382,8.37868
1746179155815,8.25843,8.27034,8.27253,8.26962,8.26168,8.25844
1746179155827,8.13805,8.145,8.14488,8.14213,8.13933,8.13728
1746179155839,8.01468,8.01898,8.01828,8.01945,8.01639,8.01618
1746179155851,7.89113,7.88425,7.89342,7.89837,7.89391,7.89413
1746179155863,7.76964,7.75603,7.75583,7.77534,7.77182,7.77306
1746179155875,7.64715,7.63073,7.62887,7.64946,7.64905,7.6529
1746179155889,7.52628,7.51457,7.5184,7.52861,7.52704,7.53072
1746179155901,7.40541,7.39997,7.40509,7.41005,7.40594,7.40622
1746179155914,7.28367,7.28177,7.28302,7.29057,7.28469,7.28387
1746179155926,7.16271,7.16485,7.16365,7.16675,7.16234,7.15964
1746179155938,7.03841,7.04516,7.04851,7.04132,7.0418,7.03973
1746179155950,6.91658,6.92351,6.9257,6.91544,6.91976,6.9203
1746179155962,6.79514,6.7997,6.79945,6.79012,6.79637,6.80048
1746179155974,6.67339,6.67307,6.67637,6.67694,6.67605,6.67849
1746179155987,6.55217,6.54264,6.54807,6.54819,6.55387,6.5555
1746179156000,6.43187,6.4169,6.4161,6.423,6.43063,6.43462
1746179156017,6.26735,6.25503,6.25854,6.26301,6.26923,6.27337
1746179156029,6.1048,6.1001,6.10434,6.10336,6.10746,6.1087
1746179156041,5.98257,5.98153,5.98437,5.98446,5.98567,5.98522
1746179156053,5.86262,5.86377,5.86509,5.86258,5.86505,5.86444
1746179156065,5.74074,5.74368,5.74698,5.74322,5.74335,5.74261
1746179156077,5.61961,5.62223,5.62522,5.61928,5.62046,5.6211
1746179156089,5.49729,5.49866,5.50071,5.50243,5.49941,5.50083
1746179156101,5.37467,5.37199,5.37707,5.38433,5.37813,5.38052
1746179156116,5.25195,5.24469,5.24902,5.25742,5.2547,5.25722
1746179156131,5.09094,5.07881,5.08105,5.09022,5.09172,5.0951
1746179156145,4.96889,4.95908,4.96294,4.96777,4.97053,4.97326
1746179156158,4.80765,4.80175,4.80639,4.8048,4.80805,4.80696
1746179156170,4.68516,4.68306,4.68706,4.67766,4.68652,4.68386
1746179156182,4.56341,4.56354,4.56696,4.5536,4.56475,4.56028
1746179156195,4.4411,4.44349,4.4468,4.42978,4.4418,4.43962
1746179156207,4.31988,4.32112,4.32534,4.30515,4.32032,4.31816
1746179156219,4.1987,4.1981,4.20201,4.19048,4.19963,4.19891
1746179156231,4.07673,4.07104,4.07711,4.0678,4.07676,4.0751
1746179156243,3.95529,3.94686,3.95041,3.94535,3.9551,3.95452
1746179156255,3.83275,3.8228,3.82725,3.82576,3.83352,3.83436
1746179156270,3.71057,3.70307,3.70758,3.70892,3.71207,3.7114
1746179156283,3.54846,3.54453,3.54845,3.5519,3.55149,3.54832
1746179156295,3.42719,3.42541,3.42909,3.42957,3.42998,3.42744
1746179156308,3.30606,3.30512,3.3088,3.30666,3.30769,3.3054
1746179156321,3.18436,3.18443,3.18791,3.18432,3.18604,3.18534
1746179156336,3.02194,3.0212,3.02608,3.02284,3.02454,3.02608
1746179156351,2.85864,2.85452,2.85858,2.86388,2.8611,2.86435
1746179156363,2.73747,2.7301,2.73403,2.74006,2.73974,2.74287
1746179156375,2.61568,2.60773,2.612,2.61578,2.61835,2.62171
1746179156387,2.49463,2.48756,2.49137,2.49321,2.49569,2.50175
1746179156399,2.37245,2.36808,2.372,2.37717,2.37583,2.37937
1746179156411,2.25096,2.24803,2.25242,2.25712,2.25415,2.25552
1746179156424,2.12873,2.12746,2.131,2.1302,2.13111,2.13192
1746179156436,2.00747,2.00617,2.00984,2.01164,2.0104,2.01225
1746179156449,1.88563,1.88351,1.88782,1.88885,1.88865,1.89049
1746179156461,1.76411,1.75986,1.76413,1.76731,1.76679,1.76985
1746179156473,1.64253,1.63636,1.63997,1.65241,1.64476,1.65068
1746179156485,1.52026,1.51383,1.5179,1.52676,1.5226,1.52758
1746179156497,1.39873,1.39278,1.39627,1.40018,1.40085,1.40502
1746179156509,1.2769,1.27253,1.27616,1.27762,1.27938,1.28478
1746179156521,1.15524,1.15208,1.15605,1.15677,1.15877,1.16218
1746179156533,1.03384,1.03147,1.03551,1.03672,1.03689,1.03586
1746179156546,0.912314,0.910101,0.913827,0.908432,0.913952,0.913127
1746179156560,0.790435,0.787728,0.791364,0.784035,0.792354,0.791742
1746179156572,0.627886,0.623935,0.627747,0.621872,0.629806,0.630563
1746179156584,0.506006,0.500961,0.504368,0.500336,0.506957,0.509431
1746179156598,0.384567,0.379149,0.382516,0.380402,0.385417,0.388528
1746179156613,0.263127,0.258299,0.261318,0.257492,0.264259,0.266681
1746179156626,0.101192,0.0971529,0.0992694,0.0942992,0.101902,0.107048
1746179156638,-0.0210818,-0.0238571,-0.021711,-0.0270082,-0.0196706,-0.014808
1746179156650,-0.142566,-0.145348,-0.142866,-0.139046,-0.140439,-0.140085
1746179156662,-0.264796,-0.267601,-0.265111,-0.260811,-0.262775,-0.264966
1746179156675,-0.385972,-0.390416,-0.387486,-0.387726,-0.38482,-0.389435
1746179156687,-0.50829,-0.512989,-0.510254,-0.507775,-0.506235,-0.509408
1746179156700,-0.629379,-0.635363,-0.632368,-0.63057,-0.62911,-0.629985
1746179156713,-0.751609,-0.756854,-0.754133,-0.753479,-0.7506,-0.750499
1746179156726,-0.913368,-0.9182,-0.914786,-0.914154,-0.911978,-0.912899
1746179156741,-1.07631,-1.07935,-1.07657,-1.07849,-1.07415,-1.07474
1746179156753,-1.15686,-1.16038,-1.15688,-1.16112,-1.15504,-1.15427
1746179156765,-1.27896,-1.28187,-1.27856,-1.28288,-1.27704,-1.27624
1746179156777,-1.40049,-1.40461,-1.40093,-1.39984,-1.39897,-1.40107
1746179156790,-1.52241,-1.52674,-1.52313,-1.52195,-1.52026,-1.52495
1746179156802,-1.68465,-1.68985,-1.68688,-1.68926,-1.68305,-1.68898
1746179156815,-1.80666,-1.8113,-1.80843,-1.80862,-1.80508,-1.81035
1746179156829,-1.92841,-1.93283,-1.92993,-1.92833,-1.92627,-1.92682
1746179156845,-2.09043,-2.0943,-2.0908,-2.0866,-2.08794,-2.08426
1746179156857,-2.21201,-2.21567,-2.21161,-2.20882,-2.20998,-2.20677
1746179156869,-2.33388,-2.33716,-2.33355,-2.33345,-2.33093,-2.32659
1746179156883,-2.45546,-2.45929,-2.45531,-2.45956,-2.45305,-2.44969
1746179156897,-2.61787,-2.62204,-2.6188,-2.6191,-2.61567,-2.61416
1746179156909,-2.7394,-2.74402,-2.741,-2.7396,-2.73725,-2.73923
1746179156921,-2.86154,-2.86591,-2.86307,-2.87029,-2.85937,-2.86128
1746179156935,-2.98268,-2.98748,-2.98436,-2.99377,-2.98223,-2.98388
1746179156947,-3.14553,-3.14955,-3.14575,-3.1564,-3.14455,-3.14497
1746179156960,-3.26688,-3.2712,-3.26708,-3.2761,-3.26547,-3.26468
1746179156972,-3.38911,-3.39257,-3.38911,-3.39386,-3.38765,-3.38455
1746179156984,-3.51038,-3.51458,-3.51083,-3.51551,-3.50845,-3.50617
1746179156998,-3.63243,-3.63643,-3.63281,-3.63647,-3.63007,-3.62241
1746179157012,-3.75379,-3.75837,-3.75467,-3.75492,-3.75309,-3.74349
1746179157024,-3.91625,-3.92031,-3.91728,-3.90919,-3.915,-3.91036
1746179157036,-4.03782,-4.04245,-4.03865,-4.02878,-4.03598,-4.03596
1746179157048,-4.15992,-4.1637,-4.16085,-4.15478,-4.15955,-4.1614
1746179157062,-4.28153,-4.28563,-4.28236,-4.27906,-4.28108,-4.28399
1746179157075,-4.40328,-4.40704,-4.40417,-4.39831,-4.40217,-4.40339
1746179157089,-4.52454,-4.52913,-4.52602,-4.51847,-4.52412,-4.52326
1746179157102,-4.68705,-4.69164,-4.68842,-4.6835,-4.68529,-4.68625
1746179157114,-4.80893,-4.81333,-4.81036,-4.80618,-4.80643,-4.80533
1746179157126,-4.93059,-4.93483,-4.93195,-4.93115,-4.92913,-4.92867
1746179157138,-5.05225,-5.05664,-5.05328,-5.05566,-5.0504,-5.0444
1746179157150,-5.17382,-5.17825,-5.17495,-5.17181,-5.17127,-5.17067
1746179157162,-5.29579,-5.29982,-5.29637,-5.29507,-5.29444,-5.29853
1746179157174,-5.41714,-5.42159,-5.41779,-5.42152,-5.41612,-5.42093
1746179157188,-5.53889,-5.5432,-5.53981,-5.54352,-5.53801,-5.54459
1746179157201,-5.66046,-5.66518,-5.66158,-5.66265,-5.65949,-5.66443
1746179157214,-5.82292,-5.82749,-5.82432,-5.81955,-5.82033,-5.82215
1746179157226,-5.94449,-5.9491,-5.94635,-5.94234,-5.94221,-5.94397
1746179157238,-6.06619,-6.07071,-6.06785,-6.06628,-6.06417,-6.0639
1746179157250,-6.18763,-6.1926,-6.1894,-6.19011,-6.18606,-6.18465
1746179157262,-6.31004,-6.31385,-6.31108,-6.31485,-6.30808,-6.30527
1746179157275,-6.43117,-6.43578,-6.43276,-6.43387,-6.42949,-6.42993
1746179157287,-6.55331,-6.55731,-6.55448,-6.55884,-6.55212,-6.55523
1746179157300,-6.67449,-6.67961,-6.67633,-6.68621,-6.67453,-6.67903
1746179157315,-6.83721,-6.84236,-6.83768,-6.84998,-6.83634,-6.84128
1746179157327,-6.95865,-6.96405,-6.9598,-6.96739,-6.9563,-6.95704
1746179157342,-7.08084,-7.0859,-7.08143,-7.08813,-7.07796,-7.07842
1746179157357,-7.24291,-7.24785,-7.24361,-7.24995,-7.24102,-7.24158
1746179157369,-7.36457,-7.36942,-7.36533,-7.36805,-7.36229,-7.35902
1746179157382,-7.48618,-7.49083,-7.48692,-7.48753,-7.48433,-7.47928
1746179157394,-7.60819,-7.6126,-7.6086,-7.60437,-7.60591,-7.59944
1746179157408,-7.77048,-7.77511,-7.77174,-7.76001,-7.76785,-7.76688
1746179157421,-7.89214,-7.897,-7.89359,-7.88555,-7.8896,-7.89376
1746179157434,-8.01393,-8.01886,-8.01531,-8.00835,-8.01121,-8.01583
1746179157446,-8.13554,-8.14055,-8.13712,-8.13137,-8.13211,-8.13606
1746179157459,-8.25698,-8.26232,-8.25871,-8.25165,-8.25388,-8.25559
1746179157473,-8.41927,-8.42431,-8.4205,-8.41736,-8.41688,-8.41816
1746179157486,-8.54106,-8.54628,-8.5427,-8.54485,-8.53897,-8.53968
1746179157500,-8.66307,-8.66741,-8.66416,-8.66787,-8.6606,-8.65815
1746179157514,-8.82518,-8.8298,-8.8273,-8.83518,-8.82418,-8.81858
1746179157527,-8.94693,-8.95133,-8.94911,-8.95214,-8.94544,-8.94295
1746179157542,-9.10935,-9.11404,-9.11063,-9.11488,-9.1073,-9.11131
1746179157556,-9.27141,-9.27663,-9.27325,-9.2783,-9.27007,-9.27515
1746179157568,-9.39342,-9.3982,-9.3951,-9.39915,-9.39161,-9.39984
1746179157580,-9.51486,-9.52005,-9.51704,-9.51485,-9.51238,-9.51655
1746179157593,-9.63626,-9.63958,-9.63824,-9.63547,-9.63457,-9.63631
1746179157605,-9.75173,-9.74804,-9.75385,-9.75884,-9.75542,-9.7559
1746179157617,-9.85129,-9.83216,-9.84515,-9.87007,-9.86598,-9.86693
1746179157629,-9.92152,-9.88645,-9.89798,-9.95453,-9.95065,-9.95155
1746179157643,-9.94998,-9.91011,-9.91765,-9.98829,-9.98501,-9.9815
1746179157655,-9.92306,-9.8885,-9.90405,-9.98554,-9.96372,-9.96074
1746179157669,-9.8567,-9.83701,-9.85404,-9.94812,-9.8928,-9.90236
1746179157684,-9.72344,-9.72342,-9.73772,-9.80885,-9.7479,-9.76028
1746179157696,-9.60556,-9.60847,-9.61225,-9.69063,-9.62708,-9.63957
1746179157708,-9.48337,-9.48473,-9.48478,-9.5668,-9.50453,-9.51436
1746179157720,-9.36211,-9.36027,-9.36371,-9.44367,-9.38243,-9.38741
1746179157735,-9.24155,-9.23726,-9.23889,-9.31091,-9.2583,-9.26326
1746179157747,-9.07992,-9.07563,-9.07558,-9.14085,-9.09465,-9.10017
1746179157759,-8.95765,-8.95727,-8.95948,-9.0192,-8.97219,-8.98048
1746179157771,-8.83546,-8.83958,-8.84042,-8.89504,-8.84948,-8.86117
1746179157784,-8.7138,-8.7201,-8.7214,-8.76171,-8.72578,-8.73945
1746179157796,-8.59214,-8.59792,-8.6012,-8.63663,-8.60314,-8.61514
1746179157808,-8.47105,-8.47399,-8.47578,-8.51017,-8.47967,-8.48885
1746179157820,-8.34904,-8.34869,-8.35079,-8.38612,-8.3565,-8.36233
1746179157833,-8.22681,-8.22519,-8.22632,-8.26241,-8.23522,-8.23577
1746179157849,-8.06303,-8.06088,-8.06152,-8.088,-8.07026,-8.06408
1746179157863,-7.94107,-7.93971,-7.94107,-7.95456,-7.94708,-7.94175
1746179157876,-7.77988,-7.77964,-7.78129,-7.78896,-7.78494,-7.78324
1746179157888,-7.65853,-7.65972,-7.66187,-7.66697,-7.66286,-7.66771
1746179157902,-7.5366,-7.53927,-7.54172,-7.53822,-7.53975,-7.54775
1746179157921,-7.33259,-7.33478,-7.33682,-7.33143,-7.33662,-7.34527
1746179157933,-7.21036,-7.21076,-7.21322,-7.20898,-7.21403,-7.21898
1746179157945,-7.08866,-7.0873,-7.0895,-7.08733,-7.09303,-7.0954
1746179157958,-6.96761,-6.96413,-6.96612,-6.97151,-6.97106,-6.96873
1746179157974,-6.80524,-6.80222,-6.80368,-6.80569,-6.80752,-6.79802
1746179157986,-6.68319,-6.68153,-6.68318,-6.68381,-6.6869,-6.67711
1746179157998,-6.5606,-6.56185,-6.56302,-6.56342,-6.56513,-6.56019
1746179158010,-6.43916,-6.44079,-6.44252,-6.44543,-6.44346,-6.44294
1746179158022,-6.31781,-6.31914,-6.32058,-6.32011,-6.32167,-6.32503
1746179158035,-6.19681,-6.19609,-6.19773,-6.19457,-6.19932,-6.20559
1746179158049,-6.07471,-6.07319,-6.07452,-6.07178,-6.07718,-6.08476
1746179158064,-5.91203,-5.90972,-5.91152,-5.91236,-5.91536,-5.91832
1746179158076,-5.74878,-5.74729,-5.74912,-5.74974,-5.75205,-5.75212
1746179158088,-5.62747,-5.62612,-5.62853,-5.62786,-5.6305,-5.62788
1746179158100,-5.50599,-5.50515,-5.50816,-5.50358,-5.50977,-5.50207
1746179158112,-5.38503,-5.38406,-5.38731,-5.3825,-5.38848,-5.38111
1746179158125,-5.26276,-5.26277,-5.26572,-5.26943,-5.26731,-5.26482
1746179158138,-5.14083,-5.14048,-5.14356,-5.15408,-5.14657,-5.15152
1746179158155,-4.97771,-4.97757,-4.98029,-4.98699,-4.983,-4.99447
1746179158167,-4.85632,-4.85528,-4.85709,-4.86351,-4.86041,-4.87051
1746179158179,-4.73501,-4.73326,-4.73511,-4.74255,-4.73959,-4.74805
1746179158191,-4.6137,-4.61185,-4.61373,-4.61952,-4.61676,-4.62099
1746179158203,-4.49222,-4.4906,-4.49249,-4.4965,-4.49487,-4.49553
1746179158215,-4.3699,-4.36939,-4.37182,-4.36913,-4.37392,-4.37008
1746179158227,-4.2478,-4.24818,-4.25079,-4.24244,-4.25162,-4.24488
1746179158240,-4.12614,-4.12629,-4.12885,-4.1185,-4.12986,-4.12268
1746179158254,-3.96469,-3.96378,-3.96589,-3.96046,-3.9686,-3.96583
1746179158269,-3.84286,-3.8412,-3.84356,-3.83766,-3.84666,-3.84959
1746179158281,-3.67991,-3.6791,-3.67994,-3.66989,-3.68331,-3.69274
1746179158294,-3.55816,-3.55729,-3.55844,-3.54881,-3.56347,-3.57065
1746179158308,-3.4362,-3.43599,-3.43693,-3.43369,-3.44175,-3.44388
1746179158324,-3.27488,-3.27413,-3.27619,-3.27484,-3.27938,-3.27719
1746179158338,-3.11242,-3.11178,-3.11332,-3.11359,-3.11869,-3.11024
1746179158350,-2.99133,-2.98997,-2.99138,-2.99137,-2.99665,-2.98574
1746179158362,-2.86879,-2.86775,-2.86952,-2.8688,-2.87439,-2.86461
1746179158374,-2.74696,-2.74586,-2.7475,-2.75024,-2.75328,-2.74598
1746179158386,-2.62494,-2.62421,-2.62578,-2.63123,-2.63095,-2.62784
1746179158398,-2.50399,-2.50272,-2.50449,-2.50351,-2.50825,-2.50775
1746179158410,-2.38215,-2.38123,-2.38347,-2.37682,-2.38662,-2.38562
1746179158422,-2.26071,-2.2597,-2.26275,-2.25575,-2.2646,-2.26742
1746179158436,-2.13844,-2.13832,-2.14094,-2.13787,-2.14254,-2.14286
1746179158448,-2.01665,-2.01643,-2.01891,-2.01542,-2.02148,-2.01896
1746179158461,-1.89477,-1.89442,-1.89689,-1.89251,-1.89966,-1.89316
1746179158475,-1.77328,-1.77245,-1.77486,-1.77132,-1.7771,-1.7667
1746179158488,-1.61161,-1.6101,-1.6129,-1.61259,-1.61547,-1.60551
1746179158500,-1.48991,-1.48837,-1.49126,-1.49574,-1.49362,-1.48771
1746179158512,-1.36799,-1.36704,-1.36985,-1.38016,-1.37173,-1.37058
1746179158524,-1.24589,-1.24514,-1.24813,-1.25416,-1.25028,-1.25394
1746179158536,-1.12423,-1.12413,-1.12667,-1.13022,-1.12772,-1.13384
1746179158549,-1.00257,-1.00248,-1.0049,-1.00571,-1.00526,-1.00927
1746179158561,-0.88135,-0.88043,-0.882525,-0.886231,-0.884612,-0.887085
1746179158574,-0.759251,-0.758498,-0.76028,-0.761604,-0.762799,-0.764084
1746179158588,-0.596966,-0.595788,-0.596967,-0.593376,-0.600276,-0.598522
1746179158602,-0.474779,-0.473936,-0.474941,-0.469551,-0.478255,-0.473955
1746179158614,-0.353252,-0.352324,-0.353219,-0.343323,-0.356459,-0.352387
1746179158626,-0.231285,-0.230753,-0.231759,-0.225792,-0.234496,-0.233629
1746179158638,-0.110372,-0.109222,-0.110256,-0.107689,-0.11289,-0.113525
1746179158650,0.0116828,0.0121491,0.0107684,0.0185393,0.00897279,0.00208342
1746179158662,0.133254,0.13364,0.132708,0.13916,0.131159,0.123466
1746179158674,0.25566,0.255613,0.254647,0.258408,0.252715,0.246219
1746179158687,0.3771,0.377425,0.376064,0.371246,0.372149,0.368493
1746179158699,0.499199,0.499156,0.497785,0.491066,0.493746,0.495288
1746179158711,0.620331,0.620768,0.619245,0.61409,0.615775,0.619323
1746179158723,0.742166,0.74262,0.740575,0.736198,0.736477,0.743152
1746179158735,0.863694,0.864432,0.862383,0.859222,0.858838,0.866354
1746179158747,0.98588,0.986284,0.984323,0.981445,0.981472,0.986037
1746179158759,1.10763,1.10794,1.10604,1.09932,1.1016,1.10377
1746179158773,1.2292,1.22975,1.22764,1.22498,1.22422,1.22335
1746179158785,1.39131,1.39202,1.39025,1.39355,1.38776,1.38519
1746179158798,1.51288,1.51347,1.5118,1.51577,1.50788,1.50711
1746179158810,1.63472,1.63532,1.63352,1.63113,1.62922,1.62883
1746179158822,1.75629,1.75697,1.75511,1.75472,1.75202,1.7529
1746179158834,1.87869,1.87894,1.87683,1.88141,1.87398,1.87894
1746179158846,1.99991,2.00059,1.99855,2.00203,1.9951,2.00279
1746179158858,2.12192,2.12241,2.11988,2.12276,2.11829,2.1263
1746179158870,2.24284,2.2441,2.24187,2.24007,2.23938,2.24474
1746179158883,2.36498,2.36587,2.36376,2.3568,2.36029,2.36293
1746179158895,2.48638,2.48764,2.48587,2.47948,2.48362,2.48298
1746179158908,2.609,2.60909,2.60751,2.60742,2.60507,2.60421
1746179158920,2.72996,2.73074,2.72901,2.72964,2.72578,2.72667
1746179158932,2.85223,2.8522,2.85073,2.84946,2.84758,2.84882
1746179158944,2.97315,2.97409,2.97246,2.97295,2.97017,2.97416
1746179158956,3.09529,3.09586,3.09383,3.10192,3.09137,3.09618
1746179158971,3.21682,3.21751,3.21577,3.22906,3.21423,3.21994
1746179158986,3.37972,3.37998,3.37738,3.39134,3.37718,3.38295
1746179159000,3.54174,3.54265,3.53987,3.5519,3.53875,3.5432
1746179159012,3.66353,3.66418,3.66141,3.67275,3.66109,3.66254
1746179159024,3.78484,3.78623,3.78331,3.7952,3.78255,3.78214
1746179159036,3.90658,3.90748,3.90525,3.91685,3.90275,3.90084
1746179159049,4.02824,4.02934,4.02719,4.0353,4.02491,4.02211
1746179159061,4.1499,4.15055,4.14917,4.14814,4.1462,4.14494
1746179159074,4.27187,4.27256,4.27076,4.26842,4.26677,4.26699
1746179159088,4.43424,4.43475,4.43255,4.43401,4.4305,4.43241
1746179159104,4.59613,4.59738,4.59455,4.59457,4.59227,4.59662
1746179159117,4.7181,4.71887,4.71632,4.71474,4.71342,4.71672
1746179159129,4.83967,4.84092,4.83795,4.83673,4.83631,4.83752
1746179159141,4.96199,4.96241,4.95985,4.95575,4.95731,4.95724
1746179159153,5.08339,5.08426,5.08122,5.08427,5.07775,5.07499
1746179159165,5.20544,5.20551,5.20303,5.20592,5.20008,5.19611
1746179159177,5.32649,5.32725,5.32471,5.32471,5.32207,5.31881
1746179159189,5.44854,5.44878,5.44673,5.44247,5.44212,5.44074
1746179159201,5.56976,5.57071,5.56841,5.56629,5.56514,5.56656
1746179159214,5.6916,5.6924,5.6907,5.69344,5.68813,5.69051
1746179159227,5.81339,5.81409,5.81238,5.81188,5.8081,5.81306
1746179159245,5.9758,5.97684,5.97421,5.9713,5.97151,5.97417
1746179159256,6.09738,6.09854,6.09615,6.09135,6.09332,6.09422
1746179159271,6.25997,6.26108,6.2578,6.25465,6.25416,6.25447
1746179159283,6.38141,6.38258,6.37948,6.37882,6.37667,6.37568
1746179159295,6.50338,6.50419,6.50103,6.50448,6.49929,6.49875
1746179159308,6.62517,6.6258,6.62284,6.62292,6.6194,6.62099
1746179159324,6.78763,6.78783,6.7858,6.78703,6.78361,6.78434
1746179159336,6.90907,6.90992,6.9077,6.91418,6.90561,6.90867
1746179159348,7.03038,7.03137,7.02938,7.03812,7.02684,7.03273
1746179159361,7.15248,7.15342,7.15105,7.15771,7.14941,7.15426
1746179159373,7.27409,7.27528,7.27256,7.27718,7.27125,7.27467
1746179159386,7.43651,7.4377,7.43426,7.43729,7.43159,7.4339
1746179159398,7.55821,7.55932,7.5562,7.56237,7.55424,7.55447
1746179159410,7.67978,7.68105,7.67766,7.68288,7.67615,7.67333
1746179159423,7.80166,7.80234,7.7992,7.80247,7.79654,7.79452
1746179159439,7.92319,7.92379,7.92066,7.91817,7.9191,7.91711
1746179159451,8.086,8.08586,8.08371,8.07919,8.08169,8.08051
1746179159463,8.20749,8.20787,8.20565,8.20667,8.20298,8.20401
1746179159477,8.32954,8.32968,8.32764,8.32489,8.32579,8.32559
1746179159488,8.45081,8.45133,8.44918,8.44357,8.44678,8.44678
1746179159500,8.57242,8.57339,8.57104,8.56682,8.5669,8.567
1746179159514,8.69412,8.69512,8.69267,8.69122,8.68936,8.69044
1746179159528,8.8568,8.85795,8.85415,8.85555,8.85166,8.84935
1746179159542,8.97829,8.97916,8.97609,8.98098,8.97314,8.96848
1746179159554,9.1003,9.10101,9.09777,9.10034,9.09583,9.0938
1746179159566,9.22161,9.22218,9.21901,9.21638,9.21702,9.2146
1746179159578,9.3434,9.34435,9.34047,9.34399,9.33865,9.33765
1746179159591,9.46506,9.4654,9.46219,9.46873,9.4612,9.46277
1746179159602,9.58667,9.5877,9.58365,9.59152,9.58249,9.58555
1746179159616,9.74382,9.74531,9.74435,9.7451,9.74275,9.7452
1746179159628,9.83979,9.8379,9.84794,9.8608,9.85762,9.85857
1746179159640,9.89816,9.88826,9.91324,9.95121,9.94557,9.94674
1746179159652,9.91845,9.90333,9.93007,9.98371,9.97785,9.97709
1746179159664,9.89065,9.87996,9.90474,9.97627,9.94506,9.94126
1746179159679,9.82573,9.82683,9.84026,9.90612,9.85964,9.85703
1746179159693,9.68734,9.70462,9.70873,9.76456,9.70794,9.70221
1746179159707,9.56849,9.58501,9.58867,9.64348,9.58691,9.58163
1746179159719,9.44657,9.4632,9.46106,9.51977,9.46457,9.46053
1746179159731,9.3253,9.33493,9.33825,9.39297,9.34207,9.34008
1746179159743,9.20474,9.20041,9.2099,9.26926,9.21972,9.21836
1746179159756,9.0862,9.06849,9.06921,9.15161,9.09603,9.09536
1746179159768,8.96507,8.94243,8.94061,9.01554,8.9716,8.97127
1746179159780,8.84157,8.82755,8.83122,8.88462,8.84926,8.84947
1746179159792,8.71824,8.71625,8.72127,8.75725,8.72566,8.72295
1746179159804,8.59495,8.59764,8.59959,8.6285,8.60255,8.59675
1746179159816,8.47501,8.48297,8.47983,8.50353,8.48051,8.47574
1746179159828,8.35212,8.36416,8.36714,8.3717,8.35731,8.35309
1746179159841,8.23279,8.2436,8.2462,8.24272,8.23532,8.23217
1746179159853,8.11161,8.11789,8.11746,8.11558,8.11319,8.11215
1746179159865,7.98824,7.99123,7.99216,7.99507,7.99021,7.99038
1746179159877,7.86491,7.85522,7.86403,7.87148,7.86768,7.86781
1746179159889,7.74373,7.72904,7.72736,7.74834,7.74584,7.74798
1746179159901,7.62084,7.60595,7.60441,7.62497,7.62279,7.62717
1746179159914,7.4604,7.45226,7.45845,7.46384,7.46105,7.46244
1746179159926,7.33804,7.33482,7.33874,7.34436,7.33994,7.3394
1746179159940,7.21765,7.21774,7.21658,7.22248,7.21727,7.21535
1746179159954,7.09428,7.09941,7.10079,7.09786,7.09645,7.09434
1746179159966,6.9309,6.93787,6.94096,6.93043,6.93412,6.93378
1746179159978,6.85,6.85575,6.85643,6.84723,6.85226,6.85586
1746179159990,6.72847,6.73093,6.73157,6.7289,6.73024,6.73392
1746179160002,6.60676,6.6005,6.60775,6.60679,6.609,6.61094
1746179160014,6.48664,6.47327,6.47513,6.47919,6.48605,6.48836
1746179160026,6.36424,6.34926,6.35014,6.35582,6.363,6.3663
1746179160040,6.20068,6.19148,6.19598,6.19766,6.20273,6.20569
1746179160052,6.07845,6.0748,6.07806,6.07853,6.08112,6.08216
1746179160065,5.95692,5.95587,5.95799,5.95779,5.95985,5.95911
1746179160077,5.83684,5.83815,5.83923,5.83717,5.83892,5.83786
1746179160089,5.71439,5.7175,5.72056,5.71587,5.71715,5.71591
1746179160101,5.59379,5.59573,5.59784,5.59307,5.59421,5.5943
1746179160113,5.47085,5.47179,5.47355,5.47794,5.47355,5.47543
1746179160125,5.34814,5.34385,5.34916,5.35709,5.35188,5.35404
1746179160137,5.22617,5.2177,5.22038,5.22972,5.22821,5.23098
1746179160149,5.1053,5.09337,5.09513,5.10509,5.10626,5.11054
1746179160161,4.98285,4.97272,4.97663,4.98173,4.985,4.98825
1746179160173,4.86282,4.85487,4.85914,4.86008,4.86254,4.86231
1746179160185,4.74015,4.73711,4.74012,4.73534,4.74132,4.73947
1746179160197,4.61889,4.61751,4.62062,4.60911,4.61979,4.61666
1746179160209,4.4963,4.49778,4.5003,4.48746,4.49759,4.49448
1746179160221,4.37464,4.37653,4.37966,4.36066,4.37509,4.37266
1746179160233,4.25342,4.25387,4.25707,4.24164,4.25382,4.25256
1746179160245,4.13172,4.12845,4.1333,4.12514,4.13239,4.13099
1746179160257,4.00997,4.00267,4.00713,4.0012,4.00964,4.00917
1746179160269,3.88805,3.87805,3.88214,3.8784,3.88815,3.88879
1746179160281,3.76569,3.75672,3.76107,3.76133,3.76722,3.76695
1746179160293,3.64403,3.63752,3.64245,3.64483,3.6456,3.64454
1746179160305,3.52263,3.51919,3.5233,3.52604,3.52534,3.52183
1746179160319,3.40115,3.39967,3.40363,3.40302,3.40377,3.40077
1746179160332,3.27984,3.27938,3.2833,3.28045,3.28098,3.27975
1746179160344,3.15805,3.15841,3.16254,3.15685,3.1603,3.16048
1746179160358,2.99554,2.9945,2.99927,2.99778,2.99858,2.99985
1746179160374,2.87305,2.86924,2.87371,2.87842,2.87549,2.87882
1746179160386,2.71138,2.70336,2.70782,2.71328,2.71345,2.71664
1746179160401,2.58946,2.58179,2.58584,2.59026,2.59189,2.59596
1746179160413,2.46846,2.46182,2.46591,2.46838,2.47001,2.47605
1746179160425,2.34614,2.34245,2.34628,2.35176,2.35004,2.35296
1746179160437,2.22496,2.22229,2.22626,2.22942,2.22812,2.22976
1746179160450,2.06228,2.06122,2.0653,2.06451,2.06491,2.06538
1746179160463,1.94097,1.93917,1.9438,1.9455,1.94404,1.94597
1746179160475,1.81887,1.81595,1.82068,1.8211,1.82177,1.82401
1746179160487,1.6977,1.6921,1.69665,1.70425,1.69907,1.70541
1746179160499,1.57534,1.56928,1.57344,1.58432,1.57846,1.58347
1746179160511,1.45385,1.44743,1.45146,1.45741,1.45641,1.46112
1746179160523,1.33184,1.32722,1.3307,1.33175,1.33393,1.33886
1746179160535,1.21045,1.20669,1.21081,1.21136,1.21348,1.21761
1746179160548,1.0887,1.08648,1.09018,1.09097,1.09184,1.09252
1746179160560,0.967258,0.965033,0.96902,0.96611,0.969547,0.96864
1746179160572,0.845511,0.843421,0.847081,0.840111,0.847302,0.846859
1746179160586,0.723676,0.720326,0.723746,0.717659,0.725249,0.72496
1746179160601,0.601929,0.597632,0.600935,0.594177,0.602921,0.605125
1746179160614,0.439291,0.434,0.437012,0.434532,0.440423,0.443585
1746179160626,0.318027,0.312709,0.315901,0.313797,0.318693,0.322175
1746179160638,0.196368,0.1919,0.194615,0.188942,0.196664,0.200929
1746179160650,0.0748403,0.0711706,0.0738962,0.0680922,0.0758544,0.0807232
1746179160662,-0.0471705,-0.0498394,-0.0471714,-0.0508119,-0.0458096,-0.0409446
1746179160674,-0.168654,-0.171691,-0.168675,-0.164452,-0.166561,-0.167285
1746179160686,-0.290929,-0.293984,-0.290789,-0.288162,-0.288972,-0.291043
1746179160700,-0.452951,-0.457456,-0.454102,-0.453873,-0.451511,-0.455001
1746179160715,-0.574698,-0.58003,-0.576477,-0.575066,-0.573341,-0.575607
1746179160727,-0.696226,-0.701882,-0.698504,-0.699806,-0.695627,-0.695854
1746179160739,-0.818105,-0.822932,-0.819571,-0.817223,-0.817448,-0.816784
1746179160751,-0.939632,-0.943982,-0.940857,-0.941162,-0.938217,-0.939731
1746179160763,-1.06169,-1.06487,-1.06188,-1.06327,-1.05985,-1.06053
1746179160775,-1.18308,-1.18672,-1.18343,-1.18732,-1.18122,-1.18091
1746179160787,-1.30509,-1.30817,-1.30537,-1.3092,-1.30264,-1.30172
1746179160799,-1.42658,-1.43095,-1.42774,-1.42502,-1.42494,-1.42756
1746179160813,-1.54859,-1.55316,-1.55003,-1.54873,-1.54655,-1.55104
1746179160828,-1.71083,-1.71603,-1.71234,-1.71478,-1.70898,-1.71384
1746179160840,-1.83284,-1.8376,-1.83402,-1.83529,-1.83123,-1.83487
1746179160852,-1.95437,-1.95885,-1.95522,-1.95454,-1.95219,-1.95133
1746179160864,-2.07603,-2.07982,-2.07663,-2.07253,-2.07359,-2.06983
1746179160876,-2.19764,-2.20136,-2.19788,-2.19463,-2.19588,-2.19208
1746179160888,-2.31952,-2.32293,-2.31925,-2.31926,-2.3165,-2.31224
1746179160900,-2.44123,-2.44478,-2.44101,-2.44457,-2.43869,-2.43546
1746179160912,-2.56297,-2.56711,-2.56343,-2.56771,-2.5612,-2.55774
1746179160927,-2.68463,-2.68904,-2.68542,-2.68353,-2.68204,-2.68298
1746179160941,-2.84692,-2.85135,-2.84855,-2.85542,-2.84516,-2.84701
1746179160953,-2.96858,-2.97292,-2.96997,-2.97936,-2.96772,-2.96985
1746179160965,-3.09015,-3.09438,-3.09156,-3.10146,-3.08915,-3.0918
1746179160979,-3.21207,-3.21579,-3.21315,-3.22277,-3.21092,-3.21088
1746179160993,-3.3748,-3.37818,-3.3752,-3.37933,-3.37313,-3.37039
1746179161005,-3.49584,-3.49995,-3.49718,-3.50143,-3.49396,-3.49216
1746179161017,-3.61807,-3.622,-3.61912,-3.6224,-3.61564,-3.60894
1746179161030,-3.73938,-3.74385,-3.74076,-3.74096,-3.73835,-3.72861
1746179161042,-3.8613,-3.86562,-3.8627,-3.85963,-3.85986,-3.85332
1746179161055,-3.98292,-3.98736,-3.98381,-3.97259,-3.98116,-3.98003
1746179161067,-4.14564,-4.1493,-4.14629,-4.1399,-4.14488,-4.14739
1746179161079,-4.26699,-4.27124,-4.26775,-4.26464,-4.26676,-4.26944
1746179161093,-4.38883,-4.39257,-4.38934,-4.3848,-4.38799,-4.38919
1746179161107,-4.51023,-4.51458,-4.51133,-4.50405,-4.50988,-4.50949
1746179161123,-4.67278,-4.67697,-4.67447,-4.66873,-4.67095,-4.67155
1746179161135,-4.79448,-4.7989,-4.79627,-4.79187,-4.79192,-4.79106
1746179161147,-4.91623,-4.92051,-4.91791,-4.91581,-4.91455,-4.91444
1746179161159,-5.03789,-5.04224,-5.03972,-5.04158,-5.03591,-5.0304
1746179161171,-5.15937,-5.16361,-5.16083,-5.15831,-5.15729,-5.1552
1746179161183,-5.28125,-5.28543,-5.28268,-5.27985,-5.27961,-5.28306
1746179161195,-5.4026,-5.4072,-5.40379,-5.40699,-5.40174,-5.40683
1746179161208,-5.56519,-5.56939,-5.56584,-5.56995,-5.56408,-5.57056
1746179161221,-5.68659,-5.69132,-5.68769,-5.68806,-5.68562,-5.69101
1746179161233,-5.80856,-5.81301,-5.80963,-5.80536,-5.80604,-5.80861
1746179161245,-5.92982,-5.93498,-5.93131,-5.92735,-5.92786,-5.92912
1746179161257,-6.0517,-6.05627,-6.05303,-6.05152,-6.0495,-6.0504
1746179161270,-6.17314,-6.17801,-6.17453,-6.17477,-6.17175,-6.16956
1746179161282,-6.29541,-6.29946,-6.29599,-6.29986,-6.29379,-6.29182
1746179161294,-6.41672,-6.42131,-6.41767,-6.42048,-6.41518,-6.41443
1746179161306,-6.53891,-6.54276,-6.53974,-6.54385,-6.5379,-6.54082
1746179161318,-6.66026,-6.66521,-6.66129,-6.67088,-6.65989,-6.66427
1746179161330,-6.78231,-6.78698,-6.78292,-6.7947,-6.78065,-6.78546
1746179161342,-6.90367,-6.90912,-6.90504,-6.91406,-6.90228,-6.90351
1746179161354,-7.02598,-7.03041,-7.02707,-7.03388,-7.02335,-7.02442
1746179161366,-7.14742,-7.1525,-7.14896,-7.15565,-7.14469,-7.14506
1746179161380,-7.26935,-7.27371,-7.27042,-7.2757,-7.26736,-7.26666
1746179161392,-7.39061,-7.39548,-7.39206,-7.39288,-7.38844,-7.38421
1746179161405,-7.51245,-7.51701,-7.51356,-7.51442,-7.50996,-7.50455
1746179161418,-7.63428,-7.63879,-7.63546,-7.62875,-7.63196,-7.62543
1746179161430,-7.79648,-7.80126,-7.79737,-7.78656,-7.79392,-7.79361
1746179161442,-7.91831,-7.92319,-7.91896,-7.91245,-7.9153,-7.9202
1746179161454,-8.04002,-8.04512,-8.04103,-8.03467,-8.03747,-8.04239
1746179161466,-8.16172,-8.16673,-8.16254,-8.15815,-8.15807,-8.16149
1746179161480,-8.28321,-8.28854,-8.28435,-8.27671,-8.27958,-8.28082
1746179161494,-8.40504,-8.41015,-8.40615,-8.40157,-8.40214,-8.40333
1746179161507,-8.56733,-8.57206,-8.56929,-8.57059,-8.56531,-8.56526
1746179161519,-8.68916,-8.69339,-8.69058,-8.69476,-8.68643,-8.68252
1746179161532,-8.81078,-8.81533,-8.81269,-8.82053,-8.80945,-8.80394
1746179161544,-8.93252,-8.93686,-8.93441,-8.93829,-8.93117,-8.92782
1746179161556,-9.05396,-9.05903,-9.05622,-9.05914,-9.05297,-9.05464
1746179161568,-9.17619,-9.18044,-9.17838,-9.18343,-9.17483,-9.18002
1746179161580,-9.29728,-9.30273,-9.30028,-9.30599,-9.29609,-9.30178
1746179161592,-9.41951,-9.42426,-9.42195,-9.4241,-9.41783,-9.42582
1746179161604,-9.541,-9.5462,-9.54372,-9.53945,-9.53838,-9.54202
1746179161616,-9.66182,-9.66428,-9.66418,-9.66259,-9.66068,-9.66158
1746179161628,-9.77527,-9.76865,-9.777,-9.78458,-9.78078,-9.78073
1746179161641,-9.86965,-9.84612,-9.86045,-9.89124,-9.88742,-9.88722
1746179161653,-9.93162,-9.89475,-9.90496,-9.967,-9.96264,-9.96185
1746179161665,-9.94946,-9.90991,-9.91869,-9.99023,-9.98588,-9.9829
1746179161678,-9.91195,-9.88024,-9.89663,-9.98474,-9.95371,-9.95507
1746179161695,-9.80772,-9.798,-9.81262,-9.89182,-9.83784,-9.85134
1746179161707,-9.6988,-9.70041,-9.71362,-9.7831,-9.72195,-9.7354
1746179161721,-9.57965,-9.58244,-9.58492,-9.66419,-9.60062,-9.6134
1746179161733,-9.41644,-9.41653,-9.41759,-9.5018,-9.43799,-9.4458
1746179161748,-9.29623,-9.29231,-9.29483,-9.37088,-9.31373,-9.31967
1746179161762,-9.13443,-9.13024,-9.12907,-9.19739,-9.14937,-9.1532
1746179161774,-9.01321,-9.01059,-9.01245,-9.07288,-9.02756,-9.03507
1746179161786,-8.89023,-8.89263,-8.89509,-8.95271,-8.90462,-8.9147
1746179161798,-8.76883,-8.77407,-8.77537,-8.82134,-8.78105,-8.79426
1746179161810,-8.64713,-8.65386,-8.65644,-8.69408,-8.65898,-8.67214
1746179161822,-8.52578,-8.53008,-8.53346,-8.56773,-8.53512,-8.54429
1746179161834,-8.40394,-8.40566,-8.40746,-8.44139,-8.41186,-8.41911
1746179161846,-8.28215,-8.28088,-8.28321,-8.31997,-8.29014,-8.29356
1746179161858,-8.15917,-8.15711,-8.15857,-8.18768,-8.16664,-8.16475
1746179161870,-8.0365,-8.03473,-8.03541,-8.0595,-8.04338,-8.03662
1746179161883,-7.91484,-7.91324,-7.91526,-7.92584,-7.92104,-7.91631
1746179161900,-7.75375,-7.75406,-7.75513,-7.7639,-7.75878,-7.75778
1746179161912,-7.63235,-7.63365,-7.63563,-7.63927,-7.63677,-7.64292
1746179161924,-7.51047,-7.513,-7.51487,-7.50973,-7.5138,-7.52199
1746179161937,-7.38815,-7.39007,-7.39188,-7.38522,-7.39186,-7.40143
1746179161951,-7.26553,-7.26633,-7.26807,-7.26242,-7.26952,-7.27637
1746179161963,-7.10298,-7.10178,-7.1038,-7.10186,-7.10775,-7.11016
1746179161976,-6.98193,-6.97856,-6.98037,-6.98524,-6.98572,-6.98355
1746179161988,-6.86054,-6.85707,-6.85887,-6.86291,-6.86315,-6.85702
1746179162000,-6.73835,-6.73594,-6.73828,-6.73851,-6.74142,-6.73258
1746179162012,-6.61599,-6.61638,-6.61804,-6.61697,-6.61976,-6.61229
1746179162024,-6.49393,-6.49549,-6.49763,-6.49899,-6.4983,-6.49526
1746179162036,-6.37289,-6.37448,-6.37687,-6.37928,-6.37644,-6.37945
1746179162049,-6.25127,-6.25174,-6.25423,-6.24962,-6.25446,-6.25938
1746179162064,-6.08912,-6.08787,-6.08904,-6.0862,-6.09162,-6.1
1746179162078,-5.96706,-5.96477,-5.96579,-5.96661,-5.96998,-5.97357
1746179162091,-5.8039,-5.80231,-5.80348,-5.80616,-5.80735,-5.80968
1746179162103,-5.68242,-5.68081,-5.68272,-5.68256,-5.68568,-5.68442
1746179162115,-5.60125,-5.60022,-5.60189,-5.60131,-5.60469,-5.60079
1746179162127,-5.48016,-5.47917,-5.48148,-5.47703,-5.48377,-5.476
1746179162139,-5.35886,-5.35816,-5.36033,-5.35709,-5.36216,-5.35568
1746179162151,-5.23654,-5.23643,-5.23874,-5.2454,-5.24102,-5.24022
1746179162163,-5.11435,-5.11426,-5.11658,-5.12787,-5.12019,-5.12602
1746179162178,-4.95171,-4.95131,-4.95357,-4.95941,-4.95639,-4.96855
1746179162192,-4.78978,-4.78823,-4.78939,-4.79782,-4.79441,-4.80344
1746179162205,-4.6686,-4.66662,-4.66779,-4.67537,-4.67222,-4.6786
1746179162220,-4.54703,-4.54505,-4.54642,-4.54994,-4.54962,-4.5513
1746179162234,-4.38426,-4.38391,-4.38568,-4.38423,-4.38795,-4.38453
1746179162248,-4.26234,-4.2625,-4.26483,-4.25686,-4.266,-4.25934
1746179162261,-4.10032,-4.10011,-4.10331,-4.09229,-4.10354,-4.09647
1746179162273,-3.97897,-3.97809,-3.98097,-3.97362,-3.98283,-3.97853
1746179162285,-3.85748,-3.85568,-3.85869,-3.85345,-3.86107,-3.8635
1746179162297,-3.73556,-3.73407,-3.73601,-3.72448,-3.73861,-3.74573
1746179162309,-3.61324,-3.61218,-3.61424,-3.60374,-3.61761,-3.6268
1746179162325,-3.49141,-3.49081,-3.49248,-3.4853,-3.49631,-3.50022
1746179162340,-3.32943,-3.32862,-3.33025,-3.32932,-3.33461,-3.335
1746179162353,-3.16727,-3.16711,-3.16934,-3.16635,-3.17353,-3.16728
1746179162365,-3.08659,-3.08563,-3.08711,-3.0875,-3.09219,-3.08357
1746179162377,-2.96498,-2.96374,-2.96565,-2.96516,-2.97014,-2.96018
1746179162389,-2.84261,-2.84165,-2.84345,-2.84283,-2.84809,-2.83854
1746179162401,-2.72082,-2.71984,-2.72173,-2.72507,-2.72718,-2.72079
1746179162413,-2.59903,-2.59807,-2.60036,-2.60456,-2.6046,-2.60222
1746179162425,-2.4779,-2.47653,-2.47872,-2.47593,-2.48223,-2.48076
1746179162439,-2.31575,-2.31467,-2.31781,-2.31136,-2.31997,-2.32061
1746179162453,-2.19365,-2.19326,-2.19635,-2.19212,-2.19703,-2.19803
1746179162468,-2.03092,-2.03103,-2.03291,-2.0295,-2.03564,-2.03329
1746179162481,-1.90922,-1.90885,-1.91084,-1.90773,-1.9137,-1.90799
1746179162495,-1.78769,-1.78688,-1.78864,-1.78528,-1.79158,-1.78169
1746179162512,-1.58539,-1.58396,-1.58587,-1.58684,-1.58912,-1.57943
1746179162524,-1.46356,-1.46206,-1.46436,-1.47137,-1.46744,-1.46203
1746179162536,-1.34181,-1.34085,-1.34282,-1.35349,-1.34525,-1.34564
1746179162548,-1.21967,-1.21912,-1.22127,-1.22715,-1.22424,-1.22833
1746179162560,-1.09818,-1.09799,-1.09959,-1.10355,-1.10158,-1.10719
1746179162572,-0.976482,-0.975939,-0.977958,-0.979843,-0.979299,-0.982879
1746179162584,-0.855086,-0.854247,-0.855844,-0.859909,-0.858887,-0.861291
1746179162596,-0.733075,-0.732034,-0.733817,-0.732994,-0.736577,-0.737188
1746179162610,-0.611635,-0.610262,-0.611747,-0.607567,-0.61444,-0.613365
1746179162625,-0.448822,-0.447753,-0.44996,-0.442429,-0.452473,-0.447971
1746179162638,-0.326987,-0.326422,-0.328108,-0.317917,-0.330336,-0.326935
1746179162650,-0.205416,-0.20461,-0.206778,-0.201073,-0.208357,-0.207825
1746179162662,-0.0841515,-0.0833196,-0.085362,-0.0820542,-0.0872156,-0.0896596
1746179162674,0.0379032,0.0382517,0.03588,0.0463485,0.0352693,0.0282311
1746179162686,0.159475,0.159743,0.15782,0.164566,0.157481,0.149018
1746179162698,0.281749,0.281675,0.279715,0.281296,0.277859,0.27319
1746179162710,0.403365,0.403527,0.401524,0.396423,0.39852,0.396431
1746179162724,0.525375,0.525259,0.523159,0.517616,0.520217,0.522839
1746179162739,0.68709,0.687648,0.685774,0.683098,0.682474,0.688893
1746179162752,0.808837,0.809259,0.807539,0.802917,0.803674,0.811869
1746179162764,0.930629,0.931312,0.929348,0.926399,0.9262,0.932303
1746179162776,1.05264,1.05288,1.05124,1.04633,1.04801,1.05109
1746179162788,1.17439,1.1749,1.17336,1.16776,1.16886,1.16872
1746179162800,1.29587,1.29611,1.29512,1.29444,1.29181,1.29014
1746179162812,1.41744,1.41836,1.41689,1.42067,1.41414,1.41173
1746179162824,1.53919,1.53973,1.53843,1.54049,1.53401,1.53354
1746179162838,1.70112,1.7022,1.69974,1.69659,1.69639,1.69635
1746179162853,1.82353,1.82381,1.82133,1.82568,1.81905,1.82261
1746179162865,1.9451,1.94578,1.94292,1.94721,1.94025,1.9474
1746179162877,2.06698,2.06715,2.0643,2.06863,2.06289,2.07205
1746179162889,2.18838,2.18909,2.18589,2.18822,2.185,2.19122
1746179162901,2.30986,2.31074,2.30765,2.30438,2.30554,2.31008
1746179162913,2.43152,2.43275,2.42968,2.42203,2.42724,2.42846
1746179162925,2.55344,2.55408,2.55157,2.54997,2.55016,2.54855
1746179162937,2.67541,2.67581,2.67325,2.67403,2.67054,2.67055
1746179162951,2.83761,2.83784,2.83596,2.8355,2.8329,2.83448
1746179162966,2.95905,2.95969,2.95785,2.95795,2.95595,2.95875
1746179162978,3.12146,3.12196,3.11968,3.12996,3.11802,3.12276
1746179162990,3.20254,3.20308,3.20151,3.21522,3.19963,3.20527
1746179163002,3.32446,3.32509,3.32336,3.33527,3.3223,3.32862
1746179163014,3.44621,3.44678,3.44452,3.45772,3.4427,3.44856
1746179163026,3.568,3.56895,3.56655,3.57731,3.56508,3.56812
1746179163038,3.68957,3.69028,3.68814,3.69839,3.6871,3.68745
1746179163050,3.81106,3.81238,3.81003,3.82187,3.8083,3.80747
1746179163064,3.97326,3.97412,3.97156,3.98357,3.96961,3.96701
1746179163080,4.13563,4.13623,4.13439,4.13452,4.13188,4.13041
1746179163092,4.25733,4.25804,4.25624,4.25354,4.25243,4.25265
1746179163104,4.37908,4.37978,4.37783,4.37965,4.37501,4.37698
1746179163116,4.50061,4.50155,4.49969,4.50039,4.49754,4.50053
1746179163128,4.62222,4.62344,4.62167,4.61987,4.61772,4.62211
1746179163141,4.74428,4.74529,4.74343,4.74026,4.73982,4.74257
1746179163156,4.90661,4.90772,4.90509,4.90173,4.90238,4.90347
1746179163169,5.02862,5.02941,5.02659,5.0259,5.02297,5.02197
1746179163182,5.14993,5.15082,5.14788,5.14996,5.14494,5.14203
1746179163194,5.27189,5.2724,5.26969,5.27252,5.26713,5.26363
1746179163208,5.39311,5.39397,5.39128,5.38879,5.38768,5.38537
1746179163224,5.55566,5.55628,5.55376,5.55061,5.55027,5.55142
1746179163237,5.71786,5.71858,5.71703,5.71964,5.71431,5.71678
1746179163251,5.83948,5.84036,5.83862,5.83832,5.83417,5.83903
1746179163264,5.96149,5.96245,5.96013,5.95699,5.95674,5.95952
1746179163275,6.08293,6.08398,6.08185,6.07716,6.07916,6.08075
1746179163288,6.20489,6.20639,6.2034,6.19938,6.19927,6.20042
1746179163299,6.32647,6.32748,6.32494,6.32183,6.32126,6.32079
1746179163313,6.44834,6.44962,6.4464,6.44852,6.44375,6.44285
1746179163326,6.61063,6.61108,6.60823,6.60885,6.60504,6.60706
1746179163340,6.73251,6.73322,6.72969,6.7281,6.72719,6.72836
1746179163352,6.85404,6.85451,6.85198,6.86016,6.85094,6.85342
1746179163364,6.97565,6.9766,6.97362,6.9825,6.97159,6.97711
1746179163377,7.09718,7.09817,7.09534,7.10529,7.09374,7.09944
1746179163388,7.21893,7.22022,7.21728,7.22145,7.2162,7.22026
1746179163400,7.34076,7.34171,7.33904,7.3447,7.33638,7.33789
1746179163412,7.46246,7.46381,7.46063,7.46349,7.45791,7.45998
1746179163426,7.58434,7.58518,7.5824,7.58846,7.58047,7.57988
1746179163440,7.74619,7.74757,7.74488,7.75028,7.7422,7.73964
1746179163454,7.90887,7.90951,7.90615,7.90535,7.90463,7.90231
1746179163470,8.03036,8.03097,8.02769,8.02254,8.02677,8.02488
1746179163483,8.19304,8.19348,8.19092,8.1918,8.18817,8.18881
1746179163494,8.31505,8.31513,8.31299,8.3107,8.31123,8.31167
1746179163507,8.43662,8.43694,8.43467,8.42995,8.43232,8.4322
1746179163519,8.55788,8.55875,8.55648,8.5524,8.55245,8.55313
1746179163531,8.67989,8.6806,8.67828,8.67622,8.67487,8.6764
1746179163545,8.80151,8.80274,8.79974,8.7989,8.79634,8.79565
1746179163559,8.92343,8.92415,8.9216,8.92479,8.91858,8.91417
1746179163572,9.08568,9.08682,9.08325,9.08684,9.08145,9.07938
1746179163585,9.20729,9.20779,9.20484,9.20174,9.20276,9.20006
1746179163600,9.36953,9.37022,9.36711,9.37157,9.3648,9.36446
1746179163612,9.49119,9.49167,9.48883,9.49551,9.48729,9.48952
1746179163625,9.61281,9.61356,9.61042,9.61636,9.60843,9.61114
1746179163637,9.73038,9.73192,9.73023,9.73114,9.72867,9.73103
1746179163649,9.83004,9.82907,9.83651,9.84833,9.84497,9.84582
1746179163661,9.89324,9.88445,9.90775,9.94308,9.93788,9.93903
1746179163673,9.91832,9.90309,9.93038,9.982,9.97693,9.97592
1746179163687,9.8957,9.88409,9.90928,9.97707,9.95083,9.94642
1746179163701,9.80698,9.81167,9.82182,9.88449,9.83698,9.83422
1746179163714,9.70122,9.71769,9.72142,9.77886,9.72191,9.71621
1746179163728,9.54253,9.55903,9.56116,9.6175,9.56022,9.55575
1746179163740,9.42057,9.43581,9.43477,9.49265,9.43832,9.43469
1746179163752,9.2993,9.30718,9.31131,9.36665,9.31595,9.31459
1746179163764,9.17914,9.16969,9.17934,9.24465,9.1932,9.19236
1746179163776,9.06099,9.04171,9.03983,9.12426,9.06957,9.06877
1746179163788,8.9388,8.91749,8.91501,8.98819,8.94553,8.94576
1746179163801,8.8153,8.80326,8.80825,8.8575,8.82275,8.82275
1746179163813,8.69162,8.69051,8.6959,8.73001,8.69933,8.69582
1746179163826,8.56904,8.57351,8.57195,8.60264,8.57633,8.57097
1746179163838,8.44878,8.45735,8.45485,8.47527,8.45378,8.44823
1746179163850,8.32607,8.33846,8.34202,8.34457,8.3314,8.32667
1746179163862,8.20731,8.21649,8.21891,8.21617,8.20938,8.20614
1746179163874,8.08512,8.09091,8.08969,8.08811,8.08659,8.08649
1746179163886,7.96184,7.96212,7.96605,7.97012,7.96393,7.96411
1746179163898,7.83869,7.82704,7.83417,7.84492,7.84167,7.84149
1746179163911,7.71782,7.7015,7.69928,7.72087,7.71964,7.7219
1746179163924,7.5948,7.58149,7.581,7.60014,7.59651,7.60054
1746179163937,7.47476,7.46557,7.47158,7.47791,7.47534,7.47722
1746179163949,7.31213,7.30956,7.31315,7.31884,7.31394,7.31364
1746179163961,7.1917,7.19268,7.19203,7.19559,7.19104,7.18828
1746179163975,7.06767,7.07355,7.07694,7.07108,7.07056,7.06795
1746179163989,6.94539,6.95254,6.9557,6.94542,6.94874,6.94814
1746179164003,6.78337,6.78747,6.78746,6.77925,6.78444,6.78877
1746179164015,6.66175,6.66048,6.66452,6.66527,6.66433,6.66623
1746179164028,6.54075,6.53049,6.53543,6.53652,6.54188,6.54323
1746179164039,6.4201,6.40503,6.40403,6.41132,6.41883,6.42233
1746179164052,6.29616,6.28306,6.28501,6.29082,6.29785,6.30155
1746179164064,6.17454,6.16646,6.17057,6.17123,6.17693,6.17935
1746179164076,6.05205,6.04934,6.05199,6.05301,6.05505,6.05599
1746179164091,5.89121,5.89152,5.89277,5.89142,5.89394,5.89305
1746179164106,5.7696,5.77223,5.77467,5.77126,5.77225,5.77107
1746179164119,5.64807,5.65114,5.65408,5.64754,5.64944,5.65023
1746179164131,5.48552,5.48659,5.4885,5.49133,5.48786,5.48955
1746179164144,5.36268,5.35956,5.36447,5.37186,5.36642,5.36935
1746179164155,5.24036,5.23262,5.23629,5.24494,5.24298,5.24568
1746179164168,5.11967,5.10808,5.10938,5.12009,5.12068,5.1248
1746179164180,4.99739,4.98647,4.99019,4.99535,4.99919,5.00295
1746179164193,4.87718,4.86903,4.87287,4.87461,4.877,4.87731
1746179164206,4.7546,4.75115,4.75412,4.75101,4.75599,4.75451
1746179164218,4.63312,4.6317,4.63444,4.62341,4.63423,4.63053
1746179164232,4.47,4.47196,4.47479,4.46045,4.47102,4.46798
1746179164244,4.34864,4.35002,4.35368,4.33445,4.34898,4.34705
1746179164258,4.22747,4.22757,4.23083,4.21749,4.22805,4.22759
1746179164269,4.10576,4.10135,4.10658,4.09801,4.10588,4.10389
1746179164281,3.98393,3.97621,3.98032,3.97465,3.98363,3.9836
1746179164295,3.86187,3.85175,3.8559,3.85426,3.86186,3.86331
1746179164309,3.73938,3.73122,3.73574,3.73615,3.74085,3.74038
1746179164321,3.57727,3.5726,3.57657,3.58028,3.57989,3.57679
1746179164333,3.45609,3.45376,3.45729,3.45852,3.45848,3.45624
1746179164347,3.33461,3.33355,3.33745,3.33527,3.33657,3.33375
1746179164362,3.17263,3.1728,3.1764,3.1723,3.17462,3.17434
1746179164375,3.05075,3.05039,3.0542,3.04997,3.05298,3.05427
1746179164389,2.92835,2.92585,2.93021,2.93209,2.93106,2.93439
1746179164402,2.76628,2.75961,2.76389,2.76981,2.76863,2.77115
1746179164415,2.64453,2.63656,2.6413,2.64462,2.64684,2.65026
1746179164430,2.52322,2.51615,2.52053,2.52113,2.52445,2.52976
1746179164443,2.36063,2.35653,2.36027,2.36584,2.36439,2.36752
1746179164459,2.19865,2.19642,2.20141,2.20184,2.20204,2.20373
1746179164473,2.03624,2.03516,2.03936,2.03957,2.03902,2.03981
1746179164486,1.91466,1.9129,1.91768,1.91872,1.91748,1.91912
1746179164498,1.79274,1.78937,1.794,1.79489,1.79553,1.79808
1746179164511,1.67161,1.66567,1.66997,1.67999,1.67323,1.6794
1746179164523,1.54916,1.54294,1.54672,1.5564,1.55162,1.55655
1746179164535,1.42759,1.42117,1.42482,1.43028,1.43016,1.43403
1746179164547,1.30566,1.30104,1.30423,1.30577,1.30789,1.31293
1746179164559,1.18414,1.18059,1.18395,1.18549,1.18759,1.19125
1746179164572,1.06261,1.0603,1.06371,1.06567,1.06579,1.06573
1746179164586,0.941082,0.93885,0.942208,0.938301,0.942719,0.942227
1746179164600,0.778884,0.77602,0.779724,0.772133,0.780479,0.78002
1746179164612,0.656829,0.652925,0.656564,0.651398,0.658881,0.659176
1746179164625,0.534862,0.53007,0.533578,0.527458,0.535592,0.538714
1746179164638,0.413203,0.407777,0.41129,0.408325,0.414309,0.417601
1746179164654,0.251005,0.246511,0.249372,0.245132,0.252218,0.255105
1746179164666,0.129741,0.125781,0.128479,0.121994,0.130446,0.136062
1746179164678,0.00768603,0.00497195,0.00728066,0.000572098,0.00959476,0.0138125
1746179164692,-0.113622,-0.116158,-0.114049,-0.111122,-0.111348,-0.110038
1746179164704,-0.27661,-0.27943,-0.276358,-0.273056,-0.274476,-0.276491
1746179164717,-0.397787,-0.402204,-0.398996,-0.399513,-0.396422,-0.401515
1746179164730,-0.520061,-0.524818,-0.521763,-0.519676,-0.518111,-0.52113
1746179164746,-0.641193,-0.64695,-0.644008,-0.642929,-0.641019,-0.64162
1746179164757,-0.803874,-0.808578,-0.805359,-0.803833,-0.803143,-0.802655
1746179164769,-0.925007,-0.929868,-0.926688,-0.926056,-0.923654,-0.924647
1746179164781,-1.04759,-1.05068,-1.04723,-1.04805,-1.04554,-1.04669
1746179164793,-1.16855,-1.17221,-1.16882,-1.17291,-1.16664,-1.16535
1746179164805,-1.29082,-1.2937,-1.29059,-1.29456,-1.28851,-1.28762
1746179164817,-1.41204,-1.41647,-1.41279,-1.41071,-1.4107,-1.41242
1746179164829,-1.53409,-1.53853,-1.5353,-1.53374,-1.53213,-1.53716
1746179164843,-1.65567,-1.66098,-1.65758,-1.65997,-1.65393,-1.65935
1746179164858,-1.81843,-1.82325,-1.82002,-1.82053,-1.81709,-1.82089
1746179164870,-1.94009,-1.94462,-1.94153,-1.94035,-1.93802,-1.93811
1746179164882,-2.06167,-2.06575,-2.06277,-2.05868,-2.05958,-2.05658
1746179164894,-2.18324,-2.18684,-2.18375,-2.18044,-2.18158,-2.1773
1746179164906,-2.30477,-2.30829,-2.30534,-2.30461,-2.30204,-2.29835
1746179164918,-2.42682,-2.43034,-2.42711,-2.42935,-2.42412,-2.42087
1746179164930,-2.54839,-2.55244,-2.54948,-2.55386,-2.54672,-2.54326
1746179164942,-2.67005,-2.67469,-2.67138,-2.66956,-2.66763,-2.66815
1746179164954,-2.79162,-2.79654,-2.79345,-2.79579,-2.79002,-2.79189
1746179164967,-2.91376,-2.91815,-2.91473,-2.92351,-2.91226,-2.91461
1746179164979,-3.0352,-3.0398,-3.03619,-3.04516,-3.03465,-3.03677
1746179164996,-3.15704,-3.16106,-3.15752,-3.16761,-3.15637,-3.15688
1746179165008,-3.31937,-3.32312,-3.31966,-3.32611,-3.31812,-3.31538
1746179165020,-3.44138,-3.44465,-3.44195,-3.44788,-3.43913,-3.4366
1746179165032,-3.5626,-3.56675,-3.56367,-3.56689,-3.56094,-3.55709
1746179165044,-3.68466,-3.68836,-3.68556,-3.6874,-3.68252,-3.67317
1746179165056,-3.80605,-3.81065,-3.80733,-3.80756,-3.8052,-3.79678
1746179165068,-3.92802,-3.9321,-3.92944,-3.92017,-3.92661,-3.9224
1746179165081,-4.04955,-4.0542,-4.0506,-4.04068,-4.04799,-4.04812
1746179165094,-4.21223,-4.21626,-4.21282,-4.20845,-4.21174,-4.21415
1746179165110,-4.33371,-4.33796,-4.33406,-4.33136,-4.33363,-4.33562
1746179165122,-4.496,-4.50018,-4.49629,-4.48997,-4.49559,-4.49459
1746179165134,-4.57707,-4.58142,-4.57781,-4.57043,-4.57579,-4.5753
1746179165146,-4.69886,-4.70327,-4.69984,-4.69528,-4.69702,-4.69752
1746179165158,-4.82057,-4.82508,-4.82152,-4.81819,-4.81805,-4.81668
1746179165170,-4.94236,-4.94661,-4.94311,-4.94385,-4.9408,-4.93933
1746179165182,-5.06397,-5.06831,-5.06483,-5.06756,-5.06228,-5.0565
1746179165195,-5.18568,-5.18992,-5.18651,-5.18314,-5.1833,-5.18319
1746179165207,-5.34783,-5.35203,-5.34869,-5.35,-5.34725,-5.3529
1746179165219,-5.4694,-5.47368,-5.47062,-5.47417,-5.46877,-5.47398
1746179165231,-5.59111,-5.59553,-5.59248,-5.59547,-5.58974,-5.59554
1746179165244,-5.71294,-5.71734,-5.71481,-5.71358,-5.71175,-5.71672
1746179165256,-5.8346,-5.83919,-5.83653,-5.83088,-5.8323,-5.83376
1746179165268,-5.95613,-5.96097,-5.95817,-5.9547,-5.95405,-5.9562
1746179165280,-6.07792,-6.0825,-6.07984,-6.07796,-6.07623,-6.07583
1746179165292,-6.19962,-6.20423,-6.20139,-6.20213,-6.19801,-6.19679
1746179165306,-6.32168,-6.32564,-6.32281,-6.32675,-6.31989,-6.31671
1746179165319,-6.44307,-6.44765,-6.44457,-6.44543,-6.44147,-6.44219
1746179165335,-6.60523,-6.60992,-6.60653,-6.61331,-6.6045,-6.60824
1746179165347,-6.72719,-6.73213,-6.72738,-6.74034,-6.72622,-6.73193
1746179165359,-6.8489,-6.85395,-6.84945,-6.86153,-6.84812,-6.85257
1746179165371,-6.97056,-6.97572,-6.97109,-6.97906,-6.96836,-6.96972
1746179165383,-7.09244,-7.09745,-7.09294,-7.10026,-7.08966,-7.08981
1746179165395,-7.21418,-7.21914,-7.21466,-7.22157,-7.21156,-7.21208
1746179165407,-7.3358,-7.34059,-7.33647,-7.3407,-7.33337,-7.33109
1746179165420,-7.45741,-7.46232,-7.4578,-7.45892,-7.45539,-7.45115
1746179165434,-7.57929,-7.58385,-7.57935,-7.57919,-7.57708,-7.57065
1746179165449,-7.74167,-7.74616,-7.74279,-7.73117,-7.73896,-7.73715
1746179165461,-7.904,-7.90863,-7.90506,-7.89734,-7.90074,-7.90574
1746179165473,-8.02544,-8.03049,-8.02682,-8.02013,-8.02288,-8.02782
1746179165485,-8.14732,-8.15242,-8.14841,-8.1435,-8.14387,-8.14761
1746179165497,-8.26867,-8.27427,-8.27005,-8.26286,-8.2653,-8.26643
1746179165510,-8.39068,-8.39568,-8.39177,-8.38532,-8.38742,-8.38774
1746179165522,-8.51207,-8.51737,-8.51379,-8.51612,-8.51035,-8.51108
1746179165535,-8.63435,-8.63886,-8.6353,-8.63834,-8.63225,-8.63027
1746179165547,-8.75535,-8.76035,-8.75706,-8.76263,-8.75391,-8.74781
1746179165559,-8.87767,-8.88221,-8.87857,-8.88599,-8.87623,-8.87076
1746179165571,-8.99893,-9.00406,-9.00033,-9.00318,-8.99797,-8.99763
1746179165583,-9.12112,-9.12567,-9.12232,-9.12701,-9.11932,-9.12399
1746179165595,-9.24256,-9.24752,-9.2443,-9.25003,-9.24142,-9.24606
1746179165607,-9.36448,-9.36937,-9.36602,-9.37203,-9.36271,-9.3703
1746179165619,-9.48588,-9.49115,-9.48783,-9.48715,-9.48357,-9.48865
1746179165631,-9.60754,-9.61195,-9.60907,-9.60503,-9.60589,-9.60748
1746179165644,-9.72529,-9.72406,-9.72722,-9.73023,-9.72695,-9.72763
1746179165657,-9.8303,-9.81524,-9.82653,-9.84638,-9.84191,-9.8427
1746179165672,-9.92644,-9.8903,-9.90125,-9.96037,-9.95632,-9.95652
1746179165684,-9.9502,-9.91019,-9.91834,-9.98966,-9.98584,-9.9826
1746179165696,-9.91836,-9.88497,-9.90091,-9.98554,-9.95987,-9.95882
1746179165710,-9.84866,-9.83088,-9.84741,-9.94034,-9.88388,-9.8948
1746179165724,-9.71237,-9.7134,-9.72696,-9.79786,-9.73603,-9.74923
1746179165736,-9.59396,-9.59692,-9.59978,-9.67941,-9.61499,-9.62752
1746179165748,-9.47178,-9.4727,-9.47279,-9.55616,-9.49282,-9.50253
1746179165761,-9.3506,-9.34832,-9.35163,-9.43199,-9.37017,-9.37588
1746179165773,-9.22986,-9.22535,-9.22651,-9.29867,-9.24627,-9.25132
1746179165785,-9.10856,-9.10418,-9.1037,-9.17095,-9.12317,-9.12816
1746179165797,-8.98685,-8.98533,-8.98778,-9.04781,-9.0014,-9.01024
1746179165809,-8.86427,-8.86757,-8.86928,-8.92582,-8.87852,-8.88994
1746179165821,-8.74288,-8.74852,-8.75026,-8.79261,-8.75469,-8.76879
1746179165836,-8.58072,-8.58598,-8.58887,-8.62507,-8.59115,-8.603
1746179165850,-8.45928,-8.46208,-8.46344,-8.49815,-8.46765,-8.47743
1746179165862,-8.33723,-8.33662,-8.33849,-8.37467,-8.34472,-8.35105
1746179165875,-8.21504,-8.2132,-8.21394,-8.24913,-8.22318,-8.22365
1746179165887,-8.09198,-8.08955,-8.09008,-8.11775,-8.09935,-8.09446
1746179165899,-7.96996,-7.96846,-7.96884,-7.98569,-7.97627,-7.97024
1746179165911,-7.84853,-7.84733,-7.84938,-7.85717,-7.8549,-7.85053
1746179165923,-7.7277,-7.7286,-7.72954,-7.73827,-7.73264,-7.73343
1746179165936,-7.60609,-7.60795,-7.61021,-7.61192,-7.61011,-7.61786
1746179165949,-7.44345,-7.44592,-7.44882,-7.44026,-7.44753,-7.45686
1746179165963,-7.32078,-7.32307,-7.32531,-7.31918,-7.32472,-7.33327
1746179165975,-7.19872,-7.19869,-7.20132,-7.19788,-7.20208,-7.20676
1746179165988,-7.07724,-7.07536,-7.07764,-7.07634,-7.08109,-7.08281
1746179166000,-6.95606,-6.9523,-6.95448,-6.95961,-6.95885,-6.95609
1746179166012,-6.83449,-6.83105,-6.8328,-6.83578,-6.83643,-6.82808
1746179166024,-6.71213,-6.71016,-6.71252,-6.71288,-6.71581,-6.70637
1746179166036,-6.58972,-6.59055,-6.59249,-6.59111,-6.5938,-6.5874
1746179166050,-6.46793,-6.46966,-6.47147,-6.47369,-6.47225,-6.46985
1746179166065,-6.30613,-6.30731,-6.3089,-6.30741,-6.30987,-6.31356
1746179166077,-6.18504,-6.18422,-6.18574,-6.18221,-6.18741,-6.19433
1746179166089,-6.0629,-6.06141,-6.06223,-6.05999,-6.06518,-6.07285
1746179166102,-5.94111,-5.93863,-5.93933,-5.94086,-5.94416,-5.94738
1746179166116,-5.77764,-5.77628,-5.77759,-5.7795,-5.78107,-5.78259
1746179166131,-5.65646,-5.65491,-5.65713,-5.65636,-5.65937,-5.65809
1746179166143,-5.49431,-5.49336,-5.496,-5.49156,-5.49802,-5.49028
1746179166155,-5.37348,-5.37235,-5.37476,-5.37037,-5.37672,-5.37069
1746179166168,-5.25094,-5.2509,-5.25338,-5.25913,-5.25575,-5.25371
1746179166179,-5.12884,-5.12881,-5.13131,-5.14263,-5.13479,-5.14061
1746179166192,-5.00666,-5.00648,-5.00889,-5.01606,-5.01217,-5.02349
1746179166206,-4.88522,-4.88414,-4.88556,-4.89189,-4.88953,-4.90109
1746179166218,-4.76378,-4.76225,-4.76336,-4.77161,-4.76856,-4.77821
1746179166230,-4.64247,-4.6406,-4.64199,-4.64916,-4.64598,-4.65118
1746179166242,-4.52094,-4.51907,-4.52074,-4.52419,-4.52354,-4.52536
1746179166254,-4.39884,-4.3981,-4.40007,-4.40002,-4.40262,-4.40033
1746179166266,-4.27683,-4.27681,-4.27883,-4.27162,-4.28054,-4.27414
1746179166281,-4.15487,-4.15532,-4.1575,-4.14768,-4.15884,-4.15148
1746179166294,-3.99355,-3.99257,-3.9954,-3.98758,-3.99697,-3.99198
1746179166308,-3.87176,-3.87019,-3.87286,-3.86833,-3.87528,-3.87741
1746179166322,-3.70921,-3.70785,-3.70919,-3.69896,-3.71228,-3.72054
1746179166336,-3.54648,-3.5455,-3.54688,-3.53748,-3.55144,-3.55812
1746179166348,-3.4243,-3.42425,-3.42577,-3.42236,-3.42992,-3.43208
1746179166362,-3.30351,-3.30263,-3.3044,-3.30357,-3.30813,-3.30711
1746179166375,-3.18181,-3.1815,-3.18303,-3.18043,-3.18762,-3.1807
1746179166387,-3.06063,-3.05937,-3.06122,-3.06004,-3.06591,-3.0552
1746179166400,-2.93858,-2.93768,-2.93932,-2.9385,-2.94379,-2.93331
1746179166414,-2.77594,-2.77493,-2.77688,-2.77805,-2.7819,-2.77329
1746179166429,-2.65358,-2.65316,-2.65472,-2.65995,-2.6603,-2.65543
1746179166444,-2.49239,-2.49105,-2.49233,-2.49081,-2.49645,-2.49503
1746179166457,-2.32998,-2.32914,-2.33167,-2.32636,-2.3344,-2.33425
1746179166470,-2.20805,-2.20769,-2.2103,-2.20573,-2.21155,-2.21316
1746179166482,-2.08613,-2.08616,-2.08862,-2.08408,-2.09008,-2.09021
1746179166494,-1.96412,-1.96435,-1.96647,-1.96301,-1.96912,-1.96468
1746179166508,-1.84246,-1.84225,-1.84453,-1.84055,-1.84707,-1.83891
1746179166522,-1.7212,-1.71996,-1.72233,-1.72005,-1.72496,-1.71382
1746179166534,-1.55913,-1.55753,-1.55923,-1.5612,-1.56291,-1.55417
1746179166546,-1.4376,-1.43584,-1.43768,-1.44699,-1.44126,-1.43672
1746179166560,-1.31537,-1.31475,-1.31648,-1.32648,-1.31895,-1.32077
1746179166574,-1.15322,-1.15268,-1.15509,-1.15997,-1.15688,-1.16213
1746179166588,-1.03134,-1.03115,-1.03354,-1.03489,-1.03437,-1.03864
1746179166600,-0.910118,-0.909259,-0.911822,-0.915299,-0.913056,-0.915363
1746179166612,-0.788063,-0.787367,-0.789446,-0.792046,-0.791807,-0.79333
1746179166625,-0.666623,-0.665194,-0.667855,-0.662384,-0.669496,-0.668978
1746179166639,-0.503591,-0.502925,-0.504499,-0.49839,-0.506749,-0.502497
1746179166651,-0.382063,-0.381153,-0.382908,-0.372734,-0.38526,-0.380484
1746179166663,-0.259965,-0.259662,-0.26123,-0.253372,-0.263231,-0.261734
1746179166675,-0.139228,-0.138051,-0.13977,-0.135613,-0.141384,-0.141151
1746179166687,-0.0170411,-0.0168002,-0.0181797,-0.0125886,-0.0203506,-0.026228
1746179166699,0.104267,0.104972,0.10328,0.112953,0.102325,0.095748
1746179166711,0.226673,0.226583,0.225176,0.230942,0.22379,0.216401
1746179166724,0.348332,0.348595,0.34729,0.344009,0.343572,0.339983
1746179166736,0.470387,0.470488,0.468706,0.461769,0.46502,0.46636
1746179166749,0.591695,0.591979,0.590384,0.584221,0.586875,0.589782
1746179166761,0.713311,0.713911,0.711932,0.708733,0.70795,0.714657
1746179166773,0.834882,0.835603,0.833871,0.830498,0.829887,0.837964
1746179166785,0.956937,0.957615,0.95568,0.952377,0.952231,0.95786
1746179166797,1.07877,1.07903,1.07753,1.07151,1.07351,1.07648
1746179166809,1.20048,1.20116,1.19934,1.19534,1.1954,1.19523
1746179166821,1.32196,1.32241,1.32106,1.32236,1.31832,1.3164
1746179166833,1.44353,1.44454,1.44252,1.44802,1.44007,1.43829
1746179166845,1.56519,1.56587,1.56433,1.56498,1.5604,1.55995
1746179166857,1.68685,1.68788,1.68605,1.68217,1.68174,1.68163
1746179166869,1.80899,1.80942,1.80716,1.8108,1.80451,1.80729
1746179166881,1.93083,1.93143,1.92884,1.93268,1.92559,1.93217
1746179166895,2.05262,2.05276,2.05013,2.05433,2.04832,2.05687
1746179166908,2.17397,2.17477,2.17176,2.17426,2.17065,2.17717
1746179166921,2.33626,2.337,2.33377,2.32956,2.33171,2.33542
1746179166933,2.4577,2.45873,2.45605,2.44961,2.45399,2.45482
1746179166948,2.57988,2.58018,2.57778,2.57801,2.57654,2.5755
1746179166962,2.7419,2.74257,2.74044,2.74178,2.73761,2.73851
1746179166974,2.86383,2.8641,2.8622,2.86079,2.85935,2.86022
1746179166986,2.98492,2.98588,2.98405,2.98508,2.98193,2.98559
1746179166998,3.10701,3.10749,3.10551,3.11462,3.10344,3.10816
1746179167010,3.22881,3.22922,3.22745,3.24074,3.22609,3.23214
1746179167022,3.35073,3.35131,3.34926,3.36205,3.34859,3.35459
1746179167035,3.47256,3.47312,3.47076,3.48392,3.46881,3.47442
1746179167049,3.59414,3.59526,3.59231,3.60237,3.59131,3.59386
1746179167062,3.75611,3.7572,3.75423,3.76534,3.75391,3.75374
1746179167076,3.87769,3.87878,3.87608,3.88836,3.87421,3.87279
1746179167088,3.99956,4.00043,3.99789,4.00864,3.99571,3.99319
1746179167100,4.12131,4.12208,4.1197,4.1209,4.11756,4.11614
1746179167112,4.24293,4.24369,4.24173,4.23843,4.23793,4.2376
1746179167125,4.36463,4.36538,4.36314,4.36523,4.36056,4.36273
1746179167141,4.52692,4.52793,4.52624,4.52557,4.52351,4.52665
1746179167153,4.64836,4.64954,4.64783,4.6455,4.64366,4.64773
1746179167165,4.7705,4.77143,4.76964,4.76658,4.76621,4.76919
1746179167177,4.89207,4.89325,4.89062,4.888,4.88819,4.88913
1746179167189,5.01421,5.01482,5.01256,5.01034,5.00851,5.00704
1746179167201,5.13548,5.13655,5.1338,5.13611,5.1304,5.12764
1746179167216,5.25749,5.25796,5.25556,5.25822,5.2529,5.24912
1746179167232,5.41938,5.41995,5.41722,5.41454,5.41343,5.4114
1746179167244,5.58149,5.58242,5.58027,5.57911,5.57701,5.5782
1746179167256,5.7035,5.70423,5.70251,5.70511,5.69979,5.70212
1746179167268,5.82507,5.82584,5.82411,5.8239,5.81965,5.82475
1746179167280,5.94699,5.94785,5.94578,5.94246,5.94196,5.9446
1746179167292,6.06848,6.06967,6.06781,6.06308,6.06481,6.06644
1746179167304,6.19022,6.1918,6.18918,6.18496,6.18496,6.18624
1746179167317,6.31193,6.31317,6.31064,6.30764,6.30663,6.30621
1746179167331,6.43376,6.43514,6.43223,6.43353,6.42927,6.42856
1746179167346,6.59627,6.59673,6.59398,6.59592,6.59117,6.59267
1746179167360,6.75873,6.75904,6.75651,6.75591,6.75415,6.75459
1746179167372,6.87999,6.88065,6.87879,6.88637,6.87719,6.87959
1746179167384,6.96107,6.96237,6.95888,6.96751,6.9571,6.96232
1746179167396,7.08282,7.08346,7.08117,7.09087,7.07916,7.08476
1746179167408,7.20478,7.20607,7.20232,7.20772,7.20193,7.20601
1746179167420,7.32662,7.32724,7.32452,7.33005,7.32252,7.32443
1746179167432,7.44837,7.44961,7.44585,7.44919,7.44367,7.44547
1746179167444,7.56989,7.57094,7.56771,7.57427,7.56631,7.56579
1746179167456,7.69155,7.69284,7.68925,7.69512,7.68765,7.68501
1746179167471,7.85406,7.85434,7.85183,7.85305,7.84929,7.84704
1746179167486,8.01586,8.01669,8.01348,8.00823,8.01213,8.01042
1746179167498,8.13827,8.13838,8.1352,8.13469,8.13315,8.13286
1746179167510,8.25953,8.26032,8.25658,8.25691,8.25552,8.25665
1746179167522,8.38194,8.38205,8.37856,8.37708,8.37741,8.37687
1746179167534,8.50259,8.50386,8.50063,8.49701,8.49862,8.4991
1746179167548,8.62495,8.62583,8.62218,8.61832,8.61939,8.61944
1746179167563,8.78697,8.78818,8.78523,8.7846,8.78204,8.78135
1746179167576,8.90903,8.90987,8.90708,8.90923,8.90412,8.90049
1746179167588,9.0306,9.03168,9.02893,9.03339,9.0255,9.02201
1746179167600,9.15261,9.15293,9.15026,9.14978,9.14738,9.14617
1746179167613,9.274,9.27475,9.27168,9.27063,9.26932,9.26706
1746179167625,9.39584,9.39612,9.3934,9.39869,9.39111,9.39196
1746179167637,9.51732,9.51793,9.51495,9.5224,9.51392,9.51629
1746179167649,9.63867,9.63942,9.63649,9.6405,9.6346,9.63755
1746179167663,9.75432,9.7557,9.75529,9.7562,9.75417,9.75616
1746179167679,9.88766,9.87996,9.902,9.93404,9.929,9.92981
1746179167693,9.91766,9.90273,9.93038,9.98268,9.97671,9.97747
1746179167705,9.90163,9.88762,9.91333,9.98119,9.9573,9.95371
1746179167717,9.84422,9.84199,9.85888,9.9305,9.88443,9.88202
1746179167731,9.75247,9.7644,9.76876,9.83059,9.77549,9.77169
1746179167746,9.59704,9.61372,9.61818,9.67369,9.61597,9.61015
1746179167759,9.43484,9.45093,9.44938,9.50775,9.45255,9.44898
1746179167772,9.31362,9.32246,9.3263,9.38141,9.33055,9.32918
1746179167785,9.19341,9.18641,9.19652,9.25827,9.20778,9.20652
1746179167800,9.03525,9.01396,9.01119,9.09439,9.04239,9.04122
1746179167814,8.91197,8.89355,8.89051,8.96049,8.91951,8.91901
1746179167826,8.78868,8.77972,8.78488,8.83049,8.79611,8.79484
1746179167838,8.66487,8.66428,8.67035,8.70083,8.67247,8.66771
1746179167850,8.54317,8.54909,8.54501,8.5754,8.54974,8.54471
1746179167863,8.42252,8.43193,8.43044,8.44585,8.42691,8.42135
1746179167875,8.30016,8.31296,8.31587,8.31642,8.30468,8.30092
1746179167887,8.18157,8.18939,8.19096,8.18836,8.18288,8.17989
1746179167902,8.01749,8.0217,8.02146,8.02208,8.01911,8.01891
1746179167918,7.89403,7.88742,7.89712,7.90169,7.89661,7.89688
1746179167930,7.73214,7.71661,7.7148,7.73586,7.73373,7.73637
1746179167942,7.60912,7.59496,7.59369,7.6141,7.61099,7.61566
1746179167954,7.48891,7.4788,7.48444,7.49107,7.48943,7.49148
1746179167966,7.36716,7.36284,7.36755,7.37274,7.3686,7.36788
1746179167978,7.24624,7.24544,7.24457,7.25235,7.2461,7.24511
1746179167990,7.12393,7.12748,7.12769,7.12749,7.12487,7.12238
1746179168003,7.00034,7.00739,7.01076,7.00298,7.00379,7.002
1746179168017,6.83831,6.84384,6.8447,6.83487,6.84048,6.84379
1746179168032,6.71683,6.7187,6.71988,6.71803,6.7187,6.72141
1746179168044,6.59508,6.58803,6.59555,6.59431,6.59722,6.59887
1746179168056,6.47509,6.46144,6.46262,6.46786,6.47454,6.47723
1746179168068,6.35233,6.33767,6.3385,6.34449,6.35163,6.3546
1746179168080,6.22953,6.21906,6.22354,6.22684,6.23138,6.23557
1746179168092,6.10757,6.10262,6.10687,6.1068,6.11043,6.11171
1746179168104,5.9856,5.9841,5.98672,5.98755,5.98848,5.98801
1746179168116,5.86539,5.86638,5.86761,5.86578,5.86793,5.86702
1746179168130,5.74333,5.74621,5.74951,5.74551,5.74617,5.74512
1746179168145,5.58206,5.58386,5.58585,5.5814,5.58255,5.58257
1746179168157,5.45899,5.45956,5.46143,5.46638,5.46177,5.46376
1746179168169,5.33641,5.33138,5.33687,5.34462,5.34003,5.34268
1746179168183,5.21445,5.20572,5.208,5.21759,5.21618,5.21968
1746179168197,5.05273,5.04116,5.04408,5.04948,5.0536,5.05796
1746179168209,4.93142,4.92304,4.92711,4.93092,4.93236,4.9339
1746179168222,4.81029,4.80443,4.80866,4.80743,4.81063,4.80924
1746179168235,4.68784,4.68579,4.68933,4.6804,4.68918,4.68643
1746179168247,4.5252,4.52641,4.52868,4.51618,4.52668,4.52281
1746179168259,4.40324,4.4054,4.40853,4.3895,4.40405,4.40156
1746179168271,4.28206,4.28298,4.28611,4.26865,4.28238,4.28105
1746179168283,4.16058,4.15893,4.16238,4.15421,4.1617,4.16157
1746179168296,4.03874,4.03218,4.03669,4.02958,4.0383,4.03778
1746179168308,3.91721,3.90768,3.91061,3.90644,3.91699,3.91784
1746179168321,3.7945,3.78503,3.78845,3.78857,3.7962,3.79691
1746179168333,3.67266,3.66582,3.6697,3.67161,3.67427,3.67358
1746179168345,3.55118,3.54726,3.55076,3.55465,3.55401,3.55157
1746179168357,3.42974,3.42785,3.43122,3.43208,3.43261,3.42975
1746179168369,3.30865,3.30773,3.31103,3.30917,3.31013,3.30799
1746179168381,3.18699,3.18708,3.19018,3.18649,3.18885,3.18809
1746179168393,3.0652,3.06494,3.06832,3.06404,3.0672,3.06926
1746179168406,2.94306,2.94065,2.9449,2.94651,2.94577,2.94865
1746179168418,2.82074,2.81571,2.81913,2.82566,2.82337,2.82677
1746179168431,2.69978,2.69149,2.69575,2.70138,2.70138,2.70482
1746179168443,2.57786,2.57016,2.57429,2.57801,2.57985,2.58452
1746179168455,2.45673,2.45027,2.45444,2.45716,2.45871,2.4644
1746179168467,2.33454,2.33087,2.3349,2.34055,2.33814,2.34064
1746179168479,2.21297,2.2107,2.21497,2.21706,2.21655,2.21854
1746179168491,2.09092,2.08989,2.09364,2.09244,2.09327,2.09356
1746179168503,1.96978,1.96812,1.97239,1.97456,1.97261,1.97469
1746179168515,1.84764,1.84534,1.84998,1.84971,1.85078,1.85242
1746179168527,1.7266,1.72137,1.72625,1.73103,1.72821,1.73293
1746179168540,1.60437,1.59823,1.60235,1.61476,1.6076,1.61253
1746179168555,1.44195,1.43564,1.43925,1.44516,1.44504,1.44889
1746179168569,1.32011,1.31547,1.31853,1.31985,1.32245,1.32746
1746179168581,1.158,1.15469,1.15797,1.15963,1.16143,1.16464
1746179168593,1.0367,1.0342,1.03764,1.03924,1.03973,1.03902
1746179168606,0.914993,0.912707,0.916138,0.911064,0.916531,0.91566
1746179168618,0.833828,0.831593,0.834743,0.828323,0.835701,0.835279
1746179168630,0.671411,0.667359,0.670515,0.665817,0.673659,0.672714
1746179168642,0.5494,0.544625,0.547485,0.540848,0.549963,0.552876
1746179168654,0.427696,0.422212,0.425371,0.422859,0.428764,0.431731
1746179168668,0.306257,0.300721,0.30413,0.301895,0.307216,0.309903
1746179168682,0.144103,0.139975,0.142997,0.136642,0.144511,0.150127
1746179168699,-0.0185783,-0.0214113,-0.0190952,-0.0241471,-0.0168759,-0.0115328
1746179168715,-0.140018,-0.142822,-0.140206,-0.136528,-0.137603,-0.13718
1746179168727,-0.302699,-0.305773,-0.302124,-0.300522,-0.300615,-0.30242
1746179168739,-0.423963,-0.428547,-0.424674,-0.425606,-0.422793,-0.426373
1746179168751,-0.546194,-0.55096,-0.547137,-0.546456,-0.544399,-0.547227
1746179168763,-0.667282,-0.673173,-0.669425,-0.670166,-0.666809,-0.666864
1746179168775,-0.7896,-0.794303,-0.790754,-0.789986,-0.788672,-0.787674
1746179168787,-0.910689,-0.915434,-0.911952,-0.91095,-0.909358,-0.909571
1746179168800,-1.03309,-1.03636,-1.03263,-1.03409,-1.03153,-1.03281
1746179168813,-1.15418,-1.15777,-1.15413,-1.15803,-1.15216,-1.15169
1746179168829,-1.27611,-1.27927,-1.2759,-1.27991,-1.27424,-1.27345
1746179168840,-1.43835,-1.44258,-1.43991,-1.43635,-1.43651,-1.43985
1746179168852,-1.56032,-1.56483,-1.56202,-1.56086,-1.55825,-1.56343
1746179168864,-1.68189,-1.68732,-1.68422,-1.68629,-1.68038,-1.68501
1746179168876,-1.80399,-1.80869,-1.80564,-1.80599,-1.8023,-1.80659
1746179168888,-1.92569,-1.93023,-1.92719,-1.92547,-1.92335,-1.92373
1746179168900,-2.0473,-2.05116,-2.04843,-2.04437,-2.04521,-2.04213
1746179168913,-2.16883,-2.17221,-2.16958,-2.16602,-2.16701,-2.16261
1746179168926,-2.2904,-2.29386,-2.29095,-2.29008,-2.28772,-2.28454
1746179168939,-2.4125,-2.41567,-2.41276,-2.41425,-2.40996,-2.40648
1746179168952,-2.53403,-2.53808,-2.53505,-2.5399,-2.53185,-2.5282
1746179168963,-2.65582,-2.66017,-2.65717,-2.65526,-2.65325,-2.65295
1746179168976,-2.7773,-2.78211,-2.77911,-2.77966,-2.77545,-2.7775
1746179168988,-2.89953,-2.90372,-2.90048,-2.90875,-2.89765,-2.89978
1746179169000,-3.02071,-3.02541,-3.02185,-3.0312,-3.02017,-3.02203
1746179169012,-3.14281,-3.14674,-3.14318,-3.15319,-3.14193,-3.14251
1746179169024,-3.26407,-3.26831,-3.26433,-3.27347,-3.26289,-3.26265
1746179169039,-3.42706,-3.43022,-3.42664,-3.43311,-3.42486,-3.4223
1746179169055,-3.54815,-3.55239,-3.54854,-3.55236,-3.54662,-3.5434
1746179169067,-3.7107,-3.71482,-3.71177,-3.71326,-3.7092,-3.69943
1746179169079,-3.83236,-3.83695,-3.83397,-3.83286,-3.83125,-3.82381
1746179169091,-3.95415,-3.95861,-3.95547,-3.94501,-3.95289,-3.95028
1746179169103,-4.07594,-4.0805,-4.07706,-4.06815,-4.07439,-4.07681
1746179169115,-4.19765,-4.20191,-4.199,-4.19357,-4.19713,-4.1998
1746179169127,-4.31939,-4.3236,-4.32033,-4.3174,-4.31928,-4.32144
1746179169139,-4.4411,-4.44505,-4.44214,-4.43539,-4.43995,-4.4402
1746179169153,-4.56258,-4.5671,-4.56399,-4.55601,-4.56154,-4.56078
1746179169168,-4.72504,-4.72929,-4.72587,-4.72172,-4.72335,-4.72325
1746179169180,-4.84683,-4.85115,-4.84767,-4.84486,-4.84446,-4.84309
1746179169192,-4.9684,-4.97256,-4.96944,-4.97097,-4.96691,-4.96398
1746179169204,-5.09011,-5.09429,-5.09116,-5.09239,-5.08842,-5.08331
1746179169216,-5.21181,-5.21598,-5.21262,-5.20821,-5.2092,-5.20927
1746179169228,-5.3336,-5.33759,-5.33412,-5.33478,-5.33261,-5.33777
1746179169240,-5.45513,-5.4594,-5.45576,-5.45963,-5.45425,-5.4592
1746179169252,-5.57674,-5.58105,-5.57792,-5.58128,-5.57551,-5.58154
1746179169264,-5.69845,-5.70295,-5.69964,-5.69916,-5.69743,-5.70217
1746179169276,-5.82011,-5.82468,-5.82123,-5.81703,-5.81776,-5.81912
1746179169290,-5.9419,-5.94661,-5.94286,-5.9396,-5.93962,-5.94093
1746179169305,-6.10392,-6.10856,-6.10543,-6.10474,-6.10252,-6.09992
1746179169318,-6.22589,-6.23041,-6.22724,-6.22891,-6.22437,-6.22404
1746179169330,-6.34763,-6.3519,-6.3484,-6.3533,-6.3459,-6.34265
1746179169342,-6.46929,-6.47371,-6.47051,-6.47106,-6.46808,-6.46939
1746179169354,-6.59104,-6.59537,-6.59219,-6.59821,-6.59007,-6.5936
1746179169366,-6.7127,-6.71766,-6.71374,-6.72569,-6.71216,-6.71762
1746179169378,-6.83458,-6.83951,-6.83541,-6.84746,-6.83383,-6.83854
1746179169390,-6.95615,-6.96148,-6.95735,-6.96499,-6.9538,-6.95493
1746179169402,-7.07812,-7.08301,-7.07899,-7.08561,-7.07526,-7.07558
1746179169415,-7.19973,-7.20479,-7.20088,-7.20726,-7.19692,-7.19824
1746179169427,-7.32139,-7.3262,-7.32234,-7.32674,-7.31916,-7.31735
1746179169439,-7.44292,-7.44773,-7.44389,-7.44438,-7.44106,-7.43758
1746179169451,-7.56484,-7.56942,-7.56522,-7.56535,-7.56241,-7.55632
1746179169465,-7.68664,-7.69119,-7.68707,-7.67841,-7.68425,-7.67918
1746179169480,-7.84883,-7.85362,-7.85017,-7.84081,-7.84668,-7.84905
1746179169492,-7.97058,-7.97539,-7.97185,-7.96509,-7.96774,-7.97328
1746179169505,-8.133,-8.13786,-8.13429,-8.12885,-8.12948,-8.13363
1746179169519,-8.25439,-8.25967,-8.25614,-8.2489,-8.25109,-8.25307
1746179169534,-8.3764,-8.38132,-8.3776,-8.36987,-8.37264,-8.37328
1746179169546,-8.53843,-8.54339,-8.53969,-8.5421,-8.53631,-8.53673
1746179169561,-8.66035,-8.66456,-8.66085,-8.66547,-8.65797,-8.65535
1746179169574,-8.8225,-8.82695,-8.82438,-8.83232,-8.82132,-8.81577
1746179169586,-8.94421,-8.94848,-8.94597,-8.94939,-8.94279,-8.93975
1746179169598,-9.06587,-9.07066,-9.06817,-9.07082,-9.06463,-9.06687
1746179169610,-9.18783,-9.19203,-9.19015,-9.19533,-9.1865,-9.19202
1746179169623,-9.30923,-9.31436,-9.31192,-9.31789,-9.3077,-9.3135
1746179169635,-9.43128,-9.43597,-9.43359,-9.43485,-9.42949,-9.43701
1746179169648,-9.5525,-9.55786,-9.55532,-9.55067,-9.55033,-9.55351
1746179169660,-9.6732,-9.6749,-9.67538,-9.67472,-9.67217,-9.67337
1746179169673,-9.78528,-9.77727,-9.78681,-9.79591,-9.79188,-9.79229
1746179169687,-9.8776,-9.85201,-9.86638,-9.8996,-9.89632,-9.89667
1746179169703,-9.94972,-9.90999,-9.91782,-9.98806,-9.98499,-9.98211
1746179169717,-9.92398,-9.8891,-9.9047,-9.98531,-9.96469,-9.96184
1746179169729,-9.85841,-9.8385,-9.85513,-9.95087,-9.89486,-9.90539
1746179169741,-9.76288,-9.75895,-9.77347,-9.84913,-9.7891,-9.80344
1746179169753,-9.64807,-9.65145,-9.65807,-9.73274,-9.67021,-9.68339
1746179169765,-9.52725,-9.52876,-9.52833,-9.61041,-9.54783,-9.55859
1746179169777,-9.40497,-9.4045,-9.40582,-9.49081,-9.42638,-9.43375
1746179169790,-9.28446,-9.2806,-9.28279,-9.35932,-9.30215,-9.30811
1746179169805,-9.12292,-9.11861,-9.11774,-9.18663,-9.13817,-9.14186
1746179169819,-8.96033,-8.96011,-8.96218,-9.0231,-8.97493,-8.98327
1746179169832,-8.83827,-8.84235,-8.84312,-8.89904,-8.85236,-8.86379
1746179169844,-8.71661,-8.72286,-8.72419,-8.76514,-8.72835,-8.74226
1746179169856,-8.59504,-8.60065,-8.60386,-8.64063,-8.60601,-8.61801
1746179169868,-8.47378,-8.47675,-8.4787,-8.51326,-8.48234,-8.49146
1746179169880,-8.35172,-8.35145,-8.35345,-8.38932,-8.35912,-8.36528
1746179169892,-8.22945,-8.22788,-8.22907,-8.2655,-8.2381,-8.23859
1746179169906,-8.10638,-8.10398,-8.10468,-8.13309,-8.11373,-8.11009
1746179169920,-7.9845,-7.98305,-7.98314,-8.00182,-7.99051,-7.98421
1746179169932,-7.82274,-7.82215,-7.82453,-7.83096,-7.82872,-7.82514
1746179169945,-7.70183,-7.70286,-7.70469,-7.71206,-7.70653,-7.70833
1746179169957,-7.58004,-7.58233,-7.58514,-7.584,-7.58373,-7.59204
1746179169969,-7.45807,-7.46048,-7.46334,-7.4548,-7.46192,-7.47083
1746179169981,-7.33549,-7.33766,-7.33965,-7.33395,-7.33945,-7.34817
1746179169993,-7.21313,-7.21349,-7.21606,-7.21149,-7.21687,-7.22201
1746179170005,-7.09165,-7.09007,-7.09229,-7.08973,-7.09593,-7.09871
1746179170018,-6.97038,-6.96686,-6.96921,-6.97403,-6.97337,-6.97087
1746179170034,-6.84881,-6.84549,-6.84762,-6.85078,-6.85119,-6.844
1746179170049,-6.68609,-6.6845,-6.6861,-6.68644,-6.68994,-6.6805
1746179170063,-6.52288,-6.52444,-6.52592,-6.52737,-6.52709,-6.5233
1746179170078,-6.4017,-6.40327,-6.4052,-6.40869,-6.40517,-6.40652
1746179170090,-6.23968,-6.23999,-6.24237,-6.23783,-6.24279,-6.24765
1746179170102,-6.11833,-6.11702,-6.11899,-6.11492,-6.12037,-6.12854
1746179170114,-5.99601,-5.99408,-5.99575,-5.99407,-5.99804,-6.00308
1746179170126,-5.87404,-5.87175,-5.87302,-5.87448,-5.87745,-5.88117
1746179170138,-5.75137,-5.75002,-5.75134,-5.75226,-5.75462,-5.75452
1746179170150,-5.63046,-5.62893,-5.63089,-5.63015,-5.63319,-5.63083
1746179170162,-5.50871,-5.50788,-5.5103,-5.50621,-5.51262,-5.50511
1746179170174,-5.3878,-5.38683,-5.3894,-5.38479,-5.39117,-5.38418
1746179170187,-5.26566,-5.2655,-5.26777,-5.27172,-5.27,-5.26689
1746179170202,-5.14343,-5.14333,-5.14566,-5.15705,-5.14904,-5.15376
1746179170215,-4.98048,-4.9803,-4.98204,-4.98917,-4.98568,-4.99791
1746179170227,-4.859,-4.85804,-4.85892,-4.86637,-4.86307,-4.87359
1746179170239,-4.73769,-4.73599,-4.73698,-4.74495,-4.74248,-4.75098
1746179170251,-4.61665,-4.61446,-4.61548,-4.62273,-4.61965,-4.62395
1746179170263,-4.4949,-4.49325,-4.49445,-4.49947,-4.49774,-4.49834
1746179170276,-4.37254,-4.37216,-4.37404,-4.37199,-4.37631,-4.37266
1746179170288,-4.25048,-4.25091,-4.2531,-4.2453,-4.25408,-4.24686
1746179170300,-4.12882,-4.12893,-4.13169,-4.12148,-4.13246,-4.12462
1746179170312,-4.00786,-4.00696,-4.00979,-4.00108,-4.01109,-4.00515
1746179170324,-3.88621,-3.88479,-3.88742,-3.88321,-3.88983,-3.89172
1746179170336,-3.76459,-3.76282,-3.76526,-3.75309,-3.76735,-3.77376
1746179170348,-3.64201,-3.64121,-3.64345,-3.63201,-3.64586,-3.65595
1746179170360,-3.52039,-3.51951,-3.52199,-3.51208,-3.52519,-3.53136
1746179170376,-3.39816,-3.3981,-3.40088,-3.39695,-3.4038,-3.40563
1746179170390,-3.23702,-3.23632,-3.23857,-3.23582,-3.24179,-3.23827
1746179170403,-3.1151,-3.11442,-3.11672,-3.11634,-3.12121,-3.11313
1746179170415,-2.99405,-2.99273,-2.99513,-2.994,-2.9991,-2.98871
1746179170427,-2.87134,-2.87052,-2.87293,-2.87121,-2.87722,-2.86738
1746179170439,-2.74985,-2.74871,-2.75064,-2.75311,-2.75601,-2.74872
1746179170451,-2.62776,-2.62698,-2.62883,-2.63409,-2.63361,-2.63005
1746179170463,-2.50667,-2.50544,-2.50711,-2.5066,-2.51066,-2.51022
1746179170475,-2.38461,-2.38387,-2.3856,-2.37968,-2.38921,-2.3878
1746179170487,-2.26344,-2.26246,-2.26454,-2.25838,-2.26724,-2.26936
1746179170499,-2.14112,-2.14081,-2.14264,-2.1405,-2.14505,-2.14486
1746179170512,-2.01911,-2.01916,-2.02074,-2.01794,-2.02419,-2.02167
1746179170525,-1.85691,-1.85673,-1.85896,-1.85497,-1.86171,-1.854
1746179170538,-1.73556,-1.7344,-1.73654,-1.73435,-1.73926,-1.72824
1746179170552,-1.61429,-1.61258,-1.61499,-1.61545,-1.618,-1.60715
1746179170564,-1.49255,-1.49085,-1.49331,-1.49826,-1.49632,-1.49043
1746179170576,-1.37062,-1.36956,-1.37251,-1.38256,-1.37436,-1.37237
1746179170588,-1.24861,-1.24791,-1.25118,-1.25679,-1.25286,-1.25659
1746179170600,-1.12708,-1.1267,-1.1298,-1.13308,-1.13052,-1.13599
1746179170612,-1.00516,-1.00501,-1.00813,-1.00822,-1.00803,-1.01177
1746179170624,-0.883985,-0.883156,-0.885969,-0.888977,-0.887332,-0.889819
1746179170638,-0.721656,-0.720286,-0.722264,-0.720406,-0.724851,-0.724386
1746179170651,-0.599777,-0.598394,-0.600019,-0.595551,-0.602888,-0.60105
1746179170665,-0.47759,-0.476582,-0.477992,-0.47184,-0.481008,-0.476309
1746179170678,-0.314997,-0.314554,-0.316336,-0.305672,-0.318502,-0.315218
1746179170690,-0.193908,-0.192822,-0.195356,-0.1894,-0.196565,-0.195406
1746179170702,-0.0724247,-0.0717319,-0.0737653,-0.0698091,-0.0757798,-0.078641
1746179170715,0.0493225,0.05004,0.0475639,0.0585936,0.0471032,0.0399481
1746179170727,0.171202,0.171571,0.169591,0.176239,0.168875,0.160739
1746179170739,0.293344,0.293423,0.291487,0.292511,0.289287,0.284657
1746179170751,0.415091,0.415355,0.413513,0.408096,0.410179,0.408535
1746179170765,0.536883,0.537087,0.535148,0.52906,0.531926,0.534208
1746179170779,0.698685,0.699516,0.697676,0.694771,0.693802,0.700456
1746179170791,0.82052,0.821128,0.819659,0.815163,0.815309,0.823736
1746179170803,0.942355,0.94314,0.941598,0.937843,0.937976,0.94358
1746179170815,1.06419,1.06455,1.06319,1.05789,1.05952,1.0625
1746179170827,1.18589,1.18648,1.1853,1.18023,1.18071,1.18083
1746179170840,1.30742,1.30793,1.30711,1.3068,1.30372,1.30253
1746179170852,1.42921,1.43015,1.42879,1.4328,1.42577,1.42396
1746179170864,1.55065,1.55132,1.55047,1.55125,1.54561,1.54544
1746179170876,1.67253,1.67341,1.6721,1.66775,1.6669,1.66681
1746179170888,1.79454,1.79494,1.79339,1.79546,1.78993,1.79244
1746179170900,1.91642,1.91715,1.91502,1.91849,1.91123,1.91748
1746179170912,2.03808,2.03841,2.03635,2.03979,2.03333,2.0421
1746179170924,2.15978,2.16034,2.15781,2.16007,2.15622,2.1627
1746179170936,2.281,2.28207,2.2794,2.27646,2.27638,2.28137
1746179170950,2.40293,2.40396,2.4013,2.39388,2.3982,2.39955
1746179170962,2.5245,2.52545,2.52328,2.51907,2.52132,2.51961
1746179170974,2.64655,2.64706,2.64474,2.64519,2.64211,2.64142
1746179170989,2.76777,2.76855,2.76642,2.76741,2.76395,2.76495
1746179171005,2.97069,2.9714,2.96953,2.96986,2.96749,2.97006
1746179171019,3.09283,3.09309,3.09126,3.09895,3.0889,3.09344
1746179171031,3.2144,3.21486,3.21315,3.22666,3.2116,3.2169
1746179171043,3.33623,3.33692,3.33492,3.34763,3.33414,3.34072
1746179171055,3.45816,3.45865,3.45629,3.46962,3.45444,3.46035
1746179171068,3.57977,3.58082,3.57801,3.58887,3.57693,3.57982
1746179171081,3.74166,3.74273,3.73958,3.75114,3.73922,3.73913
1746179171094,3.86345,3.8645,3.8613,3.87463,3.85962,3.858
1746179171106,3.98507,3.98595,3.9832,3.99479,3.98144,3.97818
1746179171118,4.10686,4.10764,4.10479,4.10751,4.10286,4.10107
1746179171130,4.22821,4.22914,4.22673,4.22356,4.22385,4.22302
1746179171142,4.35014,4.35095,4.34841,4.35082,4.34579,4.34807
1746179171156,4.47193,4.47268,4.47013,4.47201,4.46828,4.47126
1746179171171,4.63404,4.63523,4.63344,4.63142,4.62937,4.6337
1746179171184,4.75618,4.75692,4.75516,4.75193,4.75174,4.75455
1746179171196,4.87762,4.87889,4.87654,4.87427,4.87366,4.87525
1746179171209,4.99989,5.00026,4.99808,4.99535,4.99442,4.99357
1746179171222,5.16161,5.16249,5.1593,5.16174,5.15661,5.15364
1746179171235,5.28353,5.28414,5.28124,5.28374,5.27876,5.27507
1746179171247,5.40484,5.40563,5.40296,5.40058,5.39921,5.39716
1746179171259,5.52703,5.52749,5.52473,5.52006,5.52099,5.52166
1746179171271,5.64807,5.6493,5.64675,5.64995,5.64431,5.64565
1746179171286,5.77043,5.77099,5.7683,5.77034,5.76555,5.76967
1746179171299,5.93237,5.93342,5.93131,5.92827,5.92779,5.93001
1746179171312,6.05433,6.05519,6.05347,6.04889,6.05037,6.05259
1746179171324,6.1756,6.17724,6.17501,6.16997,6.17074,6.1722
1746179171336,6.29774,6.29857,6.29634,6.29242,6.29226,6.29221
1746179171349,6.4194,6.42043,6.41793,6.41796,6.41494,6.41382
1746179171361,6.54132,6.54188,6.54,6.54213,6.53705,6.53732
1746179171373,6.66294,6.66377,6.66133,6.65863,6.65721,6.65925
1746179171386,6.78486,6.78498,6.78314,6.78452,6.78097,6.78141
1746179171401,6.94684,6.94797,6.94489,6.95251,6.94295,6.94707
1746179171415,7.06854,7.06922,7.06682,7.07645,7.06491,7.07049
1746179171429,7.23074,7.23217,7.22905,7.2337,7.2279,7.23229
1746179171442,7.35284,7.35342,7.35121,7.35683,7.34808,7.34941
1746179171454,7.47419,7.47568,7.47271,7.4762,7.46971,7.47121
1746179171466,7.59616,7.59701,7.59461,7.59991,7.59238,7.59147
1746179171478,7.7176,7.7187,7.71615,7.72236,7.71377,7.71179
1746179171490,7.83952,7.83995,7.83739,7.83897,7.83467,7.83273
1746179171502,7.96087,7.9616,7.95907,7.95353,7.95695,7.95463
1746179171514,8.08324,8.08309,8.08066,8.07667,8.07892,8.07777
1746179171526,8.20476,8.20518,8.20269,8.20393,8.2,8.20114
1746179171538,8.32682,8.32687,8.32472,8.32294,8.32306,8.32326
1746179171550,8.44813,8.44857,8.44644,8.44162,8.44411,8.44424
1746179171562,8.56974,8.57058,8.56807,8.56407,8.56431,8.56471
1746179171574,8.69144,8.69243,8.68997,8.68847,8.68664,8.68758
1746179171586,8.81324,8.81456,8.81156,8.81172,8.80822,8.80729
1746179171598,8.93516,8.93589,8.93337,8.93658,8.92998,8.92503
1746179171610,9.05704,9.05799,9.05535,9.05891,9.05229,9.04955
1746179171622,9.17843,9.179,9.17655,9.17427,9.17357,9.17161
1746179171634,9.30022,9.30113,9.29788,9.29867,9.29516,9.29324
1746179171646,9.42184,9.42218,9.41973,9.42513,9.41738,9.41815
1746179171658,9.54363,9.54455,9.54128,9.54884,9.53972,9.54275
1746179171670,9.66446,9.6652,9.66221,9.66522,9.66021,9.66346
1746179171683,9.77729,9.77851,9.77901,9.78172,9.77971,9.78069
1746179171696,9.86236,9.8581,9.87357,9.89342,9.88944,9.89057
1746179171712,9.91621,9.90177,9.92972,9.98028,9.97468,9.97522
1746179171724,9.90532,9.89082,9.91673,9.98096,9.96199,9.95742
1746179171736,9.85279,9.84892,9.86612,9.94183,9.89553,9.89233
1746179171748,9.76495,9.77539,9.78062,9.84249,9.78902,9.78611
1746179171760,9.65084,9.66797,9.67237,9.72725,9.6708,9.66484
1746179171772,9.53072,9.54736,9.5486,9.60651,9.54868,9.54436
1746179171786,9.4088,9.42342,9.42239,9.48154,9.42644,9.42312
1746179171800,9.24765,9.24969,9.25603,9.31423,9.26339,9.26183
1746179171813,9.12806,9.11184,9.11734,9.19464,9.13962,9.13858
1746179171828,8.96806,8.94496,8.94318,9.01932,8.97446,8.97462
1746179171842,8.84429,8.83012,8.83353,8.8884,8.85219,8.85273
1746179171854,8.72131,8.71889,8.72402,8.7608,8.7285,8.72566
1746179171867,8.55736,8.56256,8.55935,8.59074,8.56425,8.55865
1746179171884,8.39604,8.40647,8.40659,8.41759,8.40098,8.39524
1746179171898,8.27477,8.2873,8.28967,8.28815,8.27868,8.2754
1746179171910,8.15535,8.16252,8.16302,8.16113,8.15656,8.1545
1746179171922,8.03216,8.0369,8.03576,8.03604,8.03372,8.03334
1746179171934,7.90874,7.9035,7.91221,7.91679,7.91137,7.91119
1746179171946,7.78673,7.77347,7.77518,7.79251,7.78918,7.78976
1746179171958,7.66463,7.64781,7.64605,7.66571,7.66628,7.67012
1746179171970,7.54341,7.53117,7.53444,7.54669,7.54408,7.54805
1746179171984,7.38148,7.37704,7.38168,7.38693,7.3827,7.38257
1746179172000,7.26061,7.25936,7.25865,7.267,7.26056,7.26012
1746179172013,7.09718,7.10206,7.10345,7.09969,7.09937,7.09738
1746179172025,6.9742,6.98149,6.98447,6.9762,6.97784,6.9767
1746179172037,6.85263,6.85844,6.85931,6.84998,6.85518,6.85832
1746179172049,6.73128,6.73374,6.73423,6.73142,6.73287,6.73647
1746179172062,6.60944,6.60343,6.61063,6.60954,6.61166,6.61265
1746179172077,6.44922,6.43454,6.43424,6.44085,6.44817,6.45158
1746179172091,6.32545,6.31165,6.31287,6.31908,6.32584,6.32932
1746179172104,6.20349,6.19408,6.19873,6.20041,6.20525,6.20882
1746179172116,6.08139,6.07752,6.0808,6.08116,6.08403,6.08524
1746179172129,5.95955,5.95844,5.96069,5.96031,5.96222,5.96129
1746179172141,5.83934,5.84076,5.84181,5.84003,5.84185,5.84095
1746179172153,5.71698,5.72015,5.72348,5.7185,5.72,5.71857
1746179172167,5.55588,5.55732,5.55886,5.55634,5.55639,5.55674
1746179172180,5.43264,5.43274,5.43531,5.44109,5.43592,5.43795
1746179172192,5.31002,5.30375,5.30975,5.31761,5.31346,5.31568
1746179172204,5.18858,5.17877,5.18058,5.1907,5.19035,5.19368
1746179172216,5.06718,5.05552,5.05811,5.0647,5.06837,5.0719
1746179172228,4.94578,4.93707,4.94132,4.94476,4.9469,4.94891
1746179172242,4.78376,4.77937,4.78319,4.78111,4.78444,4.78309
1746179172256,4.66188,4.66005,4.66361,4.65351,4.66288,4.65958
1746179172268,4.53983,4.54076,4.54346,4.53003,4.54108,4.53714
1746179172280,4.41733,4.41987,4.42331,4.40426,4.41832,4.41511
1746179172292,4.29655,4.29754,4.30097,4.28238,4.29664,4.29455
1746179172305,4.17498,4.17376,4.17755,4.16817,4.17605,4.17587
1746179172318,4.01274,4.00544,4.00936,4.00372,4.01227,4.01198
1746179172334,3.89077,3.88078,3.88423,3.88138,3.89056,3.892
1746179172348,3.7277,3.71987,3.72445,3.72528,3.72898,3.72884
1746179172360,3.60608,3.60095,3.6057,3.60821,3.60818,3.60656
1746179172372,3.48455,3.48231,3.48642,3.48793,3.48755,3.48435
1746179172385,3.36333,3.36214,3.36683,3.36422,3.36573,3.36301
1746179172399,3.24242,3.24201,3.24585,3.24337,3.2434,3.24279
1746179172412,3.07939,3.07938,3.08337,3.07743,3.08137,3.08332
1746179172425,2.9576,2.95544,2.95977,2.96036,2.96037,2.96319
1746179172442,2.79483,2.78892,2.79319,2.79911,2.79729,2.79967
1746179172455,2.67339,2.66535,2.67007,2.67403,2.67538,2.67884
1746179172467,2.55182,2.54462,2.54926,2.55089,2.55374,2.558
1746179172480,2.38962,2.38516,2.38935,2.39307,2.39277,2.3968
1746179172492,2.26809,2.26519,2.26985,2.27428,2.27131,2.27325
1746179172504,2.18679,2.18492,2.18977,2.18937,2.19046,2.19138
1746179172516,2.06483,2.06379,2.06822,2.06715,2.06756,2.06907
1746179172529,1.90254,1.901,1.90539,1.90624,1.90583,1.90798
1746179172544,1.78141,1.77746,1.78149,1.78413,1.78374,1.78633
1746179172557,1.61899,1.61266,1.61652,1.62952,1.6216,1.62732
1746179172568,1.49716,1.49037,1.49445,1.50227,1.49933,1.50422
1746179172581,1.37519,1.36972,1.37333,1.37604,1.37714,1.38146
1746179172593,1.25358,1.24931,1.25314,1.25462,1.25615,1.26076
1746179172606,1.13205,1.12907,1.13307,1.13354,1.135,1.13713
1746179172618,1.01039,1.00802,1.01222,1.01223,1.01349,1.01243
1746179172630,0.888904,0.886725,0.890677,0.884743,0.890607,0.889392
1746179172644,0.767069,0.763911,0.767953,0.760345,0.768678,0.768216
1746179172658,0.64519,0.641016,0.644793,0.639496,0.64747,0.647312
1746179172670,0.482641,0.477384,0.480216,0.477905,0.48377,0.485707
1746179172682,0.361333,0.355773,0.358625,0.356941,0.361758,0.365769
1746179172695,0.239454,0.234723,0.23747,0.233002,0.24026,0.243331
1746179172706,0.118014,0.114234,0.116752,0.111236,0.118654,0.124309
1746179172719,-0.00412855,-0.00673611,-0.00449041,-0.0102998,-0.00233861,0.00210815
1746179172732,-0.125612,-0.128187,-0.125994,-0.122337,-0.123041,-0.122387
1746179172748,-0.288249,-0.291338,-0.288348,-0.285072,-0.28616,-0.288123
1746179172762,-0.409557,-0.414152,-0.410592,-0.410957,-0.40833,-0.412484
1746179172773,-0.531876,-0.536606,-0.533273,-0.531693,-0.529662,-0.532945
1746179172786,-0.652744,-0.658739,-0.655343,-0.654831,-0.652496,-0.652644
1746179172800,-0.815557,-0.820125,-0.817043,-0.814133,-0.814703,-0.813148
1746179172813,-0.936821,-0.941376,-0.938154,-0.938416,-0.935629,-0.936439
1746179172826,-1.09941,-1.10296,-1.10007,-1.10264,-1.0972,-1.09672
1746179172840,-1.22112,-1.22461,-1.22175,-1.22498,-1.21911,-1.2183
1746179172852,-1.34313,-1.34659,-1.34378,-1.34548,-1.34049,-1.34002
1746179172864,-1.46461,-1.46924,-1.46585,-1.46256,-1.46229,-1.46604
1746179172876,-1.58658,-1.59137,-1.58831,-1.58798,-1.58463,-1.58984
1746179172888,-1.70811,-1.71335,-1.70994,-1.71215,-1.70667,-1.71194
1746179172900,-1.83007,-1.83488,-1.83153,-1.83208,-1.82874,-1.83186
1746179172912,-1.95169,-1.95621,-1.95269,-1.9519,-1.94974,-1.94912
1746179172925,-2.0733,-2.07726,-2.07411,-2.06978,-2.07087,-2.06747
1746179172937,-2.19496,-2.19835,-2.19517,-2.19131,-2.19305,-2.18902
1746179172950,-2.31662,-2.32008,-2.31672,-2.31651,-2.31378,-2.30963
1746179172964,-2.43863,-2.44197,-2.43844,-2.44217,-2.43607,-2.43292
1746179172980,-2.60074,-2.60488,-2.60158,-2.60262,-2.59915,-2.59629
1746179172992,-2.76303,-2.76763,-2.76507,-2.76432,-2.76107,-2.7625
1746179173004,-2.84415,-2.84859,-2.84598,-2.85278,-2.84231,-2.84384
1746179173016,-2.96581,-2.97028,-2.96731,-2.97684,-2.96521,-2.96686
1746179173030,-3.12823,-3.13219,-3.12927,-3.13889,-3.12716,-3.12824
1746179173045,-3.24971,-3.2538,-3.25073,-3.25974,-3.24843,-3.24805
1746179173058,-3.41261,-3.41583,-3.41239,-3.41835,-3.41046,-3.40781
1746179173071,-3.5337,-3.53808,-3.53442,-3.53806,-3.53198,-3.52944
1746179173085,-3.69625,-3.70023,-3.69777,-3.69953,-3.69441,-3.68504
1746179173097,-3.81778,-3.8224,-3.81958,-3.81866,-3.81669,-3.80865
1746179173109,-3.93996,-3.94389,-3.94113,-3.93093,-3.9384,-3.93466
1746179173121,-4.06127,-4.06594,-4.0625,-4.05304,-4.0599,-4.06125
1746179173133,-4.18346,-4.18731,-4.18461,-4.17893,-4.18287,-4.18539
1746179173145,-4.30485,-4.30913,-4.30607,-4.30309,-4.30478,-4.30742
1746179173158,-4.42673,-4.43054,-4.42793,-4.42143,-4.42547,-4.42608
1746179173169,-4.54817,-4.55251,-4.54969,-4.54182,-4.54738,-4.54744
1746179173183,-4.6701,-4.67424,-4.67159,-4.66633,-4.66825,-4.66921
1746179173196,-4.7918,-4.79597,-4.79348,-4.78947,-4.78956,-4.78865
1746179173213,-4.95417,-4.95828,-4.95488,-4.95586,-4.95235,-4.95052
1746179173226,-5.11637,-5.12047,-5.11745,-5.11734,-5.11478,-5.11036
1746179173238,-5.23785,-5.24192,-5.23926,-5.23487,-5.23548,-5.23673
1746179173250,-5.31893,-5.32316,-5.31943,-5.31967,-5.31825,-5.32279
1746179173262,-5.44042,-5.44497,-5.44094,-5.44533,-5.43941,-5.44389
1746179173275,-5.60292,-5.60732,-5.60434,-5.60703,-5.60139,-5.60664
1746179173288,-5.72467,-5.72917,-5.72658,-5.72456,-5.72329,-5.72773
1746179173299,-5.84628,-5.8511,-5.84817,-5.84244,-5.84388,-5.8442
1746179173311,-5.96794,-5.97271,-5.96972,-5.96706,-5.96583,-5.96764
1746179173323,-6.08951,-6.09432,-6.09153,-6.09009,-6.08812,-6.08607
1746179173335,-6.21126,-6.21602,-6.21303,-6.21426,-6.20984,-6.20887
1746179173347,-6.33323,-6.33735,-6.33445,-6.33865,-6.3315,-6.32804
1746179173360,-6.45484,-6.45932,-6.45634,-6.45653,-6.45322,-6.45431
1746179173372,-6.57677,-6.58081,-6.57776,-6.58344,-6.57553,-6.57904
1746179173385,-6.69803,-6.70322,-6.69939,-6.71093,-6.69795,-6.70347
1746179173400,-6.86071,-6.86589,-6.86092,-6.87309,-6.8599,-6.86336
1746179173412,-6.98233,-6.98726,-6.98268,-6.99074,-6.97995,-6.98141
1746179173426,-7.10438,-7.10924,-7.10467,-7.11159,-7.10129,-7.10188
1746179173441,-7.26667,-7.2709,-7.26763,-7.27306,-7.26492,-7.26407
1746179173453,-7.38789,-7.39268,-7.38927,-7.39048,-7.38594,-7.3816
1746179173465,-7.50986,-7.51425,-7.51112,-7.51179,-7.50745,-7.5023
1746179173478,-7.6316,-7.63594,-7.63258,-7.62531,-7.62939,-7.62324
1746179173490,-7.75339,-7.75795,-7.75469,-7.74284,-7.75082,-7.74935
1746179173503,-7.87501,-7.87968,-7.87689,-7.86758,-7.87224,-7.87603
1746179173516,-7.9968,-8.00142,-7.99835,-7.9913,-7.99412,-7.9994
1746179173528,-8.15895,-8.16401,-8.15983,-8.15517,-8.1556,-8.15912
1746179173542,-8.28057,-8.28578,-8.28147,-8.27408,-8.27686,-8.27822
1746179173553,-8.40245,-8.40747,-8.40328,-8.39825,-8.39931,-8.40039
1746179173566,-8.5238,-8.52904,-8.52535,-8.52779,-8.52201,-8.52219
1746179173578,-8.64612,-8.65041,-8.64672,-8.65059,-8.64389,-8.64139
1746179173591,-8.76729,-8.77218,-8.76844,-8.77464,-8.76579,-8.75954
1746179173603,-8.88935,-8.89375,-8.89012,-8.89744,-8.888,-8.88254
1746179173615,-9.01053,-9.01573,-9.01188,-9.01497,-9.01017,-9.00988
1746179173627,-9.13289,-9.13722,-9.13383,-9.13914,-9.13115,-9.13569
1746179173639,-9.2542,-9.25931,-9.25603,-9.26113,-9.2531,-9.25765
1746179173651,-9.37625,-9.38108,-9.37788,-9.38336,-9.37454,-9.38235
1746179173663,-9.49756,-9.50301,-9.4996,-9.49837,-9.495,-9.49987
1746179173675,-9.61926,-9.62326,-9.62084,-9.61704,-9.61751,-9.6192
1746179173687,-9.73635,-9.73413,-9.73812,-9.74178,-9.7386,-9.73885
1746179173699,-9.83917,-9.82258,-9.83425,-9.85622,-9.85185,-9.85211
1746179173713,-9.9304,-9.89407,-9.90435,-9.96597,-9.9617,-9.96196
1746179173727,-9.94967,-9.91011,-9.91895,-9.99023,-9.98575,-9.98283
1746179173739,-9.91305,-9.88112,-9.89729,-9.98531,-9.95487,-9.95593
1746179173751,-9.84071,-9.82434,-9.84048,-9.93084,-9.87443,-9.8859
1746179173765,-9.7393,-9.7379,-9.75246,-9.82613,-9.76408,-9.77802
1746179173781,-9.62317,-9.62615,-9.63013,-9.70802,-9.64387,-9.65762
1746179173792,-9.45966,-9.46063,-9.46102,-9.54517,-9.48101,-9.49025
1746179173807,-9.33918,-9.33657,-9.33956,-9.41952,-9.35799,-9.36336
1746179173819,-9.17729,-9.1731,-9.17162,-9.24362,-9.19286,-9.19689
1746179173831,-9.05655,-9.05277,-9.0526,-9.11751,-9.071,-9.07742
1746179173843,-8.9338,-8.93449,-8.93629,-8.99677,-8.94821,-8.95723
1746179173855,-8.81223,-8.81665,-8.81657,-8.86997,-8.82524,-8.83742
1746179173867,-8.69008,-8.697,-8.69812,-8.73791,-8.70203,-8.71538
1746179173880,-8.56891,-8.57407,-8.57692,-8.61317,-8.57908,-8.58968
1746179173896,-8.44747,-8.45013,-8.45088,-8.4858,-8.45567,-8.46451
1746179173910,-8.28501,-8.28353,-8.28574,-8.32283,-8.29294,-8.29621
1746179173924,-8.16207,-8.15987,-8.1611,-8.19088,-8.16926,-8.1677
1746179173936,-7.99873,-7.99705,-7.99726,-8.0175,-8.00524,-7.99828
1746179173948,-7.87699,-7.87579,-7.87763,-7.88635,-7.88375,-7.87927
1746179173961,-7.75651,-7.75671,-7.75779,-7.76676,-7.76157,-7.76068
1746179173972,-7.63512,-7.63646,-7.63829,-7.64294,-7.63955,-7.64585
1746179173984,-7.51306,-7.51577,-7.51779,-7.51293,-7.51642,-7.52482
1746179173996,-7.3907,-7.393,-7.39467,-7.38762,-7.39463,-7.40429
1746179174008,-7.26821,-7.26914,-7.27099,-7.26528,-7.27205,-7.28027
1746179174020,-7.14659,-7.14548,-7.14713,-7.145,-7.15042,-7.15468
1746179174032,-7.02511,-7.02231,-7.02345,-7.02667,-7.02886,-7.02935
1746179174046,-6.90384,-6.89982,-6.90146,-6.90708,-6.90582,-6.90247
1746179174059,-6.78166,-6.77897,-6.78022,-6.78097,-6.78383,-6.77469
1746179174071,-6.65969,-6.65896,-6.65981,-6.65955,-6.66338,-6.65426
1746179174085,-6.49652,-6.49841,-6.50046,-6.50139,-6.50092,-6.49818
1746179174102,-6.37552,-6.37724,-6.37948,-6.38214,-6.37917,-6.38157
1746179174114,-6.21359,-6.21341,-6.21512,-6.2114,-6.21646,-6.22242
1746179174126,-6.09197,-6.09048,-6.09161,-6.08894,-6.09434,-6.10336
1746179174138,-5.96983,-5.96746,-5.9685,-5.96901,-5.97254,-5.97658
1746179174150,-5.84756,-5.84533,-5.8463,-5.84896,-5.85099,-5.85467
1746179174163,-5.72546,-5.72388,-5.72492,-5.72571,-5.72841,-5.7281
1746179174175,-5.60406,-5.60283,-5.60442,-5.60383,-5.6072,-5.60403
1746179174187,-5.4828,-5.48182,-5.48383,-5.47966,-5.48648,-5.47897
1746179174199,-5.36153,-5.36081,-5.3629,-5.3595,-5.36499,-5.35883
1746179174211,-5.2393,-5.23912,-5.24096,-5.24792,-5.24379,-5.24297
1746179174223,-5.11707,-5.1169,-5.11915,-5.13073,-5.12298,-5.12905
1746179174235,-4.99498,-4.99477,-4.99634,-5.00416,-5.0005,-5.01212
1746179174248,-4.87332,-4.87236,-4.8734,-4.88022,-4.87767,-4.88864
1746179174262,-4.75201,-4.75026,-4.75128,-4.75983,-4.7567,-4.76625
1746179174274,-4.59025,-4.58848,-4.59015,-4.5948,-4.59301,-4.59626
1746179174286,-4.4685,-4.46731,-4.46904,-4.47292,-4.47113,-4.47135
1746179174298,-4.34653,-4.34618,-4.34849,-4.34441,-4.35003,-4.34578
1746179174312,-4.22426,-4.22493,-4.22769,-4.21864,-4.22787,-4.22056
1746179174326,-4.10282,-4.10259,-4.10592,-4.09481,-4.10631,-4.09885
1746179174340,-3.94115,-3.94,-3.94204,-3.93803,-3.94535,-3.9447
1746179174356,-3.779,-3.77709,-3.7793,-3.76865,-3.78188,-3.7881
1746179174368,-3.65641,-3.65552,-3.65731,-3.64666,-3.66006,-3.66995
1746179174380,-3.53471,-3.53391,-3.53585,-3.52592,-3.53979,-3.5464
1746179174393,-3.41261,-3.41258,-3.41452,-3.41103,-3.41808,-3.4199
1746179174407,-3.29179,-3.29101,-3.29328,-3.29166,-3.29639,-3.29508
1746179174423,-3.12946,-3.12902,-3.13137,-3.13007,-3.13561,-3.12794
1746179174435,-2.96752,-2.96647,-2.96805,-2.96768,-2.97271,-2.96246
1746179174449,-2.84529,-2.84422,-2.84607,-2.84546,-2.85074,-2.84073
1746179174462,-2.72337,-2.72256,-2.72404,-2.7277,-2.72996,-2.7228
1746179174475,-2.60167,-2.60091,-2.60263,-2.60731,-2.60719,-2.60439
1746179174487,-2.43982,-2.43892,-2.44128,-2.43576,-2.44436,-2.44226
1746179174499,-2.31838,-2.31743,-2.32025,-2.31411,-2.32243,-2.32284
1746179174511,-2.23726,-2.2364,-2.23877,-2.23343,-2.24069,-2.24347
1746179174523,-2.1149,-2.11487,-2.11696,-2.11327,-2.11867,-2.11919
1746179174537,-1.99297,-1.9931,-1.99506,-1.99173,-1.99807,-1.99444
1746179174551,-1.83091,-1.83043,-1.83249,-1.82865,-1.83506,-1.82625
1746179174563,-1.70964,-1.70809,-1.71016,-1.70837,-1.7131,-1.7015
1746179174576,-1.54762,-1.54582,-1.54715,-1.54953,-1.55106,-1.54222
1746179174590,-1.42561,-1.42401,-1.42582,-1.43578,-1.42937,-1.42489
1746179174604,-1.3036,-1.30284,-1.30458,-1.31424,-1.30725,-1.30937
1746179174617,-1.1414,-1.14097,-1.14376,-1.14773,-1.14511,-1.1502
1746179174630,-1.01966,-1.01944,-1.02208,-1.02299,-1.02243,-1.02613
1746179174642,-0.898523,-0.897511,-0.900269,-0.903397,-0.90138,-0.903116
1746179174654,-0.776292,-0.775539,-0.777806,-0.779686,-0.780097,-0.781171
1746179174669,-0.655072,-0.653606,-0.656259,-0.650711,-0.657505,-0.656209
1746179174683,-0.491776,-0.491057,-0.492772,-0.486832,-0.49543,-0.490818
1746179174697,-0.37038,-0.369445,-0.370919,-0.360947,-0.373923,-0.368912
1746179174710,-0.208095,-0.207217,-0.209569,-0.203705,-0.211202,-0.210116
1746179174722,-0.0869184,-0.0860863,-0.0879778,-0.0843431,-0.0901015,-0.0919557
1746179174734,0.0350045,0.0357256,0.0332642,0.0431441,0.0324498,0.0256769
1746179174746,0.156796,0.157257,0.154986,0.161934,0.154636,0.147101
1746179174758,0.279026,0.279069,0.2771,0.27935,0.275463,0.270405
1746179174770,0.400554,0.400921,0.39869,0.39402,0.395825,0.393851
1746179174782,0.522345,0.522612,0.520456,0.514526,0.517406,0.51967
1746179174794,0.643741,0.644424,0.641828,0.638466,0.639434,0.643622
1746179174806,0.765576,0.766036,0.762983,0.758858,0.760145,0.767502
1746179174820,0.887411,0.888008,0.885097,0.882454,0.882547,0.889378
1746179174834,1.0092,1.00954,1.00691,1.00502,1.00514,1.00905
1746179174847,1.17166,1.17217,1.17035,1.16501,1.16614,1.16661
1746179174861,1.2931,1.29346,1.29233,1.29158,1.28922,1.28722
1746179174873,1.41481,1.41555,1.41401,1.41815,1.41137,1.40923
1746179174885,1.53629,1.537,1.53573,1.53797,1.53131,1.5307
1746179174897,1.65808,1.65886,1.65741,1.65344,1.65259,1.65277
1746179174909,1.78,1.78043,1.77883,1.78024,1.77556,1.77757
1746179174921,1.90197,1.90252,1.90055,1.90487,1.89737,1.90319
1746179174933,2.02363,2.02401,2.02196,2.02526,2.01861,2.02696
1746179174945,2.14538,2.14582,2.14347,2.146,2.14167,2.14829
1746179174958,2.26651,2.26763,2.26528,2.26295,2.26213,2.26702
1746179174972,2.42893,2.43002,2.42698,2.41997,2.42477,2.42601
1746179174990,2.59174,2.59193,2.59011,2.59026,2.58804,2.58667
1746179175002,2.71283,2.71358,2.7117,2.71236,2.70868,2.70897
1746179175014,2.83493,2.83515,2.83343,2.83321,2.83021,2.83116
1746179175026,2.95615,2.95693,2.95506,2.95532,2.95311,2.95559
1746179175038,3.07803,3.07862,3.07674,3.08327,3.07416,3.07874
1746179175052,3.19973,3.20035,3.19881,3.21259,3.19698,3.20258
1746179175064,3.36237,3.36298,3.36064,3.37441,3.36023,3.36609
1746179175076,3.48411,3.48479,3.48201,3.49606,3.4805,3.48581
1746179175090,3.60582,3.60692,3.60356,3.61485,3.60302,3.60578
1746179175104,3.72717,3.72833,3.72511,3.73615,3.72493,3.72543
1746179175116,3.88959,3.89036,3.88803,3.90003,3.88574,3.88383
1746179175128,4.01103,4.01209,4.00966,4.01962,4.00785,4.00537
1746179175141,4.09228,4.09345,4.09036,4.09401,4.08854,4.08668
1746179175155,4.25457,4.25532,4.25341,4.25034,4.24947,4.24941
1746179175169,4.41703,4.41763,4.41581,4.41696,4.41314,4.41522
1746179175181,4.53864,4.53976,4.53744,4.53712,4.53516,4.53849
1746179175193,4.65999,4.66133,4.65916,4.65763,4.65542,4.65941
1746179175205,4.78209,4.78318,4.78071,4.77837,4.77807,4.78065
1746179175217,4.90375,4.90499,4.90213,4.89922,4.89968,4.90113
1746179175231,5.02585,5.02669,5.02367,5.02293,5.02003,5.01837
1746179175245,5.14725,5.1483,5.14513,5.14778,5.1422,5.13893
1746179175259,5.30953,5.31017,5.30731,5.30891,5.305,5.30157
1746179175275,5.47191,5.47227,5.47062,5.46501,5.46578,5.46471
1746179175288,5.59299,5.59425,5.59226,5.59193,5.58895,5.59024
1746179175300,5.71509,5.71598,5.71429,5.71701,5.7114,5.71408
1746179175312,5.83675,5.83763,5.83575,5.83546,5.83144,5.83654
1746179175324,5.95863,5.95968,5.95755,5.95413,5.95401,5.95653
1746179175337,6.0802,6.08137,6.07928,6.07441,6.07651,6.0783
1746179175350,6.24284,6.24404,6.24054,6.2376,6.23701,6.23738
1746179175363,6.3641,6.36553,6.36222,6.36097,6.35952,6.3583
1746179175375,6.48629,6.48723,6.48342,6.48731,6.48199,6.48133
1746179175387,6.60799,6.60848,6.6054,6.60656,6.60262,6.60387
1746179175399,6.72974,6.73069,6.72682,6.72523,6.72453,6.7254
1746179175411,6.85131,6.85178,6.84902,6.8573,6.84821,6.85018
1746179175423,6.97297,6.97395,6.97043,6.97987,6.96881,6.9741
1746179175435,7.09459,7.09532,7.09259,7.10232,7.09087,7.09637
1746179175448,7.21625,7.21774,7.21414,7.21905,7.21337,7.21749
1746179175460,7.3383,7.33907,7.33638,7.34219,7.33388,7.33528
1746179175473,7.45974,7.46124,7.45797,7.46098,7.45514,7.45748
1746179175485,7.5818,7.58261,7.57969,7.58595,7.5779,7.57748
1746179175497,7.70328,7.70446,7.70142,7.70725,7.69954,7.69725
1746179175509,7.8252,7.82563,7.8227,7.82513,7.82047,7.818
1746179175521,7.9466,7.94721,7.94464,7.93968,7.94235,7.94008
1746179175533,8.06865,8.06874,8.06623,8.06179,8.06464,8.06371
1746179175545,8.19036,8.19075,8.18839,8.18905,8.18525,8.18573
1746179175558,8.31232,8.3124,8.31033,8.3083,8.30834,8.30862
1746179175574,8.47413,8.47491,8.47242,8.4676,8.47048,8.47034
1746179175586,8.59614,8.59696,8.59393,8.58982,8.59052,8.59072
1746179175600,8.75812,8.75935,8.75584,8.75645,8.75326,8.75345
1746179175614,8.88021,8.88136,8.87752,8.8797,8.87537,8.87242
1746179175626,9.00174,9.00257,8.99976,9.00478,8.99642,8.99231
1746179175638,9.12375,9.12435,9.12136,9.12266,9.11894,9.11736
1746179175650,9.24506,9.2458,9.24269,9.24042,9.24052,9.23806
1746179175662,9.36703,9.36757,9.36428,9.36928,9.36218,9.36167
1746179175674,9.48847,9.48902,9.48613,9.49265,9.48463,9.48643
1746179175686,9.61013,9.61099,9.60781,9.61384,9.60606,9.60909
1746179175699,9.72797,9.7294,9.7277,9.72828,9.72594,9.72791
1746179175713,9.85415,9.85085,9.86455,9.88083,9.87758,9.87833
1746179175728,9.90518,9.89399,9.9207,9.9622,9.95718,9.95816
1746179175742,9.91621,9.90121,9.92637,9.98119,9.97362,9.97024
1746179175758,9.86082,9.85582,9.87388,9.95167,9.90646,9.90223
1746179175770,9.74149,9.7549,9.75843,9.82018,9.76412,9.75992
1746179175782,9.62532,9.64219,9.64626,9.70161,9.645,9.63879
1746179175794,9.50467,9.5213,9.52031,9.57962,9.52278,9.5187
1746179175806,9.3828,9.39544,9.39553,9.45419,9.40051,9.39768
1746179175818,9.26184,9.26581,9.27107,9.32911,9.27813,9.27712
1746179175830,9.14255,9.12687,9.13409,9.20803,9.15445,9.1541
1746179175843,9.02375,9.00141,8.99885,9.08112,9.03055,9.0302
1746179175858,8.85891,8.84395,8.84587,8.90408,8.86653,8.86698
1746179175873,8.7358,8.73261,8.73766,8.77647,8.74357,8.74165
1746179175885,8.61186,8.61376,8.61751,8.6467,8.61986,8.61422
1746179175897,8.492,8.49969,8.49583,8.52253,8.49774,8.49284
1746179175909,8.36946,8.38084,8.38348,8.39035,8.37479,8.36992
1746179175921,8.24956,8.26116,8.26403,8.2608,8.25275,8.24995
1746179175933,8.12909,8.13558,8.1359,8.13343,8.13067,8.12981
1746179175945,8.00563,8.00943,8.00938,8.01155,8.0074,8.00721
1746179175957,7.88221,7.87407,7.88374,7.88979,7.88486,7.8851
1746179175971,7.76099,7.74656,7.74623,7.76585,7.76303,7.76437
1746179175986,7.59783,7.5841,7.5831,7.60311,7.59932,7.60333
1746179175998,7.47757,7.4681,7.47419,7.48043,7.47791,7.48024
1746179176010,7.35543,7.35162,7.35587,7.3613,7.35702,7.35658
1746179176022,7.23452,7.23418,7.23284,7.23976,7.23431,7.23327
1746179176034,7.11185,7.11621,7.11653,7.11514,7.11342,7.11161
1746179176046,6.98839,6.99592,6.99908,6.99142,6.99201,6.99047
1746179176058,6.86721,6.87303,6.874,6.86485,6.86985,6.87283
1746179176070,6.74573,6.74841,6.74822,6.74423,6.74707,6.75077
1746179176084,6.62389,6.61878,6.62541,6.62521,6.62606,6.62843
1746179176099,6.4635,6.4493,6.44967,6.45573,6.46245,6.46576
1746179176111,6.34017,6.3262,6.32682,6.33327,6.34,6.34316
1746179176123,6.21776,6.20808,6.21264,6.21517,6.21952,6.223
1746179176137,6.09575,6.09148,6.09545,6.09512,6.09851,6.09985
1746179176151,5.93404,5.93314,5.93436,5.93456,5.93641,5.93535
1746179176163,5.81326,5.81482,5.81639,5.81394,5.81541,5.81419
1746179176175,5.69098,5.69409,5.69685,5.69172,5.69351,5.69275
1746179176188,5.57011,5.57191,5.57373,5.57018,5.57073,5.5709
1746179176200,5.44696,5.44758,5.4497,5.45483,5.44998,5.45223
1746179176213,5.32447,5.31863,5.32462,5.33249,5.32794,5.33034
1746179176225,5.1628,5.15195,5.15368,5.16426,5.16389,5.16801
1746179176237,5.04114,5.02941,5.033,5.03757,5.04193,5.04609
1746179176250,4.92014,4.91181,4.91621,4.9189,4.92021,4.92203
1746179176266,4.75728,4.75399,4.75695,4.75399,4.75859,4.75782
1746179176280,4.63566,4.63435,4.63763,4.62627,4.63689,4.63436
1746179176292,4.51321,4.5149,4.51717,4.50451,4.51469,4.51129
1746179176304,4.39155,4.39357,4.39689,4.37771,4.39245,4.38998
1746179176316,4.27046,4.27112,4.27416,4.25789,4.27052,4.26951
1746179176330,4.14903,4.1463,4.1507,4.1423,4.14983,4.1496
1746179176342,3.98661,3.97877,3.98281,3.97751,3.98623,3.98565
1746179176355,3.86451,3.85432,3.85873,3.85654,3.86455,3.86526
1746179176369,3.74201,3.73391,3.73849,3.73879,3.74356,3.74286
1746179176386,3.57986,3.57553,3.5798,3.58303,3.58274,3.58059
1746179176398,3.45873,3.45656,3.46052,3.46138,3.46141,3.45871
1746179176410,3.33742,3.3364,3.3405,3.33778,3.33934,3.33625
1746179176422,3.21598,3.21599,3.21943,3.21728,3.21729,3.21644
1746179176434,3.09379,3.09397,3.09814,3.09208,3.09603,3.09731
1746179176446,2.97205,2.97028,2.97494,2.97501,2.97503,2.97793
1746179176458,2.84938,2.84498,2.84916,2.85507,2.85197,2.85527
1746179176470,2.72851,2.72072,2.7247,2.73079,2.73064,2.7339
1746179176484,2.56618,2.55873,2.56308,2.56588,2.56823,2.57291
1746179176499,2.40403,2.39923,2.40378,2.40681,2.4073,2.41193
1746179176511,2.28228,2.27954,2.2842,2.28882,2.28583,2.28728
1746179176523,2.20129,2.19919,2.20381,2.2047,2.20484,2.20638
1746179176535,2.07915,2.07834,2.08226,2.08076,2.08161,2.08246
1746179176547,1.95806,1.95633,1.96106,1.96266,1.96127,1.96286
1746179176559,1.83583,1.83343,1.83825,1.83849,1.83896,1.84088
1746179176571,1.71474,1.70946,1.71413,1.72016,1.71634,1.72188
1746179176583,1.59264,1.58644,1.59049,1.60217,1.59594,1.60101
1746179176596,1.43027,1.42397,1.42726,1.43257,1.43298,1.43729
1746179176609,1.30843,1.30384,1.30654,1.30806,1.31045,1.31593
1746179176621,1.1869,1.18332,1.18657,1.18813,1.1903,1.19423
1746179176633,1.06546,1.06299,1.0662,1.06819,1.06823,1.06794
1746179176647,0.943761,0.941416,0.944694,0.941162,0.945514,0.944878
1746179176660,0.822101,0.819644,0.822449,0.816078,0.823867,0.823562
1746179176672,0.700134,0.696549,0.699419,0.694542,0.702476,0.701912
1746179176684,0.578256,0.573615,0.576608,0.569572,0.579179,0.581523
1746179176696,0.456333,0.451081,0.453709,0.451927,0.457473,0.459892
1746179176709,0.29453,0.289293,0.292707,0.28965,0.295515,0.298128
1746179176722,0.172914,0.168644,0.171727,0.164795,0.173154,0.177589
1746179176734,0.051255,0.0478347,0.0508772,0.0431441,0.0528169,0.0567096
1746179176746,-0.0708436,-0.0732555,-0.0701468,-0.071869,-0.0687641,-0.0651144
1746179176758,-0.192459,-0.195067,-0.191868,-0.187683,-0.190337,-0.192464
1746179176770,-0.31425,-0.317521,-0.313895,-0.312767,-0.31225,-0.315161
1746179176783,-0.435778,-0.440255,-0.436707,-0.437279,-0.434652,-0.438327
1746179176799,-0.598108,-0.603526,-0.60076,-0.598526,-0.597133,-0.598308
1746179176813,-0.719855,-0.725338,-0.722656,-0.722809,-0.718788,-0.718718
1746179176825,-0.841602,-0.846348,-0.843724,-0.839768,-0.840577,-0.839485
1746179176837,-0.963174,-0.967519,-0.964748,-0.965195,-0.961917,-0.962911
1746179176852,-1.1255,-1.12907,-1.12562,-1.12896,-1.12332,-1.12334
1746179176866,-1.28805,-1.29101,-1.28797,-1.29181,-1.28565,-1.28482
1746179176879,-1.4094,-1.41371,-1.41022,-1.40785,-1.40777,-1.40933
1746179176891,-1.5315,-1.53576,-1.53264,-1.53099,-1.52928,-1.53398
1746179176903,-1.65307,-1.65833,-1.65471,-1.65733,-1.65128,-1.65603
1746179176919,-1.77522,-1.77962,-1.77652,-1.77658,-1.77337,-1.77805
1746179176931,-1.93742,-1.94185,-1.93869,-1.93748,-1.9353,-1.93475
1746179176944,-2.05885,-2.0629,-2.06024,-2.05593,-2.05699,-2.05329
1746179176956,-2.18051,-2.18407,-2.18118,-2.17781,-2.17874,-2.17401
1746179176968,-2.30231,-2.30553,-2.30246,-2.30175,-2.29911,-2.29501
1746179176980,-2.42432,-2.42746,-2.42453,-2.42649,-2.42153,-2.41807
1746179176992,-2.54571,-2.54975,-2.54687,-2.55135,-2.54396,-2.54014
1746179177004,-2.66772,-2.672,-2.66876,-2.66693,-2.66491,-2.66492
1746179177016,-2.78907,-2.79386,-2.79092,-2.79247,-2.78719,-2.78882
1746179177028,-2.91117,-2.91539,-2.91216,-2.92065,-2.90926,-2.91149
1746179177041,-3.03253,-3.03704,-3.03353,-3.04287,-3.03196,-3.0342
1746179177054,-3.15454,-3.15841,-3.15491,-3.16509,-3.15367,-3.15392
1746179177066,-3.27589,-3.2801,-3.27619,-3.28491,-3.27454,-3.27411
1746179177078,-3.39816,-3.40155,-3.39805,-3.40336,-3.39623,-3.39365
1746179177090,-3.51934,-3.52368,-3.5199,-3.52421,-3.51771,-3.51531
1746179177102,-3.64161,-3.64546,-3.64179,-3.64483,-3.6389,-3.6307
1746179177115,-3.7627,-3.76751,-3.76365,-3.7635,-3.76194,-3.75217
1746179177128,-3.92565,-3.92958,-3.92657,-3.91743,-3.92396,-3.91945
1746179177141,-4.047,-4.05155,-4.04803,-4.03816,-4.04529,-4.04541
1746179177155,-4.16905,-4.17292,-4.17001,-4.16405,-4.16839,-4.17036
1746179177169,-4.33103,-4.33531,-4.33171,-4.32941,-4.33117,-4.33305
1746179177181,-4.45282,-4.45696,-4.45387,-4.44706,-4.45208,-4.45191
1746179177193,-4.57422,-4.57881,-4.57541,-4.56779,-4.57321,-4.57314
1746179177205,-4.69614,-4.7005,-4.69731,-4.69276,-4.69452,-4.69516
1746179177217,-4.81784,-4.82204,-4.8189,-4.81567,-4.81554,-4.81482
1746179177229,-4.93959,-4.94377,-4.94071,-4.94099,-4.93813,-4.93699
1746179177244,-5.06134,-5.0655,-5.06234,-5.06527,-5.05952,-5.05327
1746179177259,-5.22354,-5.22753,-5.22461,-5.21999,-5.22107,-5.22148
1746179177273,-5.34511,-5.3493,-5.34611,-5.34714,-5.34432,-5.34981
1746179177285,-5.46686,-5.47103,-5.4677,-5.47153,-5.46592,-5.47082
1746179177297,-5.58847,-5.59288,-5.58982,-5.59319,-5.58706,-5.59247
1746179177309,-5.71026,-5.71461,-5.71215,-5.71072,-5.70928,-5.71373
1746179177323,-5.8722,-5.87716,-5.87381,-5.86784,-5.86994,-5.87049
1746179177335,-5.99421,-5.9989,-5.99588,-5.99407,-5.99154,-5.99383
1746179177347,-6.1156,-6.12047,-6.11699,-6.11675,-6.11401,-6.11121
1746179177360,-6.23766,-6.2422,-6.23858,-6.24104,-6.23593,-6.23537
1746179177372,-6.35936,-6.36373,-6.36026,-6.36532,-6.35758,-6.35491
1746179177385,-6.48111,-6.48538,-6.48206,-6.48274,-6.4798,-6.4819
1746179177397,-6.60259,-6.60731,-6.60352,-6.61079,-6.60186,-6.60543
1746179177409,-6.72443,-6.72945,-6.72507,-6.73771,-6.72364,-6.7294
1746179177421,-6.84622,-6.8513,-6.84675,-6.85879,-6.84527,-6.84927
1746179177433,-6.96783,-6.97299,-6.96851,-6.97643,-6.96551,-6.9668
1746179177445,-7.08989,-7.09476,-7.09041,-7.09751,-7.087,-7.08786
1746179177457,-7.21133,-7.21649,-7.21205,-7.21893,-7.20885,-7.20985
1746179177469,-7.33316,-7.33774,-7.33364,-7.33807,-7.33073,-7.32877
1746179177481,-7.45469,-7.45944,-7.45531,-7.45571,-7.4529,-7.44901
1746179177495,-7.57648,-7.58109,-7.57682,-7.57633,-7.57416,-7.56843
1746179177508,-7.73899,-7.74344,-7.73996,-7.72877,-7.7362,-7.73466
1746179177521,-7.86056,-7.86517,-7.86233,-7.85305,-7.85812,-7.86132
1746179177533,-7.98231,-7.98702,-7.98392,-7.97745,-7.97952,-7.98448
1746179177545,-8.10414,-8.10879,-8.10564,-8.09978,-8.10103,-8.1056
1746179177557,-8.22558,-8.23048,-8.22758,-8.22132,-8.22242,-8.22463
1746179177570,-8.3472,-8.35234,-8.34922,-8.33931,-8.34362,-8.3439
1746179177582,-8.46908,-8.47383,-8.47107,-8.4708,-8.46686,-8.46843
1746179177595,-8.59087,-8.5954,-8.59314,-8.59417,-8.58891,-8.58799
1746179177608,-8.75276,-8.75771,-8.75453,-8.76068,-8.75105,-8.74542
1746179177621,-8.8749,-8.87932,-8.87595,-8.88359,-8.87347,-8.86864
1746179177633,-8.99621,-9.00133,-8.99785,-9.00021,-8.9953,-8.99491
1746179177646,-9.11857,-9.12286,-9.11948,-9.12437,-9.11661,-9.12114
1746179177658,-9.23983,-9.24483,-9.24164,-9.24717,-9.23862,-9.24378
1746179177671,-9.3618,-9.36677,-9.36327,-9.36951,-9.36001,-9.36771
1746179177687,-9.48337,-9.48866,-9.48513,-9.48406,-9.48089,-9.48604
1746179177699,-9.64518,-9.64824,-9.64726,-9.64439,-9.6437,-9.64453
1746179177713,-9.75985,-9.75526,-9.76205,-9.76753,-9.76428,-9.76472
1746179177725,-9.88503,-9.85758,-9.87183,-9.90852,-9.90506,-9.90519
1746179177737,-9.93865,-9.90117,-9.90976,-9.97593,-9.97158,-9.97073
1746179177750,-9.94559,-9.90498,-9.9146,-9.98886,-9.98034,-9.97694
1746179177765,-9.89978,-9.87122,-9.88652,-9.98028,-9.94131,-9.94518
1746179177779,-9.78814,-9.78108,-9.79514,-9.87339,-9.81653,-9.83062
1746179177793,-9.67632,-9.67912,-9.6892,-9.76112,-9.69893,-9.71203
1746179177806,-9.51521,-9.51673,-9.51599,-9.59919,-9.53594,-9.54627
1746179177818,-9.39342,-9.39255,-9.39401,-9.47903,-9.41452,-9.42092
1746179177831,-9.27308,-9.26881,-9.27046,-9.34662,-9.29021,-9.29607
1746179177843,-9.15147,-9.14732,-9.14573,-9.21627,-9.16686,-9.17054
1746179177855,-9.0306,-9.02747,-9.02841,-9.09107,-9.04487,-9.05229
1746179177867,-8.90749,-8.90935,-8.91118,-8.97137,-8.92202,-8.93137
1746179177879,-8.78627,-8.79119,-8.79146,-8.84136,-8.79882,-8.81205
1746179177891,-8.66408,-8.67118,-8.67275,-8.71182,-8.67612,-8.6895
1746179177903,-8.54304,-8.54756,-8.55042,-8.58616,-8.55251,-8.56181
1746179177917,-8.42125,-8.42335,-8.42464,-8.45959,-8.42963,-8.43681
1746179177930,-8.29945,-8.29821,-8.30035,-8.33759,-8.30734,-8.31132
1746179177943,-8.1767,-8.17463,-8.17575,-8.2069,-8.18423,-8.18328
1746179177957,-8.0134,-8.01152,-8.01187,-8.03375,-8.01989,-8.01296
1746179177974,-7.85125,-7.85013,-7.852,-7.86015,-7.85764,-7.85328
1746179177986,-7.73042,-7.73109,-7.73193,-7.74101,-7.73523,-7.73585
1746179177998,-7.6089,-7.61068,-7.61261,-7.61467,-7.61329,-7.62083
1746179178011,-7.44635,-7.44837,-7.45122,-7.44267,-7.45023,-7.45969
1746179178027,-7.32359,-7.3256,-7.32762,-7.32239,-7.3276,-7.33673
1746179178039,-7.16082,-7.16004,-7.16208,-7.15988,-7.1647,-7.16861
1746179178051,-7.03956,-7.03686,-7.03818,-7.04006,-7.0433,-7.04379
1746179178065,-6.91838,-6.91421,-6.91607,-6.92184,-6.92029,-6.91749
1746179178077,-6.79619,-6.7934,-6.79461,-6.79562,-6.79836,-6.78899
1746179178089,-6.67414,-6.67315,-6.67415,-6.67408,-6.67783,-6.66864
1746179178104,-6.55156,-6.55306,-6.55413,-6.55472,-6.55614,-6.55106
1746179178120,-6.39002,-6.39152,-6.39356,-6.3969,-6.39344,-6.39525
1746179178132,-6.22791,-6.22792,-6.22995,-6.22593,-6.23092,-6.23617
1746179178144,-6.10642,-6.10503,-6.10648,-6.10336,-6.10872,-6.1172
1746179178156,-5.98411,-5.98202,-5.98336,-5.98274,-5.98667,-5.99089
1746179178168,-5.86223,-5.85988,-5.86094,-5.86304,-5.86541,-5.86926
1746179178181,-5.73969,-5.73831,-5.73975,-5.74024,-5.74307,-5.74271
1746179178193,-5.61856,-5.61722,-5.61898,-5.61859,-5.6216,-5.61889
1746179178205,-5.4972,-5.49633,-5.49866,-5.49419,-5.50087,-5.49307
1746179178220,-5.37603,-5.3752,-5.3775,-5.37357,-5.37928,-5.37273
1746179178233,-5.21317,-5.21281,-5.21519,-5.22389,-5.21764,-5.21881
1746179178247,-5.09081,-5.0908,-5.09282,-5.10372,-5.09634,-5.10377
1746179178261,-4.92835,-4.92773,-4.92942,-4.93572,-4.93298,-4.94566
1746179178275,-4.80686,-4.80556,-4.80656,-4.81464,-4.81115,-4.81982
1746179178287,-4.68564,-4.6839,-4.68502,-4.69242,-4.68912,-4.69594
1746179178300,-4.56412,-4.56229,-4.56377,-4.56722,-4.5664,-4.56921
1746179178316,-4.40139,-4.40099,-4.40242,-4.40254,-4.40486,-4.40206
1746179178329,-4.27938,-4.27954,-4.28136,-4.27437,-4.28319,-4.27647
1746179178342,-4.15768,-4.15792,-4.16007,-4.14974,-4.16131,-4.15369
1746179178354,-3.99601,-3.99517,-3.9982,-3.99021,-3.99942,-3.99433
1746179178368,-3.87435,-3.87272,-3.87595,-3.87119,-3.87801,-3.87977
1746179178383,-3.75269,-3.75103,-3.75366,-3.74096,-3.75573,-3.7624
1746179178395,-3.58966,-3.5886,-3.59096,-3.58017,-3.59474,-3.60331
1746179178407,-3.46778,-3.46747,-3.46933,-3.46321,-3.47328,-3.47609
1746179178419,-3.34629,-3.34578,-3.34804,-3.34614,-3.35122,-3.35206
1746179178431,-3.22525,-3.22473,-3.22658,-3.22334,-3.23007,-3.22523
1746179178443,-3.10333,-3.10276,-3.1049,-3.10432,-3.10913,-3.10055
1746179178455,-2.98206,-2.98086,-2.98305,-2.98233,-2.98731,-2.97679
1746179178467,-2.85957,-2.85865,-2.86081,-2.85942,-2.86495,-2.85522
1746179178481,-2.73795,-2.73688,-2.73839,-2.74166,-2.7443,-2.73685
1746179178497,-2.57589,-2.57469,-2.57708,-2.5795,-2.58056,-2.57882
1746179178509,-2.4544,-2.45332,-2.45553,-2.45132,-2.45862,-2.45672
1746179178521,-2.33279,-2.33187,-2.33451,-2.32864,-2.33708,-2.33682
1746179178533,-2.21082,-2.21034,-2.21279,-2.20848,-2.21433,-2.2168
1746179178545,-2.08876,-2.08873,-2.09115,-2.0866,-2.09285,-2.09359
1746179178557,-1.96667,-1.96691,-1.96891,-1.96587,-1.97198,-1.96749
1746179178569,-1.84527,-1.84498,-1.84732,-1.84319,-1.84978,-1.84201
1746179178581,-1.72387,-1.72269,-1.72507,-1.72268,-1.72747,-1.71582
1746179178593,-1.60261,-1.601,-1.60322,-1.60366,-1.60619,-1.59597
1746179178606,-1.48064,-1.47906,-1.48185,-1.48762,-1.48461,-1.47896
1746179178617,-1.35872,-1.35781,-1.3606,-1.37123,-1.36253,-1.36145
1746179178629,-1.23693,-1.2362,-1.23901,-1.24466,-1.24137,-1.2453
1746179178641,-1.11527,-1.11487,-1.11738,-1.12118,-1.11878,-1.12446
1746179178653,-0.99361,-0.99318,-0.995876,-0.996666,-0.996639,-1.00018
1746179178665,-0.872215,-0.871328,-0.873587,-0.877075,-0.875854,-0.878296
1746179178677,-0.750248,-0.749316,-0.751474,-0.751419,-0.753701,-0.754453
1746179178691,-0.628808,-0.627343,-0.629403,-0.624275,-0.631374,-0.630581
1746179178705,-0.506402,-0.505531,-0.507376,-0.501366,-0.509486,-0.505748
1746179178717,-0.344204,-0.343303,-0.344761,-0.334282,-0.347444,-0.343599
1746179178730,-0.222501,-0.221731,-0.223345,-0.217209,-0.225581,-0.224662
1746179178742,-0.101412,-0.10036,-0.101841,-0.0987626,-0.104017,-0.105312
1746179178754,0.0207743,0.0212109,0.0193133,0.0280379,0.0180866,0.0110671
1746179178766,0.14239,0.142862,0.141078,0.147972,0.14029,0.132552
1746179178778,0.264576,0.264795,0.263062,0.266418,0.261522,0.255981
1746179178790,0.386104,0.386607,0.38474,0.380402,0.381304,0.378731
1746179178803,0.508027,0.508338,0.5062,0.500107,0.503092,0.504867
1746179178815,0.629511,0.62995,0.627965,0.623589,0.624889,0.628556
1746179178828,0.751126,0.751762,0.749119,0.745354,0.745699,0.752799
1746179178842,0.913631,0.914271,0.911778,0.908775,0.909001,0.915412
1746179178860,1.07614,1.07646,1.07492,1.06922,1.07089,1.07369
1746179178872,1.19758,1.19851,1.19673,1.19282,1.1927,1.19227
1746179178884,1.31924,1.31988,1.31853,1.31939,1.31551,1.31361
1746179178896,1.44085,1.44182,1.43973,1.44493,1.43726,1.43562
1746179178908,1.5626,1.56315,1.56145,1.56269,1.55758,1.55707
1746179178920,1.6843,1.6852,1.68287,1.67942,1.67909,1.67893
1746179178932,1.8064,1.80669,1.80437,1.80828,1.80167,1.80451
1746179178946,1.92815,1.92874,1.92583,1.93039,1.92324,1.92939
1746179178958,2.09061,2.09061,2.08753,2.09209,2.08668,2.09549
1746179178974,2.21165,2.21262,2.20925,2.21066,2.20845,2.21396
1746179178986,2.3742,2.37505,2.37239,2.36561,2.36928,2.3717
1746179178998,2.49547,2.49678,2.49468,2.48886,2.49259,2.49189
1746179179011,2.61783,2.61819,2.61632,2.61669,2.61391,2.61279
1746179179023,2.73892,2.73977,2.73778,2.73869,2.73486,2.73637
1746179179035,2.86124,2.86134,2.85976,2.85816,2.85683,2.85784
1746179179047,2.98241,2.98319,2.98122,2.98187,2.97918,2.98219
1746179179060,3.10447,3.10492,3.10303,3.11188,3.10052,3.10557
1746179179072,3.22595,3.22657,3.22479,3.23811,3.22344,3.2297
1746179179084,3.34809,3.34866,3.34669,3.35953,3.34602,3.35232
1746179179097,3.46984,3.4704,3.46824,3.48164,3.46606,3.47169
1746179179108,3.59141,3.59261,3.58987,3.60043,3.58851,3.59175
1746179179122,3.71281,3.71394,3.7115,3.7215,3.71053,3.71145
1746179179137,3.87509,3.87605,3.87347,3.88596,3.87132,3.86973
1746179179150,3.99675,3.99762,3.9951,4.00612,3.99334,3.99051
1746179179163,4.1185,4.11923,4.11691,4.11839,4.11439,4.11245
1746179179175,4.24012,4.24088,4.23885,4.2358,4.23542,4.2346
1746179179188,4.36186,4.3627,4.36048,4.3626,4.35779,4.35973
1746179179200,4.48374,4.48443,4.48225,4.48357,4.47993,4.4831
