timestamp,j1,j2,j3,j4,j5,j6
1746179154097,-2.95588,-2.95592,-2.95593,-2.95601,-2.95601,-2.95595
1746179154099,-2.95588,-2.95592,-2.95593,-2.95601,-2.95601,-2.95595
1746179154100,-2.95588,-2.95592,-2.95593,-2.95601,-2.95601,-2.95595
1746179154105,-2.82887,-2.8289,-2.82891,-2.82899,-2.82899,-2.82893
1746179154109,-2.70185,-2.70189,-2.70189,-2.70197,-2.70197,-2.70191
1746179154111,-2.57483,-2.57487,-2.57488,-2.57495,-2.57495,-2.57489
1746179154115,-2.44781,-2.44785,-2.44786,-2.44793,-2.44793,-2.44787
1746179154120,-2.32079,-2.32083,-2.32084,-2.32091,-2.32091,-2.32085
1746179154125,-2.19377,-2.19381,-2.19382,-2.19389,-2.19389,-2.19383
1746179154127,-2.06676,-2.06679,-2.0668,-2.06687,-2.06687,-2.06681
1746179154130,-1.93974,-1.93977,-1.93978,-1.93985,-1.93985,-1.93979
1746179154136,-1.81272,-1.81275,-1.81276,-1.81283,-1.81283,-1.81277
1746179154139,-1.6857,-1.68573,-1.68574,-1.68581,-1.68581,-1.68576
1746179154141,-1.55868,-1.55872,-1.55872,-1.55879,-1.55879,-1.55874
1746179154145,-1.43166,-1.4317,-1.43171,-1.43177,-1.43177,-1.43172
1746179154150,-1.30464,-1.30468,-1.30469,-1.30475,-1.30475,-1.3047
1746179154154,-1.17763,-1.17766,-1.17767,-1.17773,-1.17773,-1.17768
1746179154156,-1.05061,-1.05064,-1.05065,-1.05071,-1.05071,-1.05066
1746179154161,-0.923589,-0.923622,-0.92363,-0.923694,-0.923694,-0.923641
1746179154166,-0.79657,-0.796603,-0.796611,-0.796674,-0.796674,-0.796622
1746179154171,-0.669552,-0.669584,-0.669592,-0.669655,-0.669654,-0.669603
1746179154173,-0.542533,-0.542565,-0.542573,-0.542635,-0.542634,-0.542584
1746179154179,-0.415515,-0.415546,-0.415554,-0.415615,-0.415615,-0.415565
1746179154183,-0.288496,-0.288528,-0.288535,-0.288596,-0.288595,-0.288546
1746179154185,-0.161478,-0.161509,-0.161516,-0.161576,-0.161576,-0.161526
1746179154188,-0.0344594,-0.0344899,-0.0344973,-0.0345564,-0.0345559,-0.0345075
1746179154194,0.0925591,0.0925288,0.0925219,0.0924633,0.0924637,0.0925117
1746179154200,0.219578,0.219548,0.219541,0.219483,0.219484,0.219531
1746179154203,0.346596,0.346567,0.34656,0.346503,0.346503,0.34655
1746179154206,0.473614,0.473586,0.473579,0.473522,0.473523,0.473569
1746179154210,0.600633,0.600604,0.600598,0.600542,0.600543,0.600588
1746179154235,0.727652,0.727623,0.727617,0.727562,0.727562,0.727607
1746179154237,0.85467,0.854642,0.854635,0.854582,0.854582,0.854626
1746179154261,0.981688,0.981661,0.981654,0.981601,0.981602,0.981645
1746179154286,1.10871,1.10868,1.10867,1.10862,1.10862,1.10866
1746179154288,1.23573,1.2357,1.23569,1.23564,1.23564,1.23568
1746179154314,1.36274,1.36272,1.36271,1.36266,1.36266,1.3627
1746179154319,1.48976,1.48974,1.48973,1.48968,1.48968,1.48972
1746179154344,1.61678,1.61676,1.61675,1.6167,1.6167,1.61674
1746179154346,1.7438,1.74377,1.74377,1.74372,1.74372,1.74376
1746179154348,1.87082,1.87079,1.87079,1.87074,1.87074,1.87078
1746179154351,1.99784,1.99781,1.99781,1.99776,1.99776,1.9978
1746179154377,2.12485,2.12483,2.12482,2.12478,2.12478,2.12482
1746179154400,2.25187,2.25185,2.25184,2.2518,2.2518,2.25184
1746179154402,2.37889,2.37887,2.37886,2.37882,2.37882,2.37885
1746179154405,2.50591,2.50589,2.50588,2.50584,2.50584,2.50587
1746179154410,2.63293,2.63291,2.6329,2.63286,2.63286,2.63289
1746179154435,2.75995,2.75992,2.75992,2.75988,2.75988,2.75991
1746179154437,2.88697,2.88694,2.88694,2.8869,2.8869,2.88693
1746179154462,3.01398,3.01396,3.01396,3.01392,3.01392,3.01395
1746179154464,3.141,3.14098,3.14098,3.14094,3.14094,3.14097
1746179154489,3.26802,3.268,3.268,3.26796,3.26796,3.26799
1746179154491,3.39504,3.39502,3.39501,3.39498,3.39498,3.39501
1746179154517,3.52206,3.52204,3.52203,3.52199,3.522,3.52203
1746179154519,3.64908,3.64906,3.64905,3.64901,3.64902,3.64905
1746179154524,3.77609,3.77608,3.77607,3.77603,3.77603,3.77607
1746179154549,3.90311,3.90309,3.90309,3.90305,3.90305,3.90308
1746179154551,4.03013,4.03011,4.03011,4.03007,4.03007,4.0301
1746179154576,4.15715,4.15713,4.15713,4.15709,4.15709,4.15712
1746179154601,4.28417,4.28415,4.28415,4.28411,4.28411,4.28414
1746179154603,4.41119,4.41117,4.41117,4.41113,4.41113,4.41116
1746179154628,4.53821,4.53819,4.53819,4.53815,4.53815,4.53818
1746179154631,4.66522,4.66521,4.6652,4.66517,4.66517,4.6652
1746179154633,4.79224,4.79223,4.79222,4.79219,4.79219,4.79222
1746179154660,4.91926,4.91925,4.91924,4.91921,4.91921,4.91924
1746179154664,5.04628,5.04626,5.04626,5.04623,5.04623,5.04626
1746179154689,5.1733,5.17328,5.17328,5.17325,5.17325,5.17327
1746179154691,5.30032,5.3003,5.3003,5.30027,5.30027,5.30029
1746179154716,5.42734,5.42732,5.42732,5.42729,5.42729,5.42731
1746179154719,5.55435,5.55434,5.55434,5.55431,5.55431,5.55433
1746179154722,5.68137,5.68136,5.68136,5.68133,5.68133,5.68135
1746179154746,5.80839,5.80838,5.80837,5.80835,5.80835,5.80837
1746179154748,5.93541,5.9354,5.93539,5.93537,5.93537,5.93539
1746179154773,6.06243,6.06241,6.06241,6.06239,6.06239,6.06241
1746179154775,6.18945,6.18943,6.18943,6.18941,6.18941,6.18943
1746179154800,6.31646,6.31645,6.31645,6.31643,6.31643,6.31645
1746179154802,6.44348,6.44347,6.44347,6.44345,6.44345,6.44347
1746179154827,6.5705,6.57049,6.57049,6.57047,6.57047,6.57049
1746179154829,6.69752,6.69751,6.69751,6.69749,6.69749,6.6975
1746179154854,6.82454,6.82453,6.82453,6.82451,6.82451,6.82452
1746179154857,6.95156,6.95155,6.95154,6.95153,6.95153,6.95154
1746179154859,7.07858,7.07857,7.07856,7.07855,7.07855,7.07856
1746179154883,7.20559,7.20559,7.20558,7.20557,7.20557,7.20558
1746179154886,7.33261,7.3326,7.3326,7.33259,7.33259,7.3326
1746179154910,7.45963,7.45962,7.45962,7.45961,7.45961,7.45962
1746179154912,7.58665,7.58664,7.58664,7.58663,7.58663,7.58664
1746179154914,7.71367,7.71366,7.71366,7.71364,7.71364,7.71366
1746179154939,7.84069,7.84068,7.84068,7.84066,7.84066,7.84068
1746179154964,7.96771,7.9677,7.9677,7.96768,7.96768,7.96769
1746179154966,8.09472,8.09472,8.09472,8.0947,8.0947,8.09471
1746179154991,8.22174,8.22174,8.22173,8.22172,8.22172,8.22173
1746179154994,8.34876,8.34875,8.34875,8.34874,8.34874,8.34875
1746179154996,8.47578,8.47577,8.47577,8.47576,8.47576,8.47577
1746179155001,8.6028,8.60279,8.60279,8.60278,8.60278,8.60279
1746179155024,8.72982,8.72981,8.72981,8.7298,8.7298,8.72981
1746179155026,8.85683,8.85683,8.85683,8.85682,8.85682,8.85683
1746179155051,8.98385,8.98385,8.98385,8.98384,8.98384,8.98385
1746179155053,9.11087,9.11087,9.11087,9.11086,9.11086,9.11087
1746179155078,9.23789,9.23789,9.23789,9.23788,9.23788,9.23789
1746179155080,9.36491,9.3649,9.36491,9.3649,9.3649,9.3649
1746179155105,9.49193,9.49192,9.49192,9.49192,9.49192,9.49192
1746179155107,9.61895,9.61894,9.61894,9.61894,9.61894,9.61894
1746179155113,9.74596,9.74596,9.74596,9.74596,9.74596,9.74596
1746179155136,9.87298,9.87298,9.87298,9.87298,9.87298,9.87298
1746179155139,10,10,10,10,10,10
1746179155164,10,10,10,10,10,10
1746179155166,9.87421,9.87421,9.87421,9.87421,9.87421,9.87421
1746179155191,9.74843,9.74843,9.74843,9.74843,9.74843,9.74843
1746179155196,9.62264,9.62264,9.62264,9.62264,9.62264,9.62264
1746179155221,9.49686,9.49686,9.49686,9.49685,9.49685,9.49686
1746179155223,9.37107,9.37107,9.37107,9.37107,9.37107,9.37107
1746179155249,9.24528,9.24528,9.24528,9.24528,9.24528,9.24528
1746179155253,9.1195,9.1195,9.1195,9.1195,9.1195,9.1195
1746179155279,8.99371,8.99371,8.99371,8.99371,8.99371,8.99371
1746179155281,8.86792,8.86792,8.86792,8.86792,8.86792,8.86792
1746179155283,8.74214,8.74214,8.74214,8.74214,8.74214,8.74214
1746179155308,8.61635,8.61635,8.61635,8.61635,8.61635,8.61635
1746179155310,8.49057,8.49057,8.49057,8.49057,8.49057,8.49057
1746179155335,8.36478,8.36478,8.36478,8.36478,8.36478,8.36478
1746179155337,8.23899,8.23899,8.23899,8.23899,8.23899,8.23899
1746179155362,8.11321,8.11321,8.11321,8.11321,8.11321,8.11321
1746179155387,7.98742,7.98742,7.98742,7.98742,7.98742,7.98742
1746179155389,7.86164,7.86164,7.86164,7.86163,7.86163,7.86164
1746179155415,7.73585,7.73585,7.73585,7.73585,7.73585,7.73585
1746179155417,7.61006,7.61006,7.61006,7.61006,7.61006,7.61006
1746179155442,7.48428,7.48428,7.48428,7.48428,7.48428,7.48428
1746179155444,7.35849,7.35849,7.35849,7.35849,7.35849,7.35849
1746179155448,7.2327,7.2327,7.2327,7.2327,7.2327,7.2327
1746179155472,7.10692,7.10692,7.10692,7.10692,7.10692,7.10692
1746179155476,6.98113,6.98113,6.98113,6.98113,6.98113,6.98113
1746179155501,6.85535,6.85535,6.85535,6.85534,6.85534,6.85535
1746179155503,6.72956,6.72956,6.72956,6.72956,6.72956,6.72956
1746179155509,6.60377,6.60377,6.60377,6.60377,6.60377,6.60377
1746179155514,6.47799,6.47799,6.47799,6.47799,6.47799,6.47799
1746179155538,6.3522,6.3522,6.3522,6.3522,6.3522,6.3522
1746179155540,6.22641,6.22641,6.22641,6.22641,6.22641,6.22641
1746179155566,6.10063,6.10063,6.10063,6.10063,6.10063,6.10063
1746179155568,5.97484,5.97484,5.97484,5.97484,5.97484,5.97484
1746179155593,5.84906,5.84906,5.84906,5.84906,5.84906,5.84906
1746179155595,5.72327,5.72327,5.72327,5.72327,5.72327,5.72327
1746179155620,5.59748,5.59748,5.59748,5.59748,5.59748,5.59748
1746179155622,5.4717,5.4717,5.4717,5.4717,5.4717,5.4717
1746179155647,5.34591,5.34591,5.34591,5.34591,5.34591,5.34591
1746179155650,5.22013,5.22013,5.22013,5.22012,5.22012,5.22013
1746179155676,5.09434,5.09434,5.09434,5.09434,5.09434,5.09434
1746179155680,4.96855,4.96855,4.96855,4.96855,4.96855,4.96855
1746179155682,4.84277,4.84277,4.84277,4.84277,4.84277,4.84277
1746179155707,4.71698,4.71698,4.71698,4.71698,4.71698,4.71698
1746179155709,4.59119,4.59119,4.59119,4.59119,4.59119,4.59119
1746179155734,4.46541,4.46541,4.46541,4.46541,4.46541,4.46541
1746179155736,4.33962,4.33962,4.33962,4.33962,4.33962,4.33962
1746179155761,4.21384,4.21384,4.21384,4.21384,4.21384,4.21384
1746179155764,4.08805,4.08805,4.08805,4.08805,4.08805,4.08805
1746179155769,3.96226,3.96226,3.96226,3.96226,3.96226,3.96226
1746179155792,3.83648,3.83648,3.83648,3.83648,3.83648,3.83648
1746179155794,3.71069,3.71069,3.71069,3.71069,3.71069,3.71069
1746179155819,3.58491,3.58491,3.58491,3.5849,3.5849,3.58491
1746179155821,3.45912,3.45912,3.45912,3.45912,3.45912,3.45912
1746179155846,3.33333,3.33333,3.33333,3.33333,3.33333,3.33333
1746179155848,3.20755,3.20755,3.20755,3.20755,3.20755,3.20755
1746179155873,3.08176,3.08176,3.08176,3.08176,3.08176,3.08176
1746179155876,2.95597,2.95597,2.95597,2.95597,2.95597,2.95597
1746179155902,2.83019,2.83019,2.83019,2.83019,2.83019,2.83019
1746179155906,2.7044,2.7044,2.7044,2.7044,2.7044,2.7044
1746179155908,2.57862,2.57862,2.57862,2.57862,2.57862,2.57862
1746179155933,2.45283,2.45283,2.45283,2.45283,2.45283,2.45283
1746179155934,2.32704,2.32704,2.32704,2.32704,2.32704,2.32704
1746179155960,2.20126,2.20126,2.20126,2.20126,2.20126,2.20126
1746179155962,2.07547,2.07547,2.07547,2.07547,2.07547,2.07547
1746179155988,1.94969,1.94969,1.94969,1.94968,1.94968,1.94969
1746179155990,1.8239,1.8239,1.8239,1.8239,1.8239,1.8239
1746179155994,1.69811,1.69811,1.69811,1.69811,1.69811,1.69811
1746179156017,1.57233,1.57233,1.57233,1.57233,1.57233,1.57233
1746179156019,1.44654,1.44654,1.44654,1.44654,1.44654,1.44654
1746179156044,1.32075,1.32075,1.32075,1.32075,1.32075,1.32075
1746179156046,1.19497,1.19497,1.19497,1.19497,1.19497,1.19497
1746179156071,1.06918,1.06918,1.06918,1.06918,1.06918,1.06918
1746179156073,0.943396,0.943396,0.943396,0.943395,0.943395,0.943396
1746179156098,0.81761,0.81761,0.81761,0.817609,0.817609,0.81761
1746179156099,0.691823,0.691823,0.691823,0.691822,0.691822,0.691823
1746179156127,0.566037,0.566037,0.566037,0.566036,0.566036,0.566037
1746179156131,0.440251,0.440251,0.440251,0.44025,0.44025,0.440251
1746179156133,0.314465,0.314465,0.314465,0.314464,0.314464,0.314465
1746179156139,0.188679,0.188679,0.188679,0.188678,0.188678,0.188679
1746179156146,0.0628929,0.0628929,0.0628929,0.062892,0.062892,0.0628929
1746179156168,-0.0628939,-0.0628939,-0.0628939,-0.0628948,-0.0628948,-0.0628939
1746179156170,-0.18868,-0.18868,-0.18868,-0.188681,-0.188681,-0.18868
1746179156195,-0.314466,-0.314466,-0.314466,-0.314466,-0.314466,-0.314466
1746179156197,-0.440252,-0.440252,-0.440252,-0.440253,-0.440253,-0.440252
1746179156222,-0.566038,-0.566038,-0.566038,-0.566039,-0.566039,-0.566038
1746179156224,-0.691825,-0.691825,-0.691825,-0.691826,-0.691826,-0.691825
1746179156249,-0.817611,-0.817611,-0.817611,-0.817612,-0.817612,-0.817611
1746179156251,-0.943397,-0.943397,-0.943397,-0.943398,-0.943398,-0.943397
1746179156254,-1.06918,-1.06918,-1.06918,-1.06918,-1.06918,-1.06918
1746179156279,-1.19497,-1.19497,-1.19497,-1.19497,-1.19497,-1.19497
1746179156283,-1.32076,-1.32076,-1.32076,-1.32076,-1.32076,-1.32076
1746179156308,-1.44654,-1.44654,-1.44654,-1.44654,-1.44654,-1.44654
1746179156310,-1.57233,-1.57233,-1.57233,-1.57233,-1.57233,-1.57233
1746179156336,-1.69811,-1.69811,-1.69811,-1.69811,-1.69811,-1.69811
1746179156342,-1.8239,-1.8239,-1.8239,-1.8239,-1.8239,-1.8239
1746179156344,-1.94969,-1.94969,-1.94969,-1.94969,-1.94969,-1.94969
1746179156369,-2.07547,-2.07547,-2.07547,-2.07547,-2.07547,-2.07547
1746179156372,-2.20126,-2.20126,-2.20126,-2.20126,-2.20126,-2.20126
1746179156397,-2.32704,-2.32704,-2.32704,-2.32705,-2.32705,-2.32704
1746179156400,-2.45283,-2.45283,-2.45283,-2.45283,-2.45283,-2.45283
1746179156424,-2.57862,-2.57862,-2.57862,-2.57862,-2.57862,-2.57862
1746179156449,-2.7044,-2.7044,-2.7044,-2.7044,-2.7044,-2.7044
1746179156452,-2.83019,-2.83019,-2.83019,-2.83019,-2.83019,-2.83019
1746179156476,-2.95598,-2.95598,-2.95598,-2.95598,-2.95598,-2.95598
1746179156478,-3.08176,-3.08176,-3.08176,-3.08176,-3.08176,-3.08176
1746179156481,-3.20755,-3.20755,-3.20755,-3.20755,-3.20755,-3.20755
1746179156505,-3.33333,-3.33333,-3.33333,-3.33333,-3.33333,-3.33333
1746179156508,-3.45912,-3.45912,-3.45912,-3.45912,-3.45912,-3.45912
1746179156533,-3.58491,-3.58491,-3.58491,-3.58491,-3.58491,-3.58491
1746179156535,-3.71069,-3.71069,-3.71069,-3.71069,-3.71069,-3.71069
1746179156560,-3.83648,-3.83648,-3.83648,-3.83648,-3.83648,-3.83648
1746179156562,-3.96227,-3.96227,-3.96227,-3.96227,-3.96227,-3.96227
1746179156587,-4.08805,-4.08805,-4.08805,-4.08805,-4.08805,-4.08805
1746179156590,-4.21384,-4.21384,-4.21384,-4.21384,-4.21384,-4.21384
1746179156593,-4.33962,-4.33962,-4.33962,-4.33962,-4.33962,-4.33962
1746179156619,-4.46541,-4.46541,-4.46541,-4.46541,-4.46541,-4.46541
1746179156621,-4.5912,-4.5912,-4.5912,-4.5912,-4.5912,-4.5912
1746179156646,-4.71698,-4.71698,-4.71698,-4.71698,-4.71698,-4.71698
1746179156648,-4.84277,-4.84277,-4.84277,-4.84277,-4.84277,-4.84277
1746179156673,-4.96855,-4.96855,-4.96855,-4.96856,-4.96856,-4.96855
1746179156675,-5.09434,-5.09434,-5.09434,-5.09434,-5.09434,-5.09434
1746179156700,-5.22013,-5.22013,-5.22013,-5.22013,-5.22013,-5.22013
1746179156703,-5.34591,-5.34591,-5.34591,-5.34591,-5.34591,-5.34591
1746179156704,-5.4717,-5.4717,-5.4717,-5.4717,-5.4717,-5.4717
1746179156732,-5.59749,-5.59749,-5.59749,-5.59749,-5.59749,-5.59749
1746179156734,-5.72327,-5.72327,-5.72327,-5.72327,-5.72327,-5.72327
1746179156759,-5.84906,-5.84906,-5.84906,-5.84906,-5.84906,-5.84906
1746179156762,-5.97484,-5.97484,-5.97484,-5.97484,-5.97484,-5.97484
1746179156787,-6.10063,-6.10063,-6.10063,-6.10063,-6.10063,-6.10063
1746179156789,-6.22642,-6.22642,-6.22642,-6.22642,-6.22642,-6.22642
1746179156815,-6.3522,-6.3522,-6.3522,-6.3522,-6.3522,-6.3522
1746179156817,-6.47799,-6.47799,-6.47799,-6.47799,-6.47799,-6.47799
1746179156821,-6.60378,-6.60378,-6.60378,-6.60378,-6.60378,-6.60378
1746179156845,-6.72956,-6.72956,-6.72956,-6.72956,-6.72956,-6.72956
1746179156847,-6.85535,-6.85535,-6.85535,-6.85535,-6.85535,-6.85535
1746179156873,-6.98113,-6.98113,-6.98113,-6.98113,-6.98113,-6.98113
1746179156875,-7.10692,-7.10692,-7.10692,-7.10692,-7.10692,-7.10692
1746179156877,-7.23271,-7.23271,-7.23271,-7.23271,-7.23271,-7.23271
1746179156904,-7.35849,-7.35849,-7.35849,-7.35849,-7.35849,-7.35849
1746179156908,-7.48428,-7.48428,-7.48428,-7.48428,-7.48428,-7.48428
1746179156933,-7.61006,-7.61006,-7.61006,-7.61006,-7.61006,-7.61006
1746179156935,-7.73585,-7.73585,-7.73585,-7.73585,-7.73585,-7.73585
1746179156960,-7.86164,-7.86164,-7.86164,-7.86164,-7.86164,-7.86164
1746179156962,-7.98742,-7.98742,-7.98742,-7.98742,-7.98742,-7.98742
1746179156989,-8.11321,-8.11321,-8.11321,-8.11321,-8.11321,-8.11321
1746179156990,-8.23899,-8.23899,-8.23899,-8.239,-8.239,-8.23899
1746179156993,-8.36478,-8.36478,-8.36478,-8.36478,-8.36478,-8.36478
1746179157021,-8.49057,-8.49057,-8.49057,-8.49057,-8.49057,-8.49057
1746179157023,-8.61635,-8.61635,-8.61635,-8.61635,-8.61635,-8.61635
1746179157048,-8.74214,-8.74214,-8.74214,-8.74214,-8.74214,-8.74214
1746179157050,-8.86793,-8.86793,-8.86793,-8.86793,-8.86793,-8.86793
1746179157075,-8.99371,-8.99371,-8.99371,-8.99371,-8.99371,-8.99371
1746179157078,-9.1195,-9.1195,-9.1195,-9.1195,-9.1195,-9.1195
1746179157082,-9.24528,-9.24528,-9.24528,-9.24528,-9.24528,-9.24528
1746179157105,-9.37107,-9.37107,-9.37107,-9.37107,-9.37107,-9.37107
1746179157107,-9.49686,-9.49686,-9.49686,-9.49686,-9.49686,-9.49686
1746179157132,-9.62264,-9.62264,-9.62264,-9.62264,-9.62264,-9.62264
1746179157134,-9.74843,-9.74843,-9.74843,-9.74843,-9.74843,-9.74843
1746179157159,-9.87421,-9.87421,-9.87421,-9.87422,-9.87422,-9.87421
1746179157161,-10,-10,-10,-10,-10,-10
1746179157186,-10,-10,-10,-10,-10,-10
1746179157188,-9.87422,-9.87422,-9.87422,-9.87422,-9.87422,-9.87422
1746179157216,-9.74843,-9.74843,-9.74843,-9.74843,-9.74843,-9.74843
1746179157223,-9.62264,-9.62264,-9.62264,-9.62264,-9.62264,-9.62264
1746179157224,-9.49686,-9.49686,-9.49686,-9.49686,-9.49686,-9.49686
1746179157250,-9.37107,-9.37107,-9.37107,-9.37107,-9.37107,-9.37107
1746179157275,-9.24529,-9.24529,-9.24529,-9.24529,-9.24529,-9.24529
1746179157277,-9.1195,-9.1195,-9.1195,-9.1195,-9.1195,-9.1195
1746179157280,-8.99371,-8.99371,-8.99371,-8.99371,-8.99371,-8.99371
1746179157304,-8.86793,-8.86793,-8.86793,-8.86793,-8.86793,-8.86793
1746179157306,-8.74214,-8.74214,-8.74214,-8.74214,-8.74214,-8.74214
1746179157331,-8.61635,-8.61635,-8.61635,-8.61635,-8.61635,-8.61635
1746179157333,-8.49057,-8.49057,-8.49057,-8.49057,-8.49057,-8.49057
1746179157335,-8.36478,-8.36478,-8.36478,-8.36478,-8.36478,-8.36478
1746179157361,-8.239,-8.239,-8.239,-8.239,-8.239,-8.239
1746179157385,-8.11321,-8.11321,-8.11321,-8.11321,-8.11321,-8.11321
1746179157388,-7.98742,-7.98742,-7.98742,-7.98742,-7.98742,-7.98742
1746179157393,-7.86164,-7.86164,-7.86164,-7.86164,-7.86164,-7.86164
1746179157397,-7.73585,-7.73585,-7.73585,-7.73585,-7.73585,-7.73585
1746179157421,-7.61006,-7.61006,-7.61006,-7.61007,-7.61007,-7.61006
1746179157424,-7.48428,-7.48428,-7.48428,-7.48428,-7.48428,-7.48428
1746179157449,-7.35849,-7.35849,-7.35849,-7.35849,-7.35849,-7.35849
1746179157452,-7.23271,-7.23271,-7.23271,-7.23271,-7.23271,-7.23271
1746179157479,-7.10692,-7.10692,-7.10692,-7.10692,-7.10692,-7.10692
1746179157481,-6.98113,-6.98113,-6.98113,-6.98113,-6.98113,-6.98113
1746179157484,-6.85535,-6.85535,-6.85535,-6.85535,-6.85535,-6.85535
1746179157509,-6.72956,-6.72956,-6.72956,-6.72956,-6.72956,-6.72956
1746179157514,-6.60378,-6.60378,-6.60378,-6.60378,-6.60378,-6.60378
1746179157516,-6.47799,-6.47799,-6.47799,-6.47799,-6.47799,-6.47799
1746179157543,-6.3522,-6.3522,-6.3522,-6.3522,-6.3522,-6.3522
1746179157547,-6.22642,-6.22642,-6.22642,-6.22642,-6.22642,-6.22642
1746179157573,-6.10063,-6.10063,-6.10063,-6.10063,-6.10063,-6.10063
1746179157598,-5.97484,-5.97484,-5.97484,-5.97484,-5.97484,-5.97484
1746179157601,-5.84906,-5.84906,-5.84906,-5.84906,-5.84906,-5.84906
1746179157603,-5.72327,-5.72327,-5.72327,-5.72327,-5.72327,-5.72327
1746179157628,-5.59749,-5.59749,-5.59749,-5.59749,-5.59749,-5.59749
1746179157631,-5.4717,-5.4717,-5.4717,-5.4717,-5.4717,-5.4717
1746179157655,-5.34591,-5.34591,-5.34591,-5.34591,-5.34591,-5.34591
1746179157658,-5.22013,-5.22013,-5.22013,-5.22013,-5.22013,-5.22013
1746179157684,-5.09434,-5.09434,-5.09434,-5.09434,-5.09434,-5.09434
1746179157686,-4.96855,-4.96855,-4.96855,-4.96856,-4.96856,-4.96855
1746179157711,-4.84277,-4.84277,-4.84277,-4.84277,-4.84277,-4.84277
1746179157714,-4.71698,-4.71698,-4.71698,-4.71698,-4.71698,-4.71698
1746179157720,-4.5912,-4.5912,-4.5912,-4.5912,-4.5912,-4.5912
1746179157744,-4.46541,-4.46541,-4.46541,-4.46541,-4.46541,-4.46541
1746179157746,-4.33962,-4.33962,-4.33962,-4.33962,-4.33962,-4.33962
1746179157772,-4.21384,-4.21384,-4.21384,-4.21384,-4.21384,-4.21384
1746179157774,-4.08805,-4.08805,-4.08805,-4.08805,-4.08805,-4.08805
1746179157799,-3.96227,-3.96227,-3.96227,-3.96227,-3.96227,-3.96227
1746179157800,-3.83648,-3.83648,-3.83648,-3.83648,-3.83648,-3.83648
1746179157825,-3.71069,-3.71069,-3.71069,-3.71069,-3.71069,-3.71069
1746179157828,-3.58491,-3.58491,-3.58491,-3.58491,-3.58491,-3.58491
1746179157833,-3.45912,-3.45912,-3.45912,-3.45912,-3.45912,-3.45912
1746179157858,-3.33333,-3.33333,-3.33333,-3.33333,-3.33333,-3.33333
1746179157860,-3.20755,-3.20755,-3.20755,-3.20755,-3.20755,-3.20755
1746179157888,-3.08176,-3.08176,-3.08176,-3.08176,-3.08176,-3.08176
1746179157891,-2.95598,-2.95598,-2.95598,-2.95598,-2.95598,-2.95598
1746179157893,-2.83019,-2.83019,-2.83019,-2.83019,-2.83019,-2.83019
1746179157921,-2.7044,-2.7044,-2.7044,-2.7044,-2.7044,-2.7044
1746179157926,-2.57862,-2.57862,-2.57862,-2.57862,-2.57862,-2.57862
1746179157949,-2.45283,-2.45283,-2.45283,-2.45283,-2.45283,-2.45283
1746179157952,-2.32705,-2.32705,-2.32705,-2.32705,-2.32705,-2.32705
1746179157958,-2.20126,-2.20126,-2.20126,-2.20126,-2.20126,-2.20126
1746179157981,-2.07547,-2.07547,-2.07547,-2.07547,-2.07547,-2.07547
1746179157983,-1.94969,-1.94969,-1.94969,-1.94969,-1.94969,-1.94969
1746179158008,-1.8239,-1.8239,-1.8239,-1.8239,-1.8239,-1.8239
1746179158010,-1.69811,-1.69811,-1.69811,-1.69811,-1.69811,-1.69811
1746179158035,-1.57233,-1.57233,-1.57233,-1.57233,-1.57233,-1.57233
1746179158037,-1.44654,-1.44654,-1.44654,-1.44654,-1.44654,-1.44654
1746179158064,-1.32076,-1.32076,-1.32076,-1.32076,-1.32076,-1.32076
1746179158069,-1.19497,-1.19497,-1.19497,-1.19497,-1.19497,-1.19497
1746179158071,-1.06918,-1.06918,-1.06918,-1.06918,-1.06918,-1.06918
1746179158096,-0.943398,-0.943398,-0.943398,-0.943398,-0.943398,-0.943398
1746179158098,-0.817612,-0.817612,-0.817612,-0.817612,-0.817612,-0.817612
1746179158122,-0.691825,-0.691825,-0.691825,-0.691825,-0.691825,-0.691825
1746179158125,-0.566039,-0.566039,-0.566039,-0.566039,-0.566039,-0.566039
1746179158127,-0.440253,-0.440253,-0.440253,-0.440253,-0.440253,-0.440253
1746179158131,-0.314466,-0.314466,-0.314466,-0.314466,-0.314466,-0.314466
1746179158155,-0.188681,-0.188681,-0.188681,-0.188681,-0.188681,-0.188681
1746179158158,-0.0628948,-0.0628948,-0.0628948,-0.0628939,-0.0628939,-0.0628948
1746179158182,0.062892,0.062892,0.062892,0.062892,0.062892,0.062892
1746179158185,0.188678,0.188678,0.188678,0.188678,0.188678,0.188678
1746179158210,0.314464,0.314464,0.314464,0.314465,0.314465,0.314464
1746179158212,0.44025,0.44025,0.44025,0.44025,0.44025,0.44025
1746179158237,0.566036,0.566036,0.566036,0.566037,0.566037,0.566036
1746179158240,0.691823,0.691823,0.691823,0.691823,0.691823,0.691823
1746179158245,0.817609,0.817609,0.817609,0.817609,0.817609,0.817609
1746179158269,0.943395,0.943395,0.943395,0.943396,0.943396,0.943395
1746179158294,1.06918,1.06918,1.06918,1.06918,1.06918,1.06918
1746179158296,1.19497,1.19497,1.19497,1.19497,1.19497,1.19497
1746179158300,1.32075,1.32075,1.32075,1.32075,1.32075,1.32075
1746179158326,1.44654,1.44654,1.44654,1.44654,1.44654,1.44654
1746179158328,1.57233,1.57233,1.57233,1.57233,1.57233,1.57233
1746179158352,1.69811,1.69811,1.69811,1.69811,1.69811,1.69811
1746179158355,1.8239,1.8239,1.8239,1.8239,1.8239,1.8239
1746179158357,1.94968,1.94968,1.94968,1.94969,1.94969,1.94968
1746179158382,2.07547,2.07547,2.07547,2.07547,2.07547,2.07547
1746179158384,2.20126,2.20126,2.20126,2.20126,2.20126,2.20126
1746179158409,2.32704,2.32704,2.32704,2.32704,2.32704,2.32704
1746179158434,2.45283,2.45283,2.45283,2.45283,2.45283,2.45283
1746179158436,2.57862,2.57862,2.57862,2.57862,2.57862,2.57862
1746179158461,2.7044,2.7044,2.7044,2.7044,2.7044,2.7044
1746179158464,2.83019,2.83019,2.83019,2.83019,2.83019,2.83019
1746179158470,2.95597,2.95597,2.95597,2.95597,2.95597,2.95597
1746179158493,3.08176,3.08176,3.08176,3.08176,3.08176,3.08176
1746179158495,3.20755,3.20755,3.20755,3.20755,3.20755,3.20755
1746179158520,3.33333,3.33333,3.33333,3.33333,3.33333,3.33333
1746179158522,3.45912,3.45912,3.45912,3.45912,3.45912,3.45912
1746179158547,3.5849,3.5849,3.5849,3.5849,3.5849,3.5849
1746179158549,3.71069,3.71069,3.71069,3.71069,3.71069,3.71069
1746179158574,3.83648,3.83648,3.83648,3.83648,3.83648,3.83648
1746179158577,3.96226,3.96226,3.96226,3.96226,3.96226,3.96226
1746179158583,4.08805,4.08805,4.08805,4.08805,4.08805,4.08805
1746179158606,4.21384,4.21384,4.21384,4.21384,4.21384,4.21384
1746179158608,4.33962,4.33962,4.33962,4.33962,4.33962,4.33962
1746179158633,4.46541,4.46541,4.46541,4.46541,4.46541,4.46541
1746179158635,4.59119,4.59119,4.59119,4.5912,4.5912,4.59119
1746179158660,4.71698,4.71698,4.71698,4.71698,4.71698,4.71698
1746179158662,4.84277,4.84277,4.84277,4.84277,4.84277,4.84277
1746179158687,4.96855,4.96855,4.96855,4.96855,4.96855,4.96855
1746179158690,5.09434,5.09434,5.09434,5.09434,5.09434,5.09434
1746179158692,5.22012,5.22012,5.22012,5.22013,5.22013,5.22012
1746179158717,5.34591,5.34591,5.34591,5.34591,5.34591,5.34591
1746179158719,5.4717,5.4717,5.4717,5.4717,5.4717,5.4717
1746179158744,5.59748,5.59748,5.59748,5.59748,5.59748,5.59748
1746179158746,5.72327,5.72327,5.72327,5.72327,5.72327,5.72327
1746179158771,5.84906,5.84906,5.84906,5.84906,5.84906,5.84906
1746179158773,5.97484,5.97484,5.97484,5.97484,5.97484,5.97484
1746179158799,6.10063,6.10063,6.10063,6.10063,6.10063,6.10063
1746179158800,6.22641,6.22641,6.22641,6.22641,6.22641,6.22641
1746179158825,6.3522,6.3522,6.3522,6.3522,6.3522,6.3522
1746179158828,6.47799,6.47799,6.47799,6.47799,6.47799,6.47799
1746179158830,6.60377,6.60377,6.60377,6.60377,6.60377,6.60377
1746179158854,6.72956,6.72956,6.72956,6.72956,6.72956,6.72956
1746179158856,6.85534,6.85534,6.85534,6.85535,6.85535,6.85534
1746179158881,6.98113,6.98113,6.98113,6.98113,6.98113,6.98113
1746179158883,7.10692,7.10692,7.10692,7.10692,7.10692,7.10692
1746179158908,7.2327,7.2327,7.2327,7.23271,7.23271,7.2327
1746179158910,7.35849,7.35849,7.35849,7.35849,7.35849,7.35849
1746179158935,7.48428,7.48428,7.48428,7.48428,7.48428,7.48428
1746179158937,7.61006,7.61006,7.61006,7.61006,7.61006,7.61006
1746179158962,7.73585,7.73585,7.73585,7.73585,7.73585,7.73585
1746179158965,7.86164,7.86164,7.86164,7.86164,7.86164,7.86164
1746179158971,7.98742,7.98742,7.98742,7.98742,7.98742,7.98742
1746179158993,8.11321,8.11321,8.11321,8.11321,8.11321,8.11321
1746179158995,8.23899,8.23899,8.23899,8.23899,8.23899,8.23899
1746179159020,8.36478,8.36478,8.36478,8.36478,8.36478,8.36478
1746179159022,8.49056,8.49056,8.49056,8.49057,8.49057,8.49056
1746179159047,8.61635,8.61635,8.61635,8.61635,8.61635,8.61635
1746179159049,8.74214,8.74214,8.74214,8.74214,8.74214,8.74214
1746179159074,8.86792,8.86792,8.86792,8.86792,8.86792,8.86792
1746179159077,8.99371,8.99371,8.99371,8.99371,8.99371,8.99371
1746179159080,9.1195,9.1195,9.1195,9.1195,9.1195,9.1195
1746179159105,9.24528,9.24528,9.24528,9.24528,9.24528,9.24528
1746179159107,9.37107,9.37107,9.37107,9.37107,9.37107,9.37107
1746179159132,9.49685,9.49685,9.49685,9.49686,9.49686,9.49685
1746179159134,9.62264,9.62264,9.62264,9.62264,9.62264,9.62264
1746179159159,9.74843,9.74843,9.74843,9.74843,9.74843,9.74843
1746179159161,9.87421,9.87421,9.87421,9.87422,9.87422,9.87421
1746179159186,10,10,10,10,10,10
1746179159188,10,10,10,10,10,10
1746179159214,9.87421,9.87421,9.87421,9.87422,9.87422,9.87421
1746179159216,9.74843,9.74843,9.74843,9.74843,9.74843,9.74843
1746179159220,9.62264,9.62264,9.62264,9.62264,9.62264,9.62264
1746179159247,9.49686,9.49686,9.49686,9.49686,9.49686,9.49686
1746179159250,9.37107,9.37107,9.37107,9.37107,9.37107,9.37107
1746179159252,9.24528,9.24528,9.24528,9.24528,9.24528,9.24528
1746179159278,9.1195,9.1195,9.1195,9.1195,9.1195,9.1195
1746179159303,8.99371,8.99371,8.99371,8.99371,8.99371,8.99371
1746179159304,8.86792,8.86792,8.86792,8.86793,8.86793,8.86792
1746179159310,8.74214,8.74214,8.74214,8.74214,8.74214,8.74214
1746179159333,8.61635,8.61635,8.61635,8.61635,8.61635,8.61635
1746179159335,8.49057,8.49057,8.49057,8.49057,8.49057,8.49057
1746179159361,8.36478,8.36478,8.36478,8.36478,8.36478,8.36478
1746179159364,8.23899,8.23899,8.23899,8.23899,8.23899,8.23899
1746179159389,8.11321,8.11321,8.11321,8.11321,8.11321,8.11321
1746179159414,7.98742,7.98742,7.98742,7.98742,7.98742,7.98742
1746179159416,7.86164,7.86164,7.86164,7.86164,7.86164,7.86164
1746179159419,7.73585,7.73585,7.73585,7.73585,7.73585,7.73585
1746179159445,7.61006,7.61006,7.61006,7.61006,7.61006,7.61006
1746179159449,7.48428,7.48428,7.48428,7.48428,7.48428,7.48428
1746179159474,7.35849,7.35849,7.35849,7.35849,7.35849,7.35849
1746179159477,7.2327,7.2327,7.2327,7.23271,7.23271,7.2327
1746179159479,7.10692,7.10692,7.10692,7.10692,7.10692,7.10692
1746179159504,6.98113,6.98113,6.98113,6.98113,6.98113,6.98113
1746179159506,6.85535,6.85535,6.85535,6.85535,6.85535,6.85535
1746179159508,6.72956,6.72956,6.72956,6.72956,6.72956,6.72956
1746179159534,6.60377,6.60377,6.60377,6.60377,6.60377,6.60377
1746179159536,6.47799,6.47799,6.47799,6.47799,6.47799,6.47799
1746179159561,6.3522,6.3522,6.3522,6.3522,6.3522,6.3522
1746179159562,6.22641,6.22641,6.22641,6.22642,6.22642,6.22641
1746179159588,6.10063,6.10063,6.10063,6.10063,6.10063,6.10063
1746179159591,5.97484,5.97484,5.97484,5.97484,5.97484,5.97484
1746179159616,5.84906,5.84906,5.84906,5.84906,5.84906,5.84906
1746179159618,5.72327,5.72327,5.72327,5.72327,5.72327,5.72327
1746179159644,5.59748,5.59748,5.59748,5.59749,5.59749,5.59748
1746179159646,5.4717,5.4717,5.4717,5.4717,5.4717,5.4717
1746179159671,5.34591,5.34591,5.34591,5.34591,5.34591,5.34591
1746179159673,5.22013,5.22013,5.22013,5.22013,5.22013,5.22013
1746179159679,5.09434,5.09434,5.09434,5.09434,5.09434,5.09434
1746179159702,4.96855,4.96855,4.96855,4.96855,4.96855,4.96855
1746179159704,4.84277,4.84277,4.84277,4.84277,4.84277,4.84277
1746179159729,4.71698,4.71698,4.71698,4.71698,4.71698,4.71698
1746179159731,4.59119,4.59119,4.59119,4.5912,4.5912,4.59119
1746179159756,4.46541,4.46541,4.46541,4.46541,4.46541,4.46541
1746179159759,4.33962,4.33962,4.33962,4.33962,4.33962,4.33962
1746179159761,4.21384,4.21384,4.21384,4.21384,4.21384,4.21384
1746179159786,4.08805,4.08805,4.08805,4.08805,4.08805,4.08805
1746179159788,3.96226,3.96226,3.96226,3.96227,3.96227,3.96226
1746179159814,3.83648,3.83648,3.83648,3.83648,3.83648,3.83648
1746179159816,3.71069,3.71069,3.71069,3.71069,3.71069,3.71069
1746179159841,3.58491,3.58491,3.58491,3.58491,3.58491,3.58491
1746179159843,3.45912,3.45912,3.45912,3.45912,3.45912,3.45912
1746179159869,3.33333,3.33333,3.33333,3.33333,3.33333,3.33333
1746179159871,3.20755,3.20755,3.20755,3.20755,3.20755,3.20755
1746179159874,3.08176,3.08176,3.08176,3.08176,3.08176,3.08176
1746179159899,2.95597,2.95597,2.95597,2.95598,2.95598,2.95597
1746179159902,2.83019,2.83019,2.83019,2.83019,2.83019,2.83019
1746179159926,2.7044,2.7044,2.7044,2.7044,2.7044,2.7044
1746179159928,2.57862,2.57862,2.57862,2.57862,2.57862,2.57862
1746179159954,2.45283,2.45283,2.45283,2.45283,2.45283,2.45283
1746179159956,2.32704,2.32704,2.32704,2.32704,2.32704,2.32704
1746179159981,2.20126,2.20126,2.20126,2.20126,2.20126,2.20126
1746179159984,2.07547,2.07547,2.07547,2.07547,2.07547,2.07547
1746179159987,1.94969,1.94969,1.94969,1.94969,1.94969,1.94969
1746179160011,1.8239,1.8239,1.8239,1.8239,1.8239,1.8239
1746179160013,1.69811,1.69811,1.69811,1.69811,1.69811,1.69811
1746179160038,1.57233,1.57233,1.57233,1.57233,1.57233,1.57233
1746179160040,1.44654,1.44654,1.44654,1.44654,1.44654,1.44654
1746179160065,1.32075,1.32075,1.32075,1.32076,1.32076,1.32075
1746179160067,1.19497,1.19497,1.19497,1.19497,1.19497,1.19497
1746179160092,1.06918,1.06918,1.06918,1.06918,1.06918,1.06918
1746179160094,0.943396,0.943396,0.943396,0.943397,0.943397,0.943396
1746179160119,0.81761,0.81761,0.81761,0.817611,0.817611,0.81761
1746179160121,0.691823,0.691823,0.691823,0.691824,0.691824,0.691823
1746179160124,0.566037,0.566037,0.566037,0.566038,0.566038,0.566037
1746179160150,0.440251,0.440251,0.440251,0.440252,0.440252,0.440251
1746179160152,0.314465,0.314465,0.314465,0.314466,0.314466,0.314465
1746179160177,0.188679,0.188679,0.188679,0.18868,0.18868,0.188679
1746179160179,0.0628929,0.0628929,0.0628929,0.0628939,0.0628939,0.0628929
1746179160181,-0.0628939,-0.0628939,-0.0628939,-0.0628929,-0.0628929,-0.0628939
1746179160206,-0.18868,-0.18868,-0.18868,-0.188679,-0.188679,-0.18868
1746179160207,-0.314466,-0.314466,-0.314466,-0.314465,-0.314465,-0.314466
1746179160234,-0.440252,-0.440252,-0.440252,-0.440251,-0.440251,-0.440252
1746179160236,-0.566038,-0.566038,-0.566038,-0.566037,-0.566037,-0.566038
1746179160238,-0.691825,-0.691825,-0.691825,-0.691824,-0.691824,-0.691825
1746179160263,-0.817611,-0.817611,-0.817611,-0.81761,-0.81761,-0.817611
1746179160265,-0.943397,-0.943397,-0.943397,-0.943396,-0.943396,-0.943397
1746179160290,-1.06918,-1.06918,-1.06918,-1.06918,-1.06918,-1.06918
1746179160314,-1.19497,-1.19497,-1.19497,-1.19497,-1.19497,-1.19497
1746179160316,-1.32076,-1.32076,-1.32076,-1.32075,-1.32075,-1.32076
1746179160319,-1.44654,-1.44654,-1.44654,-1.44654,-1.44654,-1.44654
1746179160346,-1.57233,-1.57233,-1.57233,-1.57233,-1.57233,-1.57233
1746179160350,-1.69811,-1.69811,-1.69811,-1.69811,-1.69811,-1.69811
1746179160352,-1.8239,-1.8239,-1.8239,-1.8239,-1.8239,-1.8239
1746179160378,-1.94969,-1.94969,-1.94969,-1.94969,-1.94969,-1.94969
1746179160382,-2.07547,-2.07547,-2.07547,-2.07547,-2.07547,-2.07547
1746179160384,-2.20126,-2.20126,-2.20126,-2.20126,-2.20126,-2.20126
1746179160411,-2.32704,-2.32704,-2.32704,-2.32704,-2.32704,-2.32704
1746179160435,-2.45283,-2.45283,-2.45283,-2.45283,-2.45283,-2.45283
1746179160438,-2.57862,-2.57862,-2.57862,-2.57862,-2.57862,-2.57862
1746179160463,-2.7044,-2.7044,-2.7044,-2.7044,-2.7044,-2.7044
1746179160465,-2.83019,-2.83019,-2.83019,-2.83019,-2.83019,-2.83019
1746179160491,-2.95598,-2.95598,-2.95598,-2.95597,-2.95597,-2.95598
1746179160493,-3.08176,-3.08176,-3.08176,-3.08176,-3.08176,-3.08176
1746179160517,-3.20755,-3.20755,-3.20755,-3.20755,-3.20755,-3.20755
1746179160520,-3.33333,-3.33333,-3.33333,-3.33333,-3.33333,-3.33333
1746179160544,-3.45912,-3.45912,-3.45912,-3.45912,-3.45912,-3.45912
1746179160546,-3.58491,-3.58491,-3.58491,-3.58491,-3.58491,-3.58491
1746179160573,-3.71069,-3.71069,-3.71069,-3.71069,-3.71069,-3.71069
1746179160575,-3.83648,-3.83648,-3.83648,-3.83648,-3.83648,-3.83648
1746179160579,-3.96227,-3.96227,-3.96227,-3.96226,-3.96226,-3.96227
1746179160603,-4.08805,-4.08805,-4.08805,-4.08805,-4.08805,-4.08805
1746179160605,-4.21384,-4.21384,-4.21384,-4.21384,-4.21384,-4.21384
1746179160629,-4.33962,-4.33962,-4.33962,-4.33962,-4.33962,-4.33962
1746179160632,-4.46541,-4.46541,-4.46541,-4.46541,-4.46541,-4.46541
1746179160657,-4.5912,-4.5912,-4.5912,-4.5912,-4.5912,-4.5912
1746179160659,-4.71698,-4.71698,-4.71698,-4.71698,-4.71698,-4.71698
1746179160683,-4.84277,-4.84277,-4.84277,-4.84277,-4.84277,-4.84277
1746179160687,-4.96855,-4.96855,-4.96855,-4.96855,-4.96855,-4.96855
1746179160691,-5.09434,-5.09434,-5.09434,-5.09434,-5.09434,-5.09434
1746179160715,-5.22013,-5.22013,-5.22013,-5.22013,-5.22013,-5.22013
1746179160717,-5.34591,-5.34591,-5.34591,-5.34591,-5.34591,-5.34591
1746179160742,-5.4717,-5.4717,-5.4717,-5.4717,-5.4717,-5.4717
1746179160745,-5.59749,-5.59749,-5.59749,-5.59748,-5.59748,-5.59749
1746179160770,-5.72327,-5.72327,-5.72327,-5.72327,-5.72327,-5.72327
1746179160771,-5.84906,-5.84906,-5.84906,-5.84906,-5.84906,-5.84906
1746179160797,-5.97484,-5.97484,-5.97484,-5.97484,-5.97484,-5.97484
1746179160800,-6.10063,-6.10063,-6.10063,-6.10063,-6.10063,-6.10063
1746179160806,-6.22642,-6.22642,-6.22642,-6.22641,-6.22641,-6.22642
1746179160828,-6.3522,-6.3522,-6.3522,-6.3522,-6.3522,-6.3522
1746179160830,-6.47799,-6.47799,-6.47799,-6.47799,-6.47799,-6.47799
1746179160855,-6.60378,-6.60378,-6.60378,-6.60377,-6.60377,-6.60378
1746179160858,-6.72956,-6.72956,-6.72956,-6.72956,-6.72956,-6.72956
1746179160883,-6.85535,-6.85535,-6.85535,-6.85535,-6.85535,-6.85535
1746179160884,-6.98113,-6.98113,-6.98113,-6.98113,-6.98113,-6.98113
1746179160910,-7.10692,-7.10692,-7.10692,-7.10692,-7.10692,-7.10692
1746179160913,-7.23271,-7.23271,-7.23271,-7.23271,-7.23271,-7.23271
1746179160919,-7.35849,-7.35849,-7.35849,-7.35849,-7.35849,-7.35849
1746179160941,-7.48428,-7.48428,-7.48428,-7.48428,-7.48428,-7.48428
1746179160943,-7.61006,-7.61006,-7.61006,-7.61006,-7.61006,-7.61006
1746179160968,-7.73585,-7.73585,-7.73585,-7.73585,-7.73585,-7.73585
1746179160971,-7.86164,-7.86164,-7.86164,-7.86164,-7.86164,-7.86164
1746179160973,-7.98742,-7.98742,-7.98742,-7.98742,-7.98742,-7.98742
1746179161001,-8.11321,-8.11321,-8.11321,-8.11321,-8.11321,-8.11321
1746179161003,-8.23899,-8.23899,-8.23899,-8.23899,-8.23899,-8.23899
1746179161028,-8.36478,-8.36478,-8.36478,-8.36478,-8.36478,-8.36478
1746179161030,-8.49057,-8.49057,-8.49057,-8.49057,-8.49057,-8.49057
1746179161055,-8.61635,-8.61635,-8.61635,-8.61635,-8.61635,-8.61635
1746179161057,-8.74214,-8.74214,-8.74214,-8.74214,-8.74214,-8.74214
1746179161081,-8.86793,-8.86793,-8.86793,-8.86792,-8.86792,-8.86793
1746179161084,-8.99371,-8.99371,-8.99371,-8.99371,-8.99371,-8.99371
1746179161086,-9.1195,-9.1195,-9.1195,-9.1195,-9.1195,-9.1195
1746179161113,-9.24528,-9.24528,-9.24528,-9.24528,-9.24528,-9.24528
1746179161115,-9.37107,-9.37107,-9.37107,-9.37107,-9.37107,-9.37107
1746179161140,-9.49686,-9.49686,-9.49686,-9.49686,-9.49686,-9.49686
1746179161142,-9.62264,-9.62264,-9.62264,-9.62264,-9.62264,-9.62264
1746179161166,-9.74843,-9.74843,-9.74843,-9.74843,-9.74843,-9.74843
1746179161169,-9.87421,-9.87421,-9.87421,-9.87421,-9.87421,-9.87421
1746179161193,-10,-10,-10,-10,-10,-10
1746179161196,-10,-10,-10,-10,-10,-10
1746179161221,-9.87422,-9.87422,-9.87422,-9.87422,-9.87422,-9.87422
1746179161224,-9.74843,-9.74843,-9.74843,-9.74843,-9.74843,-9.74843
1746179161227,-9.62264,-9.62264,-9.62264,-9.62264,-9.62264,-9.62264
1746179161253,-9.49686,-9.49686,-9.49686,-9.49686,-9.49686,-9.49686
1746179161278,-9.37107,-9.37107,-9.37107,-9.37107,-9.37107,-9.37107
1746179161280,-9.24529,-9.24529,-9.24529,-9.24528,-9.24528,-9.24529
1746179161306,-9.1195,-9.1195,-9.1195,-9.1195,-9.1195,-9.1195
1746179161308,-8.99371,-8.99371,-8.99371,-8.99371,-8.99371,-8.99371
1746179161332,-8.86793,-8.86793,-8.86793,-8.86793,-8.86793,-8.86793
1746179161335,-8.74214,-8.74214,-8.74214,-8.74214,-8.74214,-8.74214
1746179161337,-8.61635,-8.61635,-8.61635,-8.61635,-8.61635,-8.61635
1746179161362,-8.49057,-8.49057,-8.49057,-8.49057,-8.49057,-8.49057
1746179161364,-8.36478,-8.36478,-8.36478,-8.36478,-8.36478,-8.36478
1746179161366,-8.239,-8.239,-8.239,-8.23899,-8.23899,-8.239
1746179161393,-8.11321,-8.11321,-8.11321,-8.11321,-8.11321,-8.11321
1746179161415,-7.98742,-7.98742,-7.98742,-7.98742,-7.98742,-7.98742
1746179161418,-7.86164,-7.86164,-7.86164,-7.86164,-7.86164,-7.86164
1746179161420,-7.73585,-7.73585,-7.73585,-7.73585,-7.73585,-7.73585
1746179161444,-7.61006,-7.61006,-7.61006,-7.61006,-7.61006,-7.61006
1746179161469,-7.48428,-7.48428,-7.48428,-7.48428,-7.48428,-7.48428
1746179161472,-7.35849,-7.35849,-7.35849,-7.35849,-7.35849,-7.35849
1746179161476,-7.23271,-7.23271,-7.23271,-7.23271,-7.23271,-7.23271
1746179161481,-7.10692,-7.10692,-7.10692,-7.10692,-7.10692,-7.10692
1746179161504,-6.98113,-6.98113,-6.98113,-6.98113,-6.98113,-6.98113
1746179161507,-6.85535,-6.85535,-6.85535,-6.85535,-6.85535,-6.85535
1746179161532,-6.72956,-6.72956,-6.72956,-6.72956,-6.72956,-6.72956
1746179161534,-6.60378,-6.60378,-6.60378,-6.60377,-6.60377,-6.60378
1746179161559,-6.47799,-6.47799,-6.47799,-6.47799,-6.47799,-6.47799
1746179161561,-6.3522,-6.3522,-6.3522,-6.3522,-6.3522,-6.3522
1746179161563,-6.22642,-6.22642,-6.22642,-6.22642,-6.22642,-6.22642
1746179161589,-6.10063,-6.10063,-6.10063,-6.10063,-6.10063,-6.10063
1746179161613,-5.97484,-5.97484,-5.97484,-5.97484,-5.97484,-5.97484
1746179161616,-5.84906,-5.84906,-5.84906,-5.84906,-5.84906,-5.84906
1746179161641,-5.72327,-5.72327,-5.72327,-5.72327,-5.72327,-5.72327
1746179161643,-5.59749,-5.59749,-5.59749,-5.59749,-5.59749,-5.59749
1746179161668,-5.4717,-5.4717,-5.4717,-5.4717,-5.4717,-5.4717
1746179161670,-5.34591,-5.34591,-5.34591,-5.34591,-5.34591,-5.34591
1746179161697,-5.22013,-5.22013,-5.22013,-5.22013,-5.22013,-5.22013
1746179161701,-5.09434,-5.09434,-5.09434,-5.09434,-5.09434,-5.09434
1746179161703,-4.96855,-4.96855,-4.96855,-4.96855,-4.96855,-4.96855
1746179161729,-4.84277,-4.84277,-4.84277,-4.84277,-4.84277,-4.84277
1746179161734,-4.71698,-4.71698,-4.71698,-4.71698,-4.71698,-4.71698
1746179161736,-4.5912,-4.5912,-4.5912,-4.5912,-4.5912,-4.5912
1746179161763,-4.46541,-4.46541,-4.46541,-4.46541,-4.46541,-4.46541
1746179161786,-4.33962,-4.33962,-4.33962,-4.33962,-4.33962,-4.33962
1746179161789,-4.21384,-4.21384,-4.21384,-4.21384,-4.21384,-4.21384
1746179161790,-4.08805,-4.08805,-4.08805,-4.08805,-4.08805,-4.08805
1746179161815,-3.96227,-3.96227,-3.96227,-3.96227,-3.96227,-3.96227
1746179161817,-3.83648,-3.83648,-3.83648,-3.83648,-3.83648,-3.83648
1746179161842,-3.71069,-3.71069,-3.71069,-3.71069,-3.71069,-3.71069
1746179161844,-3.58491,-3.58491,-3.58491,-3.58491,-3.58491,-3.58491
1746179161870,-3.45912,-3.45912,-3.45912,-3.45912,-3.45912,-3.45912
1746179161872,-3.33333,-3.33333,-3.33333,-3.33333,-3.33333,-3.33333
1746179161900,-3.20755,-3.20755,-3.20755,-3.20755,-3.20755,-3.20755
1746179161905,-3.08176,-3.08176,-3.08176,-3.08176,-3.08176,-3.08176
1746179161907,-2.95598,-2.95598,-2.95598,-2.95598,-2.95598,-2.95598
1746179161932,-2.83019,-2.83019,-2.83019,-2.83019,-2.83019,-2.83019
1746179161935,-2.7044,-2.7044,-2.7044,-2.7044,-2.7044,-2.7044
1746179161938,-2.57862,-2.57862,-2.57862,-2.57862,-2.57862,-2.57862
1746179161964,-2.45283,-2.45283,-2.45283,-2.45283,-2.45283,-2.45283
1746179161968,-2.32705,-2.32705,-2.32705,-2.32704,-2.32704,-2.32705
1746179161992,-2.20126,-2.20126,-2.20126,-2.20126,-2.20126,-2.20126
1746179161994,-2.07547,-2.07547,-2.07547,-2.07547,-2.07547,-2.07547
1746179162019,-1.94969,-1.94969,-1.94969,-1.94969,-1.94969,-1.94969
1746179162021,-1.8239,-1.8239,-1.8239,-1.8239,-1.8239,-1.8239
1746179162047,-1.69811,-1.69811,-1.69811,-1.69811,-1.69811,-1.69811
1746179162049,-1.57233,-1.57233,-1.57233,-1.57233,-1.57233,-1.57233
1746179162052,-1.44654,-1.44654,-1.44654,-1.44654,-1.44654,-1.44654
1746179162078,-1.32076,-1.32076,-1.32076,-1.32076,-1.32076,-1.32076
1746179162081,-1.19497,-1.19497,-1.19497,-1.19497,-1.19497,-1.19497
1746179162105,-1.06918,-1.06918,-1.06918,-1.06918,-1.06918,-1.06918
1746179162108,-0.943398,-0.943398,-0.943398,-0.943397,-0.943397,-0.943398
1746179162110,-0.817612,-0.817612,-0.817612,-0.817611,-0.817611,-0.817612
1746179162136,-0.691825,-0.691825,-0.691825,-0.691824,-0.691824,-0.691825
1746179162161,-0.566039,-0.566039,-0.566039,-0.566038,-0.566038,-0.566039
1746179162164,-0.440253,-0.440253,-0.440253,-0.440252,-0.440252,-0.440253
1746179162165,-0.314466,-0.314466,-0.314466,-0.314466,-0.314466,-0.314466
1746179162192,-0.188681,-0.188681,-0.188681,-0.18868,-0.18868,-0.188681
1746179162194,-0.0628948,-0.0628948,-0.0628948,-0.0628939,-0.0628939,-0.0628948
1746179162197,0.062892,0.062892,0.062892,0.0628929,0.0628929,0.062892
1746179162202,0.188678,0.188678,0.188678,0.188679,0.188679,0.188678
1746179162225,0.314464,0.314464,0.314464,0.314465,0.314465,0.314464
1746179162227,0.44025,0.44025,0.44025,0.440251,0.440251,0.44025
1746179162254,0.566036,0.566036,0.566036,0.566037,0.566037,0.566036
1746179162257,0.691823,0.691823,0.691823,0.691824,0.691824,0.691823
1746179162281,0.817609,0.817609,0.817609,0.81761,0.81761,0.817609
1746179162283,0.943395,0.943395,0.943395,0.943396,0.943396,0.943395
1746179162309,1.06918,1.06918,1.06918,1.06918,1.06918,1.06918
1746179162311,1.19497,1.19497,1.19497,1.19497,1.19497,1.19497
1746179162317,1.32075,1.32075,1.32075,1.32075,1.32075,1.32075
1746179162341,1.44654,1.44654,1.44654,1.44654,1.44654,1.44654
1746179162343,1.57233,1.57233,1.57233,1.57233,1.57233,1.57233
1746179162368,1.69811,1.69811,1.69811,1.69811,1.69811,1.69811
1746179162370,1.8239,1.8239,1.8239,1.8239,1.8239,1.8239
1746179162395,1.94968,1.94968,1.94968,1.94969,1.94969,1.94968
1746179162398,2.07547,2.07547,2.07547,2.07547,2.07547,2.07547
1746179162423,2.20126,2.20126,2.20126,2.20126,2.20126,2.20126
1746179162426,2.32704,2.32704,2.32704,2.32704,2.32704,2.32704
1746179162452,2.45283,2.45283,2.45283,2.45283,2.45283,2.45283
1746179162456,2.57862,2.57862,2.57862,2.57862,2.57862,2.57862
1746179162482,2.7044,2.7044,2.7044,2.7044,2.7044,2.7044
1746179162484,2.83019,2.83019,2.83019,2.83019,2.83019,2.83019
1746179162488,2.95597,2.95597,2.95597,2.95597,2.95597,2.95597
1746179162512,3.08176,3.08176,3.08176,3.08176,3.08176,3.08176
1746179162514,3.20755,3.20755,3.20755,3.20755,3.20755,3.20755
1746179162539,3.33333,3.33333,3.33333,3.33333,3.33333,3.33333
1746179162541,3.45912,3.45912,3.45912,3.45912,3.45912,3.45912
1746179162566,3.5849,3.5849,3.5849,3.58491,3.58491,3.5849
1746179162568,3.71069,3.71069,3.71069,3.71069,3.71069,3.71069
1746179162593,3.83648,3.83648,3.83648,3.83648,3.83648,3.83648
1746179162596,3.96226,3.96226,3.96226,3.96226,3.96226,3.96226
1746179162600,4.08805,4.08805,4.08805,4.08805,4.08805,4.08805
1746179162626,4.21384,4.21384,4.21384,4.21384,4.21384,4.21384
1746179162628,4.33962,4.33962,4.33962,4.33962,4.33962,4.33962
1746179162653,4.46541,4.46541,4.46541,4.46541,4.46541,4.46541
1746179162655,4.59119,4.59119,4.59119,4.5912,4.5912,4.59119
1746179162680,4.71698,4.71698,4.71698,4.71698,4.71698,4.71698
1746179162682,4.84277,4.84277,4.84277,4.84277,4.84277,4.84277
1746179162707,4.96855,4.96855,4.96855,4.96855,4.96855,4.96855
1746179162710,5.09434,5.09434,5.09434,5.09434,5.09434,5.09434
1746179162716,5.22012,5.22012,5.22012,5.22013,5.22013,5.22012
1746179162740,5.34591,5.34591,5.34591,5.34591,5.34591,5.34591
1746179162742,5.4717,5.4717,5.4717,5.4717,5.4717,5.4717
1746179162767,5.59748,5.59748,5.59748,5.59748,5.59748,5.59748
1746179162769,5.72327,5.72327,5.72327,5.72327,5.72327,5.72327
1746179162794,5.84906,5.84906,5.84906,5.84906,5.84906,5.84906
1746179162796,5.97484,5.97484,5.97484,5.97484,5.97484,5.97484
1746179162822,6.10063,6.10063,6.10063,6.10063,6.10063,6.10063
1746179162825,6.22641,6.22641,6.22641,6.22641,6.22641,6.22641
1746179162829,6.3522,6.3522,6.3522,6.3522,6.3522,6.3522
1746179162853,6.47799,6.47799,6.47799,6.47799,6.47799,6.47799
1746179162855,6.60377,6.60377,6.60377,6.60377,6.60377,6.60377
1746179162880,6.72956,6.72956,6.72956,6.72956,6.72956,6.72956
1746179162882,6.85534,6.85534,6.85534,6.85535,6.85535,6.85534
1746179162907,6.98113,6.98113,6.98113,6.98113,6.98113,6.98113
1746179162910,7.10692,7.10692,7.10692,7.10692,7.10692,7.10692
1746179162935,7.2327,7.2327,7.2327,7.23271,7.23271,7.2327
1746179162937,7.35849,7.35849,7.35849,7.35849,7.35849,7.35849
1746179162941,7.48428,7.48428,7.48428,7.48428,7.48428,7.48428
1746179162966,7.61006,7.61006,7.61006,7.61006,7.61006,7.61006
1746179162968,7.73585,7.73585,7.73585,7.73585,7.73585,7.73585
1746179162993,7.86164,7.86164,7.86164,7.86164,7.86164,7.86164
1746179162995,7.98742,7.98742,7.98742,7.98742,7.98742,7.98742
1746179163020,8.11321,8.11321,8.11321,8.11321,8.11321,8.11321
1746179163023,8.23899,8.23899,8.23899,8.23899,8.23899,8.23899
1746179163048,8.36478,8.36478,8.36478,8.36478,8.36478,8.36478
1746179163050,8.49056,8.49056,8.49056,8.49057,8.49057,8.49056
1746179163056,8.61635,8.61635,8.61635,8.61635,8.61635,8.61635
1746179163080,8.74214,8.74214,8.74214,8.74214,8.74214,8.74214
1746179163082,8.86792,8.86792,8.86792,8.86792,8.86792,8.86792
1746179163107,8.99371,8.99371,8.99371,8.99371,8.99371,8.99371
1746179163109,9.1195,9.1195,9.1195,9.1195,9.1195,9.1195
1746179163134,9.24528,9.24528,9.24528,9.24528,9.24528,9.24528
1746179163137,9.37107,9.37107,9.37107,9.37107,9.37107,9.37107
1746179163139,9.49685,9.49685,9.49685,9.49686,9.49686,9.49685
1746179163165,9.62264,9.62264,9.62264,9.62264,9.62264,9.62264
1746179163169,9.74843,9.74843,9.74843,9.74843,9.74843,9.74843
1746179163194,9.87421,9.87421,9.87421,9.87421,9.87421,9.87421
1746179163197,10,10,10,10,10,10
1746179163202,10,10,10,10,10,10
1746179163225,9.87421,9.87421,9.87421,9.87422,9.87422,9.87421
1746179163227,9.74843,9.74843,9.74843,9.74843,9.74843,9.74843
1746179163232,9.62264,9.62264,9.62264,9.62264,9.62264,9.62264
1746179163256,9.49686,9.49686,9.49686,9.49686,9.49686,9.49686
1746179163280,9.37107,9.37107,9.37107,9.37107,9.37107,9.37107
1746179163282,9.24528,9.24528,9.24528,9.24528,9.24528,9.24528
1746179163307,9.1195,9.1195,9.1195,9.1195,9.1195,9.1195
1746179163310,8.99371,8.99371,8.99371,8.99371,8.99371,8.99371
1746179163314,8.86792,8.86792,8.86792,8.86793,8.86793,8.86792
1746179163337,8.74214,8.74214,8.74214,8.74214,8.74214,8.74214
1746179163340,8.61635,8.61635,8.61635,8.61635,8.61635,8.61635
1746179163364,8.49057,8.49057,8.49057,8.49057,8.49057,8.49057
1746179163367,8.36478,8.36478,8.36478,8.36478,8.36478,8.36478
1746179163392,8.23899,8.23899,8.23899,8.23899,8.23899,8.23899
1746179163417,8.11321,8.11321,8.11321,8.11321,8.11321,8.11321
1746179163419,7.98742,7.98742,7.98742,7.98742,7.98742,7.98742
1746179163447,7.86164,7.86164,7.86164,7.86164,7.86164,7.86164
1746179163450,7.73585,7.73585,7.73585,7.73585,7.73585,7.73585
1746179163452,7.61006,7.61006,7.61006,7.61006,7.61006,7.61006
1746179163478,7.48428,7.48428,7.48428,7.48428,7.48428,7.48428
1746179163483,7.35849,7.35849,7.35849,7.35849,7.35849,7.35849
1746179163508,7.2327,7.2327,7.2327,7.23271,7.23271,7.2327
1746179163509,7.10692,7.10692,7.10692,7.10692,7.10692,7.10692
1746179163535,6.98113,6.98113,6.98113,6.98113,6.98113,6.98113
1746179163537,6.85535,6.85535,6.85535,6.85535,6.85535,6.85535
1746179163540,6.72956,6.72956,6.72956,6.72956,6.72956,6.72956
1746179163545,6.60377,6.60377,6.60377,6.60377,6.60377,6.60377
1746179163569,6.47799,6.47799,6.47799,6.47799,6.47799,6.47799
1746179163572,6.3522,6.3522,6.3522,6.3522,6.3522,6.3522
1746179163577,6.22641,6.22641,6.22641,6.22642,6.22642,6.22641
1746179163601,6.10063,6.10063,6.10063,6.10063,6.10063,6.10063
1746179163625,5.97484,5.97484,5.97484,5.97484,5.97484,5.97484
1746179163628,5.84906,5.84906,5.84906,5.84906,5.84906,5.84906
1746179163653,5.72327,5.72327,5.72327,5.72327,5.72327,5.72327
1746179163656,5.59748,5.59748,5.59748,5.59749,5.59749,5.59748
1746179163681,5.4717,5.4717,5.4717,5.4717,5.4717,5.4717
1746179163683,5.34591,5.34591,5.34591,5.34591,5.34591,5.34591
1746179163685,5.22013,5.22013,5.22013,5.22013,5.22013,5.22013
1746179163713,5.09434,5.09434,5.09434,5.09434,5.09434,5.09434
1746179163717,4.96855,4.96855,4.96855,4.96855,4.96855,4.96855
1746179163719,4.84277,4.84277,4.84277,4.84277,4.84277,4.84277
1746179163745,4.71698,4.71698,4.71698,4.71698,4.71698,4.71698
1746179163747,4.59119,4.59119,4.59119,4.5912,4.5912,4.59119
1746179163772,4.46541,4.46541,4.46541,4.46541,4.46541,4.46541
1746179163774,4.33962,4.33962,4.33962,4.33962,4.33962,4.33962
1746179163799,4.21384,4.21384,4.21384,4.21384,4.21384,4.21384
1746179163801,4.08805,4.08805,4.08805,4.08805,4.08805,4.08805
1746179163826,3.96226,3.96226,3.96226,3.96227,3.96227,3.96226
1746179163829,3.83648,3.83648,3.83648,3.83648,3.83648,3.83648
1746179163854,3.71069,3.71069,3.71069,3.71069,3.71069,3.71069
1746179163856,3.58491,3.58491,3.58491,3.58491,3.58491,3.58491
1746179163858,3.45912,3.45912,3.45912,3.45912,3.45912,3.45912
1746179163883,3.33333,3.33333,3.33333,3.33333,3.33333,3.33333
1746179163885,3.20755,3.20755,3.20755,3.20755,3.20755,3.20755
1746179163910,3.08176,3.08176,3.08176,3.08176,3.08176,3.08176
1746179163912,2.95597,2.95597,2.95597,2.95598,2.95598,2.95597
1746179163938,2.83019,2.83019,2.83019,2.83019,2.83019,2.83019
1746179163940,2.7044,2.7044,2.7044,2.7044,2.7044,2.7044
1746179163965,2.57862,2.57862,2.57862,2.57862,2.57862,2.57862
1746179163968,2.45283,2.45283,2.45283,2.45283,2.45283,2.45283
1746179163970,2.32704,2.32704,2.32704,2.32704,2.32704,2.32704
1746179163997,2.20126,2.20126,2.20126,2.20126,2.20126,2.20126
1746179164000,2.07547,2.07547,2.07547,2.07547,2.07547,2.07547
1746179164025,1.94969,1.94969,1.94969,1.94969,1.94969,1.94969
1746179164027,1.8239,1.8239,1.8239,1.8239,1.8239,1.8239
1746179164052,1.69811,1.69811,1.69811,1.69811,1.69811,1.69811
1746179164055,1.57233,1.57233,1.57233,1.57233,1.57233,1.57233
1746179164080,1.44654,1.44654,1.44654,1.44654,1.44654,1.44654
1746179164082,1.32075,1.32075,1.32075,1.32076,1.32076,1.32075
1746179164084,1.19497,1.19497,1.19497,1.19497,1.19497,1.19497
1746179164111,1.06918,1.06918,1.06918,1.06918,1.06918,1.06918
1746179164113,0.943396,0.943396,0.943396,0.943397,0.943397,0.943396
1746179164138,0.81761,0.81761,0.81761,0.817611,0.817611,0.81761
1746179164140,0.691823,0.691823,0.691823,0.691824,0.691824,0.691823
1746179164165,0.566037,0.566037,0.566037,0.566038,0.566038,0.566037
1746179164168,0.440251,0.440251,0.440251,0.440252,0.440252,0.440251
1746179164193,0.314465,0.314465,0.314465,0.314466,0.314466,0.314465
1746179164195,0.188679,0.188679,0.188679,0.18868,0.18868,0.188679
1746179164197,0.0628929,0.0628929,0.0628929,0.0628939,0.0628939,0.0628929
1746179164204,-0.0628939,-0.0628939,-0.0628939,-0.0628929,-0.0628929,-0.0628939
1746179164227,-0.18868,-0.18868,-0.18868,-0.188679,-0.188679,-0.18868
1746179164230,-0.314466,-0.314466,-0.314466,-0.314465,-0.314465,-0.314466
1746179164232,-0.440252,-0.440252,-0.440252,-0.440251,-0.440251,-0.440252
1746179164258,-0.566038,-0.566038,-0.566038,-0.566037,-0.566037,-0.566038
1746179164260,-0.691825,-0.691825,-0.691825,-0.691824,-0.691824,-0.691825
1746179164285,-0.817611,-0.817611,-0.817611,-0.81761,-0.81761,-0.817611
1746179164287,-0.943397,-0.943397,-0.943397,-0.943396,-0.943396,-0.943397
1746179164313,-1.06918,-1.06918,-1.06918,-1.06918,-1.06918,-1.06918
1746179164337,-1.19497,-1.19497,-1.19497,-1.19497,-1.19497,-1.19497
1746179164339,-1.32076,-1.32076,-1.32076,-1.32075,-1.32075,-1.32076
1746179164343,-1.44654,-1.44654,-1.44654,-1.44654,-1.44654,-1.44654
1746179164348,-1.57233,-1.57233,-1.57233,-1.57233,-1.57233,-1.57233
1746179164372,-1.69811,-1.69811,-1.69811,-1.69811,-1.69811,-1.69811
1746179164374,-1.8239,-1.8239,-1.8239,-1.8239,-1.8239,-1.8239
1746179164401,-1.94969,-1.94969,-1.94969,-1.94969,-1.94969,-1.94969
1746179164404,-2.07547,-2.07547,-2.07547,-2.07547,-2.07547,-2.07547
1746179164430,-2.20126,-2.20126,-2.20126,-2.20126,-2.20126,-2.20126
1746179164432,-2.32704,-2.32704,-2.32704,-2.32704,-2.32704,-2.32704
1746179164436,-2.45283,-2.45283,-2.45283,-2.45283,-2.45283,-2.45283
1746179164461,-2.57862,-2.57862,-2.57862,-2.57862,-2.57862,-2.57862
1746179164484,-2.7044,-2.7044,-2.7044,-2.7044,-2.7044,-2.7044
1746179164486,-2.83019,-2.83019,-2.83019,-2.83019,-2.83019,-2.83019
1746179164511,-2.95598,-2.95598,-2.95598,-2.95597,-2.95597,-2.95598
1746179164513,-3.08176,-3.08176,-3.08176,-3.08176,-3.08176,-3.08176
1746179164538,-3.20755,-3.20755,-3.20755,-3.20755,-3.20755,-3.20755
1746179164540,-3.33333,-3.33333,-3.33333,-3.33333,-3.33333,-3.33333
1746179164565,-3.45912,-3.45912,-3.45912,-3.45912,-3.45912,-3.45912
1746179164568,-3.58491,-3.58491,-3.58491,-3.58491,-3.58491,-3.58491
1746179164569,-3.71069,-3.71069,-3.71069,-3.71069,-3.71069,-3.71069
1746179164596,-3.83648,-3.83648,-3.83648,-3.83648,-3.83648,-3.83648
1746179164600,-3.96227,-3.96227,-3.96227,-3.96226,-3.96226,-3.96227
1746179164625,-4.08805,-4.08805,-4.08805,-4.08805,-4.08805,-4.08805
1746179164627,-4.21384,-4.21384,-4.21384,-4.21384,-4.21384,-4.21384
1746179164654,-4.33962,-4.33962,-4.33962,-4.33962,-4.33962,-4.33962
1746179164661,-4.46541,-4.46541,-4.46541,-4.46541,-4.46541,-4.46541
1746179164663,-4.5912,-4.5912,-4.5912,-4.5912,-4.5912,-4.5912
1746179164689,-4.71698,-4.71698,-4.71698,-4.71698,-4.71698,-4.71698
1746179164692,-4.84277,-4.84277,-4.84277,-4.84277,-4.84277,-4.84277
1746179164717,-4.96855,-4.96855,-4.96855,-4.96855,-4.96855,-4.96855
1746179164719,-5.09434,-5.09434,-5.09434,-5.09434,-5.09434,-5.09434
1746179164723,-5.22013,-5.22013,-5.22013,-5.22013,-5.22013,-5.22013
1746179164746,-5.34591,-5.34591,-5.34591,-5.34591,-5.34591,-5.34591
1746179164748,-5.4717,-5.4717,-5.4717,-5.4717,-5.4717,-5.4717
1746179164773,-5.59749,-5.59749,-5.59749,-5.59748,-5.59748,-5.59749
1746179164775,-5.72327,-5.72327,-5.72327,-5.72327,-5.72327,-5.72327
1746179164800,-5.84906,-5.84906,-5.84906,-5.84906,-5.84906,-5.84906
1746179164802,-5.97484,-5.97484,-5.97484,-5.97484,-5.97484,-5.97484
1746179164827,-6.10063,-6.10063,-6.10063,-6.10063,-6.10063,-6.10063
1746179164830,-6.22642,-6.22642,-6.22642,-6.22641,-6.22641,-6.22642
1746179164835,-6.3522,-6.3522,-6.3522,-6.3522,-6.3522,-6.3522
1746179164858,-6.47799,-6.47799,-6.47799,-6.47799,-6.47799,-6.47799
1746179164861,-6.60378,-6.60378,-6.60378,-6.60377,-6.60377,-6.60378
1746179164885,-6.72956,-6.72956,-6.72956,-6.72956,-6.72956,-6.72956
1746179164887,-6.85535,-6.85535,-6.85535,-6.85535,-6.85535,-6.85535
1746179164912,-6.98113,-6.98113,-6.98113,-6.98113,-6.98113,-6.98113
1746179164914,-7.10692,-7.10692,-7.10692,-7.10692,-7.10692,-7.10692
1746179164939,-7.23271,-7.23271,-7.23271,-7.23271,-7.23271,-7.23271
1746179164940,-7.35849,-7.35849,-7.35849,-7.35849,-7.35849,-7.35849
1746179164967,-7.48428,-7.48428,-7.48428,-7.48428,-7.48428,-7.48428
1746179164969,-7.61006,-7.61006,-7.61006,-7.61006,-7.61006,-7.61006
1746179164973,-7.73585,-7.73585,-7.73585,-7.73585,-7.73585,-7.73585
1746179164996,-7.86164,-7.86164,-7.86164,-7.86164,-7.86164,-7.86164
1746179164999,-7.98742,-7.98742,-7.98742,-7.98742,-7.98742,-7.98742
1746179165024,-8.11321,-8.11321,-8.11321,-8.11321,-8.11321,-8.11321
1746179165026,-8.23899,-8.23899,-8.23899,-8.23899,-8.23899,-8.23899
1746179165051,-8.36478,-8.36478,-8.36478,-8.36478,-8.36478,-8.36478
1746179165053,-8.49057,-8.49057,-8.49057,-8.49057,-8.49057,-8.49057
1746179165078,-8.61635,-8.61635,-8.61635,-8.61635,-8.61635,-8.61635
1746179165081,-8.74214,-8.74214,-8.74214,-8.74214,-8.74214,-8.74214
1746179165086,-8.86793,-8.86793,-8.86793,-8.86792,-8.86792,-8.86793
1746179165110,-8.99371,-8.99371,-8.99371,-8.99371,-8.99371,-8.99371
1746179165112,-9.1195,-9.1195,-9.1195,-9.1195,-9.1195,-9.1195
1746179165138,-9.24528,-9.24528,-9.24528,-9.24528,-9.24528,-9.24528
1746179165140,-9.37107,-9.37107,-9.37107,-9.37107,-9.37107,-9.37107
1746179165165,-9.49686,-9.49686,-9.49686,-9.49686,-9.49686,-9.49686
1746179165167,-9.62264,-9.62264,-9.62264,-9.62264,-9.62264,-9.62264
1746179165192,-9.74843,-9.74843,-9.74843,-9.74843,-9.74843,-9.74843
1746179165195,-9.87421,-9.87421,-9.87421,-9.87421,-9.87421,-9.87421
1746179165197,-10,-10,-10,-10,-10,-10
1746179165222,-10,-10,-10,-10,-10,-10
1746179165224,-9.87422,-9.87422,-9.87422,-9.87422,-9.87422,-9.87422
1746179165249,-9.74843,-9.74843,-9.74843,-9.74843,-9.74843,-9.74843
1746179165253,-9.62264,-9.62264,-9.62264,-9.62264,-9.62264,-9.62264
1746179165278,-9.49686,-9.49686,-9.49686,-9.49686,-9.49686,-9.49686
1746179165303,-9.37107,-9.37107,-9.37107,-9.37107,-9.37107,-9.37107
1746179165306,-9.24529,-9.24529,-9.24529,-9.24528,-9.24528,-9.24529
1746179165311,-9.1195,-9.1195,-9.1195,-9.1195,-9.1195,-9.1195
1746179165335,-8.99371,-8.99371,-8.99371,-8.99371,-8.99371,-8.99371
1746179165337,-8.86793,-8.86793,-8.86793,-8.86793,-8.86793,-8.86793
1746179165363,-8.74214,-8.74214,-8.74214,-8.74214,-8.74214,-8.74214
1746179165365,-8.61635,-8.61635,-8.61635,-8.61635,-8.61635,-8.61635
1746179165390,-8.49057,-8.49057,-8.49057,-8.49057,-8.49057,-8.49057
1746179165392,-8.36478,-8.36478,-8.36478,-8.36478,-8.36478,-8.36478
1746179165394,-8.239,-8.239,-8.239,-8.23899,-8.23899,-8.239
1746179165420,-8.11321,-8.11321,-8.11321,-8.11321,-8.11321,-8.11321
1746179165422,-7.98742,-7.98742,-7.98742,-7.98742,-7.98742,-7.98742
1746179165426,-7.86164,-7.86164,-7.86164,-7.86164,-7.86164,-7.86164
1746179165451,-7.73585,-7.73585,-7.73585,-7.73585,-7.73585,-7.73585
1746179165454,-7.61006,-7.61006,-7.61006,-7.61006,-7.61006,-7.61006
1746179165478,-7.48428,-7.48428,-7.48428,-7.48428,-7.48428,-7.48428
1746179165480,-7.35849,-7.35849,-7.35849,-7.35849,-7.35849,-7.35849
1746179165483,-7.23271,-7.23271,-7.23271,-7.23271,-7.23271,-7.23271
1746179165508,-7.10692,-7.10692,-7.10692,-7.10692,-7.10692,-7.10692
1746179165510,-6.98113,-6.98113,-6.98113,-6.98113,-6.98113,-6.98113
1746179165535,-6.85535,-6.85535,-6.85535,-6.85535,-6.85535,-6.85535
1746179165537,-6.72956,-6.72956,-6.72956,-6.72956,-6.72956,-6.72956
1746179165562,-6.60378,-6.60378,-6.60378,-6.60377,-6.60377,-6.60378
1746179165564,-6.47799,-6.47799,-6.47799,-6.47799,-6.47799,-6.47799
1746179165588,-6.3522,-6.3522,-6.3522,-6.3522,-6.3522,-6.3522
1746179165591,-6.22642,-6.22642,-6.22642,-6.22642,-6.22642,-6.22642
1746179165616,-6.10063,-6.10063,-6.10063,-6.10063,-6.10063,-6.10063
1746179165618,-5.97484,-5.97484,-5.97484,-5.97484,-5.97484,-5.97484
1746179165644,-5.84906,-5.84906,-5.84906,-5.84906,-5.84906,-5.84906
1746179165646,-5.72327,-5.72327,-5.72327,-5.72327,-5.72327,-5.72327
1746179165674,-5.59749,-5.59749,-5.59749,-5.59749,-5.59749,-5.59749
1746179165678,-5.4717,-5.4717,-5.4717,-5.4717,-5.4717,-5.4717
1746179165703,-5.34591,-5.34591,-5.34591,-5.34591,-5.34591,-5.34591
1746179165705,-5.22013,-5.22013,-5.22013,-5.22013,-5.22013,-5.22013
1746179165710,-5.09434,-5.09434,-5.09434,-5.09434,-5.09434,-5.09434
1746179165733,-4.96855,-4.96855,-4.96855,-4.96855,-4.96855,-4.96855
1746179165736,-4.84277,-4.84277,-4.84277,-4.84277,-4.84277,-4.84277
1746179165761,-4.71698,-4.71698,-4.71698,-4.71698,-4.71698,-4.71698
1746179165763,-4.5912,-4.5912,-4.5912,-4.5912,-4.5912,-4.5912
1746179165788,-4.46541,-4.46541,-4.46541,-4.46541,-4.46541,-4.46541
1746179165790,-4.33962,-4.33962,-4.33962,-4.33962,-4.33962,-4.33962
1746179165814,-4.21384,-4.21384,-4.21384,-4.21384,-4.21384,-4.21384
1746179165817,-4.08805,-4.08805,-4.08805,-4.08805,-4.08805,-4.08805
1746179165821,-3.96227,-3.96227,-3.96227,-3.96227,-3.96227,-3.96227
1746179165847,-3.83648,-3.83648,-3.83648,-3.83648,-3.83648,-3.83648
1746179165849,-3.71069,-3.71069,-3.71069,-3.71069,-3.71069,-3.71069
1746179165875,-3.58491,-3.58491,-3.58491,-3.58491,-3.58491,-3.58491
1746179165877,-3.45912,-3.45912,-3.45912,-3.45912,-3.45912,-3.45912
1746179165902,-3.33333,-3.33333,-3.33333,-3.33333,-3.33333,-3.33333
1746179165905,-3.20755,-3.20755,-3.20755,-3.20755,-3.20755,-3.20755
1746179165930,-3.08176,-3.08176,-3.08176,-3.08176,-3.08176,-3.08176
1746179165932,-2.95598,-2.95598,-2.95598,-2.95598,-2.95598,-2.95598
1746179165936,-2.83019,-2.83019,-2.83019,-2.83019,-2.83019,-2.83019
1746179165961,-2.7044,-2.7044,-2.7044,-2.7044,-2.7044,-2.7044
1746179165963,-2.57862,-2.57862,-2.57862,-2.57862,-2.57862,-2.57862
1746179165988,-2.45283,-2.45283,-2.45283,-2.45283,-2.45283,-2.45283
1746179165990,-2.32705,-2.32705,-2.32705,-2.32704,-2.32704,-2.32705
1746179166015,-2.20126,-2.20126,-2.20126,-2.20126,-2.20126,-2.20126
1746179166017,-2.07547,-2.07547,-2.07547,-2.07547,-2.07547,-2.07547
1746179166042,-1.94969,-1.94969,-1.94969,-1.94969,-1.94969,-1.94969
1746179166044,-1.8239,-1.8239,-1.8239,-1.8239,-1.8239,-1.8239
1746179166047,-1.69811,-1.69811,-1.69811,-1.69811,-1.69811,-1.69811
1746179166073,-1.57233,-1.57233,-1.57233,-1.57233,-1.57233,-1.57233
1746179166077,-1.44654,-1.44654,-1.44654,-1.44654,-1.44654,-1.44654
1746179166102,-1.32076,-1.32076,-1.32076,-1.32076,-1.32076,-1.32076
1746179166104,-1.19497,-1.19497,-1.19497,-1.19497,-1.19497,-1.19497
1746179166131,-1.06918,-1.06918,-1.06918,-1.06918,-1.06918,-1.06918
1746179166137,-0.943398,-0.943398,-0.943398,-0.943397,-0.943397,-0.943398
1746179166139,-0.817612,-0.817612,-0.817612,-0.817611,-0.817611,-0.817612
1746179166164,-0.691825,-0.691825,-0.691825,-0.691824,-0.691824,-0.691825
1746179166167,-0.566039,-0.566039,-0.566039,-0.566038,-0.566038,-0.566039
1746179166193,-0.440253,-0.440253,-0.440253,-0.440252,-0.440252,-0.440253
1746179166195,-0.314466,-0.314466,-0.314466,-0.314466,-0.314466,-0.314466
1746179166200,-0.188681,-0.188681,-0.188681,-0.18868,-0.18868,-0.188681
1746179166208,-0.0628948,-0.0628948,-0.0628948,-0.0628939,-0.0628939,-0.0628948
1746179166210,0.062892,0.062892,0.062892,0.0628929,0.0628929,0.062892
1746179166234,0.188678,0.188678,0.188678,0.188679,0.188679,0.188678
1746179166237,0.314464,0.314464,0.314464,0.314465,0.314465,0.314464
1746179166261,0.44025,0.44025,0.44025,0.440251,0.440251,0.44025
1746179166264,0.566036,0.566036,0.566036,0.566037,0.566037,0.566036
1746179166290,0.691823,0.691823,0.691823,0.691824,0.691824,0.691823
1746179166294,0.817609,0.817609,0.817609,0.81761,0.81761,0.817609
1746179166297,0.943395,0.943395,0.943395,0.943396,0.943396,0.943395
1746179166324,1.06918,1.06918,1.06918,1.06918,1.06918,1.06918
1746179166328,1.19497,1.19497,1.19497,1.19497,1.19497,1.19497
1746179166353,1.32075,1.32075,1.32075,1.32075,1.32075,1.32075
1746179166355,1.44654,1.44654,1.44654,1.44654,1.44654,1.44654
1746179166383,1.57233,1.57233,1.57233,1.57233,1.57233,1.57233
1746179166385,1.69811,1.69811,1.69811,1.69811,1.69811,1.69811
1746179166387,1.8239,1.8239,1.8239,1.8239,1.8239,1.8239
1746179166414,1.94968,1.94968,1.94968,1.94969,1.94969,1.94968
1746179166417,2.07547,2.07547,2.07547,2.07547,2.07547,2.07547
1746179166419,2.20126,2.20126,2.20126,2.20126,2.20126,2.20126
1746179166447,2.32704,2.32704,2.32704,2.32704,2.32704,2.32704
1746179166470,2.45283,2.45283,2.45283,2.45283,2.45283,2.45283
1746179166472,2.57862,2.57862,2.57862,2.57862,2.57862,2.57862
1746179166498,2.7044,2.7044,2.7044,2.7044,2.7044,2.7044
1746179166500,2.83019,2.83019,2.83019,2.83019,2.83019,2.83019
1746179166525,2.95597,2.95597,2.95597,2.95597,2.95597,2.95597
1746179166527,3.08176,3.08176,3.08176,3.08176,3.08176,3.08176
1746179166552,3.20755,3.20755,3.20755,3.20755,3.20755,3.20755
1746179166555,3.33333,3.33333,3.33333,3.33333,3.33333,3.33333
1746179166557,3.45912,3.45912,3.45912,3.45912,3.45912,3.45912
1746179166583,3.5849,3.5849,3.5849,3.58491,3.58491,3.5849
1746179166587,3.71069,3.71069,3.71069,3.71069,3.71069,3.71069
1746179166612,3.83648,3.83648,3.83648,3.83648,3.83648,3.83648
1746179166614,3.96226,3.96226,3.96226,3.96226,3.96226,3.96226
1746179166639,4.08805,4.08805,4.08805,4.08805,4.08805,4.08805
1746179166641,4.21384,4.21384,4.21384,4.21384,4.21384,4.21384
1746179166665,4.33962,4.33962,4.33962,4.33962,4.33962,4.33962
1746179166668,4.46541,4.46541,4.46541,4.46541,4.46541,4.46541
1746179166670,4.59119,4.59119,4.59119,4.5912,4.5912,4.59119
1746179166695,4.71698,4.71698,4.71698,4.71698,4.71698,4.71698
1746179166697,4.84277,4.84277,4.84277,4.84277,4.84277,4.84277
1746179166721,4.96855,4.96855,4.96855,4.96855,4.96855,4.96855
1746179166724,5.09434,5.09434,5.09434,5.09434,5.09434,5.09434
1746179166749,5.22012,5.22012,5.22012,5.22013,5.22013,5.22012
1746179166751,5.34591,5.34591,5.34591,5.34591,5.34591,5.34591
1746179166776,5.4717,5.4717,5.4717,5.4717,5.4717,5.4717
1746179166778,5.59748,5.59748,5.59748,5.59748,5.59748,5.59748
1746179166802,5.72327,5.72327,5.72327,5.72327,5.72327,5.72327
1746179166805,5.84906,5.84906,5.84906,5.84906,5.84906,5.84906
1746179166807,5.97484,5.97484,5.97484,5.97484,5.97484,5.97484
1746179166833,6.10063,6.10063,6.10063,6.10063,6.10063,6.10063
1746179166835,6.22641,6.22641,6.22641,6.22641,6.22641,6.22641
1746179166861,6.3522,6.3522,6.3522,6.3522,6.3522,6.3522
1746179166863,6.47799,6.47799,6.47799,6.47799,6.47799,6.47799
1746179166887,6.60377,6.60377,6.60377,6.60377,6.60377,6.60377
1746179166890,6.72956,6.72956,6.72956,6.72956,6.72956,6.72956
1746179166917,6.85534,6.85534,6.85534,6.85535,6.85535,6.85534
1746179166919,6.98113,6.98113,6.98113,6.98113,6.98113,6.98113
1746179166921,7.10692,7.10692,7.10692,7.10692,7.10692,7.10692
1746179166948,7.2327,7.2327,7.2327,7.23271,7.23271,7.2327
1746179166951,7.35849,7.35849,7.35849,7.35849,7.35849,7.35849
1746179166976,7.48428,7.48428,7.48428,7.48428,7.48428,7.48428
1746179166979,7.61006,7.61006,7.61006,7.61006,7.61006,7.61006
1746179167003,7.73585,7.73585,7.73585,7.73585,7.73585,7.73585
1746179167006,7.86164,7.86164,7.86164,7.86164,7.86164,7.86164
1746179167031,7.98742,7.98742,7.98742,7.98742,7.98742,7.98742
1746179167033,8.11321,8.11321,8.11321,8.11321,8.11321,8.11321
1746179167037,8.23899,8.23899,8.23899,8.23899,8.23899,8.23899
1746179167062,8.36478,8.36478,8.36478,8.36478,8.36478,8.36478
1746179167066,8.49056,8.49056,8.49056,8.49057,8.49057,8.49056
1746179167091,8.61635,8.61635,8.61635,8.61635,8.61635,8.61635
1746179167092,8.74214,8.74214,8.74214,8.74214,8.74214,8.74214
1746179167117,8.86792,8.86792,8.86792,8.86792,8.86792,8.86792
1746179167120,8.99371,8.99371,8.99371,8.99371,8.99371,8.99371
1746179167125,9.1195,9.1195,9.1195,9.1195,9.1195,9.1195
1746179167148,9.24528,9.24528,9.24528,9.24528,9.24528,9.24528
1746179167150,9.37107,9.37107,9.37107,9.37107,9.37107,9.37107
1746179167175,9.49685,9.49685,9.49685,9.49686,9.49686,9.49685
1746179167177,9.62264,9.62264,9.62264,9.62264,9.62264,9.62264
1746179167202,9.74843,9.74843,9.74843,9.74843,9.74843,9.74843
1746179167204,9.87421,9.87421,9.87421,9.87421,9.87421,9.87421
1746179167209,10,10,10,10,10,10
1746179167232,10,10,10,10,10,10
1746179167234,9.87421,9.87421,9.87421,9.87422,9.87422,9.87421
1746179167260,9.74843,9.74843,9.74843,9.74843,9.74843,9.74843
1746179167264,9.62264,9.62264,9.62264,9.62264,9.62264,9.62264
1746179167289,9.49686,9.49686,9.49686,9.49686,9.49686,9.49686
1746179167292,9.37107,9.37107,9.37107,9.37107,9.37107,9.37107
1746179167317,9.24528,9.24528,9.24528,9.24528,9.24528,9.24528
1746179167320,9.1195,9.1195,9.1195,9.1195,9.1195,9.1195
1746179167324,8.99371,8.99371,8.99371,8.99371,8.99371,8.99371
1746179167348,8.86792,8.86792,8.86792,8.86793,8.86793,8.86792
1746179167350,8.74214,8.74214,8.74214,8.74214,8.74214,8.74214
1746179167374,8.61635,8.61635,8.61635,8.61635,8.61635,8.61635
1746179167376,8.49057,8.49057,8.49057,8.49057,8.49057,8.49057
1746179167401,8.36478,8.36478,8.36478,8.36478,8.36478,8.36478
1746179167403,8.23899,8.23899,8.23899,8.23899,8.23899,8.23899
1746179167429,8.11321,8.11321,8.11321,8.11321,8.11321,8.11321
1746179167454,7.98742,7.98742,7.98742,7.98742,7.98742,7.98742
1746179167457,7.86164,7.86164,7.86164,7.86164,7.86164,7.86164
1746179167462,7.73585,7.73585,7.73585,7.73585,7.73585,7.73585
1746179167486,7.61006,7.61006,7.61006,7.61006,7.61006,7.61006
1746179167488,7.48428,7.48428,7.48428,7.48428,7.48428,7.48428
1746179167513,7.35849,7.35849,7.35849,7.35849,7.35849,7.35849
1746179167515,7.2327,7.2327,7.2327,7.23271,7.23271,7.2327
1746179167540,7.10692,7.10692,7.10692,7.10692,7.10692,7.10692
1746179167543,6.98113,6.98113,6.98113,6.98113,6.98113,6.98113
1746179167545,6.85535,6.85535,6.85535,6.85535,6.85535,6.85535
1746179167549,6.72956,6.72956,6.72956,6.72956,6.72956,6.72956
1746179167574,6.60377,6.60377,6.60377,6.60377,6.60377,6.60377
1746179167576,6.47799,6.47799,6.47799,6.47799,6.47799,6.47799
1746179167601,6.3522,6.3522,6.3522,6.3522,6.3522,6.3522
1746179167603,6.22641,6.22641,6.22641,6.22642,6.22642,6.22641
1746179167628,6.10063,6.10063,6.10063,6.10063,6.10063,6.10063
1746179167653,5.97484,5.97484,5.97484,5.97484,5.97484,5.97484
1746179167655,5.84906,5.84906,5.84906,5.84906,5.84906,5.84906
1746179167663,5.72327,5.72327,5.72327,5.72327,5.72327,5.72327
1746179167684,5.59748,5.59748,5.59748,5.59749,5.59749,5.59748
1746179167687,5.4717,5.4717,5.4717,5.4717,5.4717,5.4717
1746179167712,5.34591,5.34591,5.34591,5.34591,5.34591,5.34591
1746179167714,5.22013,5.22013,5.22013,5.22013,5.22013,5.22013
1746179167716,5.09434,5.09434,5.09434,5.09434,5.09434,5.09434
1746179167743,4.96855,4.96855,4.96855,4.96855,4.96855,4.96855
1746179167747,4.84277,4.84277,4.84277,4.84277,4.84277,4.84277
1746179167772,4.71698,4.71698,4.71698,4.71698,4.71698,4.71698
1746179167774,4.59119,4.59119,4.59119,4.5912,4.5912,4.59119
1746179167800,4.46541,4.46541,4.46541,4.46541,4.46541,4.46541
1746179167806,4.33962,4.33962,4.33962,4.33962,4.33962,4.33962
1746179167808,4.21384,4.21384,4.21384,4.21384,4.21384,4.21384
1746179167833,4.08805,4.08805,4.08805,4.08805,4.08805,4.08805
1746179167835,3.96226,3.96226,3.96226,3.96227,3.96227,3.96226
1746179167861,3.83648,3.83648,3.83648,3.83648,3.83648,3.83648
1746179167863,3.71069,3.71069,3.71069,3.71069,3.71069,3.71069
1746179167888,3.58491,3.58491,3.58491,3.58491,3.58491,3.58491
1746179167890,3.45912,3.45912,3.45912,3.45912,3.45912,3.45912
1746179167895,3.33333,3.33333,3.33333,3.33333,3.33333,3.33333
1746179167920,3.20755,3.20755,3.20755,3.20755,3.20755,3.20755
1746179167922,3.08176,3.08176,3.08176,3.08176,3.08176,3.08176
1746179167946,2.95597,2.95597,2.95597,2.95598,2.95598,2.95597
1746179167949,2.83019,2.83019,2.83019,2.83019,2.83019,2.83019
1746179167974,2.7044,2.7044,2.7044,2.7044,2.7044,2.7044
1746179167975,2.57862,2.57862,2.57862,2.57862,2.57862,2.57862
1746179168000,2.45283,2.45283,2.45283,2.45283,2.45283,2.45283
1746179168004,2.32704,2.32704,2.32704,2.32704,2.32704,2.32704
1746179168008,2.20126,2.20126,2.20126,2.20126,2.20126,2.20126
1746179168032,2.07547,2.07547,2.07547,2.07547,2.07547,2.07547
1746179168034,1.94969,1.94969,1.94969,1.94969,1.94969,1.94969
1746179168059,1.8239,1.8239,1.8239,1.8239,1.8239,1.8239
1746179168062,1.69811,1.69811,1.69811,1.69811,1.69811,1.69811
1746179168087,1.57233,1.57233,1.57233,1.57233,1.57233,1.57233
1746179168088,1.44654,1.44654,1.44654,1.44654,1.44654,1.44654
1746179168114,1.32075,1.32075,1.32075,1.32076,1.32076,1.32075
1746179168117,1.19497,1.19497,1.19497,1.19497,1.19497,1.19497
1746179168123,1.06918,1.06918,1.06918,1.06918,1.06918,1.06918
1746179168145,0.943396,0.943396,0.943396,0.943397,0.943397,0.943396
1746179168147,0.81761,0.81761,0.81761,0.817611,0.817611,0.81761
1746179168172,0.691823,0.691823,0.691823,0.691824,0.691824,0.691823
1746179168175,0.566037,0.566037,0.566037,0.566038,0.566038,0.566037
1746179168177,0.440251,0.440251,0.440251,0.440252,0.440252,0.440251
1746179168205,0.314465,0.314465,0.314465,0.314466,0.314466,0.314465
1746179168207,0.188679,0.188679,0.188679,0.18868,0.18868,0.188679
1746179168209,0.0628929,0.0628929,0.0628929,0.0628939,0.0628939,0.0628929
1746179168235,-0.0628939,-0.0628939,-0.0628939,-0.0628929,-0.0628929,-0.0628939
1746179168239,-0.18868,-0.18868,-0.18868,-0.188679,-0.188679,-0.18868
1746179168264,-0.314466,-0.314466,-0.314466,-0.314465,-0.314465,-0.314466
1746179168266,-0.440252,-0.440252,-0.440252,-0.440251,-0.440251,-0.440252
1746179168269,-0.566038,-0.566038,-0.566038,-0.566037,-0.566037,-0.566038
1746179168293,-0.691825,-0.691825,-0.691825,-0.691824,-0.691824,-0.691825
1746179168296,-0.817611,-0.817611,-0.817611,-0.81761,-0.81761,-0.817611
1746179168321,-0.943397,-0.943397,-0.943397,-0.943396,-0.943396,-0.943397
1746179168324,-1.06918,-1.06918,-1.06918,-1.06918,-1.06918,-1.06918
1746179168348,-1.19497,-1.19497,-1.19497,-1.19497,-1.19497,-1.19497
1746179168350,-1.32076,-1.32076,-1.32076,-1.32075,-1.32075,-1.32076
1746179168375,-1.44654,-1.44654,-1.44654,-1.44654,-1.44654,-1.44654
1746179168377,-1.57233,-1.57233,-1.57233,-1.57233,-1.57233,-1.57233
1746179168379,-1.69811,-1.69811,-1.69811,-1.69811,-1.69811,-1.69811
1746179168404,-1.8239,-1.8239,-1.8239,-1.8239,-1.8239,-1.8239
1746179168406,-1.94969,-1.94969,-1.94969,-1.94969,-1.94969,-1.94969
1746179168431,-2.07547,-2.07547,-2.07547,-2.07547,-2.07547,-2.07547
1746179168433,-2.20126,-2.20126,-2.20126,-2.20126,-2.20126,-2.20126
1746179168459,-2.32704,-2.32704,-2.32704,-2.32704,-2.32704,-2.32704
1746179168461,-2.45283,-2.45283,-2.45283,-2.45283,-2.45283,-2.45283
1746179168486,-2.57862,-2.57862,-2.57862,-2.57862,-2.57862,-2.57862
1746179168511,-2.7044,-2.7044,-2.7044,-2.7044,-2.7044,-2.7044
1746179168513,-2.83019,-2.83019,-2.83019,-2.83019,-2.83019,-2.83019
1746179168538,-2.95598,-2.95598,-2.95598,-2.95597,-2.95597,-2.95598
1746179168541,-3.08176,-3.08176,-3.08176,-3.08176,-3.08176,-3.08176
1746179168543,-3.20755,-3.20755,-3.20755,-3.20755,-3.20755,-3.20755
1746179168570,-3.33333,-3.33333,-3.33333,-3.33333,-3.33333,-3.33333
1746179168575,-3.45912,-3.45912,-3.45912,-3.45912,-3.45912,-3.45912
1746179168577,-3.58491,-3.58491,-3.58491,-3.58491,-3.58491,-3.58491
1746179168602,-3.71069,-3.71069,-3.71069,-3.71069,-3.71069,-3.71069
1746179168604,-3.83648,-3.83648,-3.83648,-3.83648,-3.83648,-3.83648
1746179168630,-3.96227,-3.96227,-3.96227,-3.96226,-3.96226,-3.96227
1746179168632,-4.08805,-4.08805,-4.08805,-4.08805,-4.08805,-4.08805
1746179168658,-4.21384,-4.21384,-4.21384,-4.21384,-4.21384,-4.21384
1746179168660,-4.33962,-4.33962,-4.33962,-4.33962,-4.33962,-4.33962
1746179168687,-4.46541,-4.46541,-4.46541,-4.46541,-4.46541,-4.46541
1746179168689,-4.5912,-4.5912,-4.5912,-4.5912,-4.5912,-4.5912
1746179168692,-4.71698,-4.71698,-4.71698,-4.71698,-4.71698,-4.71698
1746179168718,-4.84277,-4.84277,-4.84277,-4.84277,-4.84277,-4.84277
1746179168720,-4.96855,-4.96855,-4.96855,-4.96855,-4.96855,-4.96855
1746179168745,-5.09434,-5.09434,-5.09434,-5.09434,-5.09434,-5.09434
1746179168747,-5.22013,-5.22013,-5.22013,-5.22013,-5.22013,-5.22013
1746179168772,-5.34591,-5.34591,-5.34591,-5.34591,-5.34591,-5.34591
1746179168774,-5.4717,-5.4717,-5.4717,-5.4717,-5.4717,-5.4717
1746179168800,-5.59749,-5.59749,-5.59749,-5.59748,-5.59748,-5.59749
1746179168802,-5.72327,-5.72327,-5.72327,-5.72327,-5.72327,-5.72327
1746179168806,-5.84906,-5.84906,-5.84906,-5.84906,-5.84906,-5.84906
1746179168829,-5.97484,-5.97484,-5.97484,-5.97484,-5.97484,-5.97484
1746179168831,-6.10063,-6.10063,-6.10063,-6.10063,-6.10063,-6.10063
1746179168856,-6.22642,-6.22642,-6.22642,-6.22641,-6.22641,-6.22642
1746179168858,-6.3522,-6.3522,-6.3522,-6.3522,-6.3522,-6.3522
1746179168883,-6.47799,-6.47799,-6.47799,-6.47799,-6.47799,-6.47799
1746179168885,-6.60378,-6.60378,-6.60378,-6.60377,-6.60377,-6.60378
1746179168910,-6.72956,-6.72956,-6.72956,-6.72956,-6.72956,-6.72956
1746179168913,-6.85535,-6.85535,-6.85535,-6.85535,-6.85535,-6.85535
1746179168939,-6.98113,-6.98113,-6.98113,-6.98113,-6.98113,-6.98113
1746179168943,-7.10692,-7.10692,-7.10692,-7.10692,-7.10692,-7.10692
1746179168945,-7.23271,-7.23271,-7.23271,-7.23271,-7.23271,-7.23271
1746179168970,-7.35849,-7.35849,-7.35849,-7.35849,-7.35849,-7.35849
1746179168972,-7.48428,-7.48428,-7.48428,-7.48428,-7.48428,-7.48428
1746179168997,-7.61006,-7.61006,-7.61006,-7.61006,-7.61006,-7.61006
1746179168999,-7.73585,-7.73585,-7.73585,-7.73585,-7.73585,-7.73585
1746179169025,-7.86164,-7.86164,-7.86164,-7.86164,-7.86164,-7.86164
1746179169027,-7.98742,-7.98742,-7.98742,-7.98742,-7.98742,-7.98742
1746179169033,-8.11321,-8.11321,-8.11321,-8.11321,-8.11321,-8.11321
1746179169055,-8.23899,-8.23899,-8.23899,-8.23899,-8.23899,-8.23899
1746179169057,-8.36478,-8.36478,-8.36478,-8.36478,-8.36478,-8.36478
1746179169082,-8.49057,-8.49057,-8.49057,-8.49057,-8.49057,-8.49057
1746179169084,-8.61635,-8.61635,-8.61635,-8.61635,-8.61635,-8.61635
1746179169109,-8.74214,-8.74214,-8.74214,-8.74214,-8.74214,-8.74214
1746179169111,-8.86793,-8.86793,-8.86793,-8.86792,-8.86792,-8.86793
1746179169136,-8.99371,-8.99371,-8.99371,-8.99371,-8.99371,-8.99371
1746179169139,-9.1195,-9.1195,-9.1195,-9.1195,-9.1195,-9.1195
1746179169145,-9.24528,-9.24528,-9.24528,-9.24528,-9.24528,-9.24528
1746179169168,-9.37107,-9.37107,-9.37107,-9.37107,-9.37107,-9.37107
1746179169170,-9.49686,-9.49686,-9.49686,-9.49686,-9.49686,-9.49686
1746179169194,-9.62264,-9.62264,-9.62264,-9.62264,-9.62264,-9.62264
1746179169196,-9.74843,-9.74843,-9.74843,-9.74843,-9.74843,-9.74843
1746179169221,-9.87421,-9.87421,-9.87421,-9.87421,-9.87421,-9.87421
1746179169223,-10,-10,-10,-10,-10,-10
1746179169248,-10,-10,-10,-10,-10,-10
1746179169250,-9.87422,-9.87422,-9.87422,-9.87422,-9.87422,-9.87422
1746179169276,-9.74843,-9.74843,-9.74843,-9.74843,-9.74843,-9.74843
1746179169281,-9.62264,-9.62264,-9.62264,-9.62264,-9.62264,-9.62264
1746179169285,-9.49686,-9.49686,-9.49686,-9.49686,-9.49686,-9.49686
1746179169308,-9.37107,-9.37107,-9.37107,-9.37107,-9.37107,-9.37107
1746179169333,-9.24529,-9.24529,-9.24529,-9.24528,-9.24528,-9.24529
1746179169335,-9.1195,-9.1195,-9.1195,-9.1195,-9.1195,-9.1195
1746179169360,-8.99371,-8.99371,-8.99371,-8.99371,-8.99371,-8.99371
1746179169362,-8.86793,-8.86793,-8.86793,-8.86793,-8.86793,-8.86793
1746179169388,-8.74214,-8.74214,-8.74214,-8.74214,-8.74214,-8.74214
1746179169390,-8.61635,-8.61635,-8.61635,-8.61635,-8.61635,-8.61635
1746179169393,-8.49057,-8.49057,-8.49057,-8.49057,-8.49057,-8.49057
1746179169400,-8.36478,-8.36478,-8.36478,-8.36478,-8.36478,-8.36478
1746179169421,-8.239,-8.239,-8.239,-8.23899,-8.23899,-8.239
1746179169446,-8.11321,-8.11321,-8.11321,-8.11321,-8.11321,-8.11321
1746179169449,-7.98742,-7.98742,-7.98742,-7.98742,-7.98742,-7.98742
1746179169451,-7.86164,-7.86164,-7.86164,-7.86164,-7.86164,-7.86164
1746179169456,-7.73585,-7.73585,-7.73585,-7.73585,-7.73585,-7.73585
1746179169481,-7.61006,-7.61006,-7.61006,-7.61006,-7.61006,-7.61006
1746179169505,-7.48428,-7.48428,-7.48428,-7.48428,-7.48428,-7.48428
1746179169507,-7.35849,-7.35849,-7.35849,-7.35849,-7.35849,-7.35849
1746179169511,-7.23271,-7.23271,-7.23271,-7.23271,-7.23271,-7.23271
1746179169536,-7.10692,-7.10692,-7.10692,-7.10692,-7.10692,-7.10692
1746179169539,-6.98113,-6.98113,-6.98113,-6.98113,-6.98113,-6.98113
1746179169541,-6.85535,-6.85535,-6.85535,-6.85535,-6.85535,-6.85535
1746179169567,-6.72956,-6.72956,-6.72956,-6.72956,-6.72956,-6.72956
1746179169569,-6.60378,-6.60378,-6.60378,-6.60377,-6.60377,-6.60378
1746179169594,-6.47799,-6.47799,-6.47799,-6.47799,-6.47799,-6.47799
1746179169596,-6.3522,-6.3522,-6.3522,-6.3522,-6.3522,-6.3522
1746179169620,-6.22642,-6.22642,-6.22642,-6.22642,-6.22642,-6.22642
1746179169623,-6.10063,-6.10063,-6.10063,-6.10063,-6.10063,-6.10063
1746179169648,-5.97484,-5.97484,-5.97484,-5.97484,-5.97484,-5.97484
1746179169673,-5.84906,-5.84906,-5.84906,-5.84906,-5.84906,-5.84906
1746179169676,-5.72327,-5.72327,-5.72327,-5.72327,-5.72327,-5.72327
1746179169678,-5.59749,-5.59749,-5.59749,-5.59749,-5.59749,-5.59749
1746179169705,-5.4717,-5.4717,-5.4717,-5.4717,-5.4717,-5.4717
1746179169709,-5.34591,-5.34591,-5.34591,-5.34591,-5.34591,-5.34591
1746179169733,-5.22013,-5.22013,-5.22013,-5.22013,-5.22013,-5.22013
1746179169736,-5.09434,-5.09434,-5.09434,-5.09434,-5.09434,-5.09434
1746179169760,-4.96855,-4.96855,-4.96855,-4.96855,-4.96855,-4.96855
1746179169763,-4.84277,-4.84277,-4.84277,-4.84277,-4.84277,-4.84277
1746179169788,-4.71698,-4.71698,-4.71698,-4.71698,-4.71698,-4.71698
1746179169791,-4.5912,-4.5912,-4.5912,-4.5912,-4.5912,-4.5912
1746179169793,-4.46541,-4.46541,-4.46541,-4.46541,-4.46541,-4.46541
1746179169819,-4.33962,-4.33962,-4.33962,-4.33962,-4.33962,-4.33962
1746179169822,-4.21384,-4.21384,-4.21384,-4.21384,-4.21384,-4.21384
1746179169846,-4.08805,-4.08805,-4.08805,-4.08805,-4.08805,-4.08805
1746179169849,-3.96227,-3.96227,-3.96227,-3.96227,-3.96227,-3.96227
1746179169873,-3.83648,-3.83648,-3.83648,-3.83648,-3.83648,-3.83648
1746179169876,-3.71069,-3.71069,-3.71069,-3.71069,-3.71069,-3.71069
1746179169901,-3.58491,-3.58491,-3.58491,-3.58491,-3.58491,-3.58491
1746179169903,-3.45912,-3.45912,-3.45912,-3.45912,-3.45912,-3.45912
1746179169908,-3.33333,-3.33333,-3.33333,-3.33333,-3.33333,-3.33333
1746179169932,-3.20755,-3.20755,-3.20755,-3.20755,-3.20755,-3.20755
1746179169935,-3.08176,-3.08176,-3.08176,-3.08176,-3.08176,-3.08176
1746179169959,-2.95598,-2.95598,-2.95598,-2.95598,-2.95598,-2.95598
1746179169962,-2.83019,-2.83019,-2.83019,-2.83019,-2.83019,-2.83019
1746179169986,-2.7044,-2.7044,-2.7044,-2.7044,-2.7044,-2.7044
1746179169989,-2.57862,-2.57862,-2.57862,-2.57862,-2.57862,-2.57862
1746179170014,-2.45283,-2.45283,-2.45283,-2.45283,-2.45283,-2.45283
1746179170016,-2.32705,-2.32705,-2.32705,-2.32704,-2.32704,-2.32705
1746179170020,-2.20126,-2.20126,-2.20126,-2.20126,-2.20126,-2.20126
1746179170045,-2.07547,-2.07547,-2.07547,-2.07547,-2.07547,-2.07547
1746179170050,-1.94969,-1.94969,-1.94969,-1.94969,-1.94969,-1.94969
1746179170052,-1.8239,-1.8239,-1.8239,-1.8239,-1.8239,-1.8239
1746179170080,-1.69811,-1.69811,-1.69811,-1.69811,-1.69811,-1.69811
1746179170102,-1.57233,-1.57233,-1.57233,-1.57233,-1.57233,-1.57233
1746179170104,-1.44654,-1.44654,-1.44654,-1.44654,-1.44654,-1.44654
1746179170107,-1.32076,-1.32076,-1.32076,-1.32076,-1.32076,-1.32076
1746179170131,-1.19497,-1.19497,-1.19497,-1.19497,-1.19497,-1.19497
1746179170133,-1.06918,-1.06918,-1.06918,-1.06918,-1.06918,-1.06918
1746179170159,-0.943398,-0.943398,-0.943398,-0.943397,-0.943397,-0.943398
1746179170161,-0.817612,-0.817612,-0.817612,-0.817611,-0.817611,-0.817612
1746179170185,-0.691825,-0.691825,-0.691825,-0.691824,-0.691824,-0.691825
1746179170189,-0.566039,-0.566039,-0.566039,-0.566038,-0.566038,-0.566039
1746179170194,-0.440253,-0.440253,-0.440253,-0.440252,-0.440252,-0.440253
1746179170217,-0.314466,-0.314466,-0.314466,-0.314466,-0.314466,-0.314466
1746179170220,-0.188681,-0.188681,-0.188681,-0.18868,-0.18868,-0.188681
1746179170221,-0.0628948,-0.0628948,-0.0628948,-0.0628939,-0.0628939,-0.0628948
1746179170247,0.062892,0.062892,0.062892,0.0628929,0.0628929,0.062892
1746179170249,0.188678,0.188678,0.188678,0.188679,0.188679,0.188678
1746179170273,0.314464,0.314464,0.314464,0.314465,0.314465,0.314464
1746179170277,0.44025,0.44025,0.44025,0.440251,0.440251,0.44025
1746179170279,0.566036,0.566036,0.566036,0.566037,0.566037,0.566036
1746179170304,0.691823,0.691823,0.691823,0.691824,0.691824,0.691823
1746179170306,0.817609,0.817609,0.817609,0.81761,0.81761,0.817609
1746179170330,0.943395,0.943395,0.943395,0.943396,0.943396,0.943395
1746179170333,1.06918,1.06918,1.06918,1.06918,1.06918,1.06918
1746179170357,1.19497,1.19497,1.19497,1.19497,1.19497,1.19497
1746179170360,1.32075,1.32075,1.32075,1.32075,1.32075,1.32075
1746179170386,1.44654,1.44654,1.44654,1.44654,1.44654,1.44654
1746179170391,1.57233,1.57233,1.57233,1.57233,1.57233,1.57233
1746179170393,1.69811,1.69811,1.69811,1.69811,1.69811,1.69811
1746179170418,1.8239,1.8239,1.8239,1.8239,1.8239,1.8239
1746179170421,1.94968,1.94968,1.94968,1.94969,1.94969,1.94968
1746179170445,2.07547,2.07547,2.07547,2.07547,2.07547,2.07547
1746179170447,2.20126,2.20126,2.20126,2.20126,2.20126,2.20126
1746179170473,2.32704,2.32704,2.32704,2.32704,2.32704,2.32704
1746179170497,2.45283,2.45283,2.45283,2.45283,2.45283,2.45283
1746179170500,2.57862,2.57862,2.57862,2.57862,2.57862,2.57862
1746179170525,2.7044,2.7044,2.7044,2.7044,2.7044,2.7044
1746179170527,2.83019,2.83019,2.83019,2.83019,2.83019,2.83019
1746179170530,2.95597,2.95597,2.95597,2.95597,2.95597,2.95597
1746179170554,3.08176,3.08176,3.08176,3.08176,3.08176,3.08176
1746179170556,3.20755,3.20755,3.20755,3.20755,3.20755,3.20755
1746179170582,3.33333,3.33333,3.33333,3.33333,3.33333,3.33333
1746179170584,3.45912,3.45912,3.45912,3.45912,3.45912,3.45912
1746179170608,3.5849,3.5849,3.5849,3.58491,3.58491,3.5849
1746179170611,3.71069,3.71069,3.71069,3.71069,3.71069,3.71069
1746179170635,3.83648,3.83648,3.83648,3.83648,3.83648,3.83648
1746179170638,3.96226,3.96226,3.96226,3.96226,3.96226,3.96226
1746179170665,4.08805,4.08805,4.08805,4.08805,4.08805,4.08805
1746179170669,4.21384,4.21384,4.21384,4.21384,4.21384,4.21384
1746179170671,4.33962,4.33962,4.33962,4.33962,4.33962,4.33962
1746179170696,4.46541,4.46541,4.46541,4.46541,4.46541,4.46541
1746179170699,4.59119,4.59119,4.59119,4.5912,4.5912,4.59119
1746179170723,4.71698,4.71698,4.71698,4.71698,4.71698,4.71698
1746179170725,4.84277,4.84277,4.84277,4.84277,4.84277,4.84277
1746179170751,4.96855,4.96855,4.96855,4.96855,4.96855,4.96855
1746179170753,5.09434,5.09434,5.09434,5.09434,5.09434,5.09434
1746179170759,5.22012,5.22012,5.22012,5.22013,5.22013,5.22012
1746179170783,5.34591,5.34591,5.34591,5.34591,5.34591,5.34591
1746179170785,5.4717,5.4717,5.4717,5.4717,5.4717,5.4717
1746179170809,5.59748,5.59748,5.59748,5.59748,5.59748,5.59748
1746179170811,5.72327,5.72327,5.72327,5.72327,5.72327,5.72327
1746179170836,5.84906,5.84906,5.84906,5.84906,5.84906,5.84906
1746179170838,5.97484,5.97484,5.97484,5.97484,5.97484,5.97484
1746179170864,6.10063,6.10063,6.10063,6.10063,6.10063,6.10063
1746179170866,6.22641,6.22641,6.22641,6.22641,6.22641,6.22641
1746179170869,6.3522,6.3522,6.3522,6.3522,6.3522,6.3522
1746179170893,6.47799,6.47799,6.47799,6.47799,6.47799,6.47799
1746179170895,6.60377,6.60377,6.60377,6.60377,6.60377,6.60377
1746179170921,6.72956,6.72956,6.72956,6.72956,6.72956,6.72956
1746179170922,6.85534,6.85534,6.85534,6.85535,6.85535,6.85534
1746179170947,6.98113,6.98113,6.98113,6.98113,6.98113,6.98113
1746179170950,7.10692,7.10692,7.10692,7.10692,7.10692,7.10692
1746179170975,7.2327,7.2327,7.2327,7.23271,7.23271,7.2327
1746179170977,7.35849,7.35849,7.35849,7.35849,7.35849,7.35849
1746179170979,7.48428,7.48428,7.48428,7.48428,7.48428,7.48428
1746179171007,7.61006,7.61006,7.61006,7.61006,7.61006,7.61006
1746179171010,7.73585,7.73585,7.73585,7.73585,7.73585,7.73585
1746179171035,7.86164,7.86164,7.86164,7.86164,7.86164,7.86164
1746179171038,7.98742,7.98742,7.98742,7.98742,7.98742,7.98742
1746179171040,8.11321,8.11321,8.11321,8.11321,8.11321,8.11321
1746179171066,8.23899,8.23899,8.23899,8.23899,8.23899,8.23899
1746179171069,8.36478,8.36478,8.36478,8.36478,8.36478,8.36478
1746179171094,8.49056,8.49056,8.49056,8.49057,8.49057,8.49056
1746179171096,8.61635,8.61635,8.61635,8.61635,8.61635,8.61635
1746179171122,8.74214,8.74214,8.74214,8.74214,8.74214,8.74214
1746179171123,8.86792,8.86792,8.86792,8.86792,8.86792,8.86792
1746179171148,8.99371,8.99371,8.99371,8.99371,8.99371,8.99371
1746179171151,9.1195,9.1195,9.1195,9.1195,9.1195,9.1195
1746179171153,9.24528,9.24528,9.24528,9.24528,9.24528,9.24528
1746179171179,9.37107,9.37107,9.37107,9.37107,9.37107,9.37107
1746179171183,9.49685,9.49685,9.49685,9.49686,9.49686,9.49685
1746179171207,9.62264,9.62264,9.62264,9.62264,9.62264,9.62264
1746179171210,9.74843,9.74843,9.74843,9.74843,9.74843,9.74843
1746179171235,9.87421,9.87421,9.87421,9.87421,9.87421,9.87421
1746179171237,10,10,10,10,10,10
1746179171261,10,10,10,10,10,10
1746179171264,9.87421,9.87421,9.87421,9.87422,9.87422,9.87421
1746179171266,9.74843,9.74843,9.74843,9.74843,9.74843,9.74843
1746179171272,9.62264,9.62264,9.62264,9.62264,9.62264,9.62264
1746179171299,9.49686,9.49686,9.49686,9.49686,9.49686,9.49686
1746179171321,9.37107,9.37107,9.37107,9.37107,9.37107,9.37107
1746179171323,9.24528,9.24528,9.24528,9.24528,9.24528,9.24528
1746179171349,9.1195,9.1195,9.1195,9.1195,9.1195,9.1195
1746179171351,8.99371,8.99371,8.99371,8.99371,8.99371,8.99371
1746179171376,8.86792,8.86792,8.86792,8.86793,8.86793,8.86792
1746179171378,8.74214,8.74214,8.74214,8.74214,8.74214,8.74214
1746179171383,8.61635,8.61635,8.61635,8.61635,8.61635,8.61635
1746179171405,8.49057,8.49057,8.49057,8.49057,8.49057,8.49057
1746179171407,8.36478,8.36478,8.36478,8.36478,8.36478,8.36478
1746179171434,8.23899,8.23899,8.23899,8.23899,8.23899,8.23899
1746179171457,8.11321,8.11321,8.11321,8.11321,8.11321,8.11321
1746179171459,7.98742,7.98742,7.98742,7.98742,7.98742,7.98742
1746179171484,7.86164,7.86164,7.86164,7.86164,7.86164,7.86164
1746179171486,7.73585,7.73585,7.73585,7.73585,7.73585,7.73585
1746179171511,7.61006,7.61006,7.61006,7.61006,7.61006,7.61006
1746179171514,7.48428,7.48428,7.48428,7.48428,7.48428,7.48428
1746179171517,7.35849,7.35849,7.35849,7.35849,7.35849,7.35849
1746179171542,7.2327,7.2327,7.2327,7.23271,7.23271,7.2327
1746179171543,7.10692,7.10692,7.10692,7.10692,7.10692,7.10692
1746179171568,6.98113,6.98113,6.98113,6.98113,6.98113,6.98113
1746179171570,6.85535,6.85535,6.85535,6.85535,6.85535,6.85535
1746179171573,6.72956,6.72956,6.72956,6.72956,6.72956,6.72956
1746179171597,6.60377,6.60377,6.60377,6.60377,6.60377,6.60377
1746179171600,6.47799,6.47799,6.47799,6.47799,6.47799,6.47799
1746179171626,6.3522,6.3522,6.3522,6.3522,6.3522,6.3522
1746179171628,6.22641,6.22641,6.22641,6.22642,6.22642,6.22641
1746179171630,6.10063,6.10063,6.10063,6.10063,6.10063,6.10063
1746179171655,5.97484,5.97484,5.97484,5.97484,5.97484,5.97484
1746179171680,5.84906,5.84906,5.84906,5.84906,5.84906,5.84906
1746179171683,5.72327,5.72327,5.72327,5.72327,5.72327,5.72327
1746179171687,5.59748,5.59748,5.59748,5.59749,5.59749,5.59748
1746179171714,5.4717,5.4717,5.4717,5.4717,5.4717,5.4717
1746179171716,5.34591,5.34591,5.34591,5.34591,5.34591,5.34591
1746179171740,5.22013,5.22013,5.22013,5.22013,5.22013,5.22013
1746179171742,5.09434,5.09434,5.09434,5.09434,5.09434,5.09434
1746179171767,4.96855,4.96855,4.96855,4.96855,4.96855,4.96855
1746179171769,4.84277,4.84277,4.84277,4.84277,4.84277,4.84277
1746179171796,4.71698,4.71698,4.71698,4.71698,4.71698,4.71698
1746179171800,4.59119,4.59119,4.59119,4.5912,4.5912,4.59119
1746179171802,4.46541,4.46541,4.46541,4.46541,4.46541,4.46541
1746179171829,4.33962,4.33962,4.33962,4.33962,4.33962,4.33962
1746179171833,4.21384,4.21384,4.21384,4.21384,4.21384,4.21384
1746179171858,4.08805,4.08805,4.08805,4.08805,4.08805,4.08805
1746179171861,3.96226,3.96226,3.96226,3.96227,3.96227,3.96226
1746179171867,3.83648,3.83648,3.83648,3.83648,3.83648,3.83648
1746179171889,3.71069,3.71069,3.71069,3.71069,3.71069,3.71069
1746179171891,3.58491,3.58491,3.58491,3.58491,3.58491,3.58491
1746179171916,3.45912,3.45912,3.45912,3.45912,3.45912,3.45912
1746179171918,3.33333,3.33333,3.33333,3.33333,3.33333,3.33333
1746179171943,3.20755,3.20755,3.20755,3.20755,3.20755,3.20755
1746179171945,3.08176,3.08176,3.08176,3.08176,3.08176,3.08176
1746179171970,2.95597,2.95597,2.95597,2.95598,2.95598,2.95597
1746179171973,2.83019,2.83019,2.83019,2.83019,2.83019,2.83019
1746179171977,2.7044,2.7044,2.7044,2.7044,2.7044,2.7044
1746179172001,2.57862,2.57862,2.57862,2.57862,2.57862,2.57862
1746179172003,2.45283,2.45283,2.45283,2.45283,2.45283,2.45283
1746179172028,2.32704,2.32704,2.32704,2.32704,2.32704,2.32704
1746179172030,2.20126,2.20126,2.20126,2.20126,2.20126,2.20126
1746179172055,2.07547,2.07547,2.07547,2.07547,2.07547,2.07547
1746179172058,1.94969,1.94969,1.94969,1.94969,1.94969,1.94969
1746179172060,1.8239,1.8239,1.8239,1.8239,1.8239,1.8239
1746179172087,1.69811,1.69811,1.69811,1.69811,1.69811,1.69811
1746179172092,1.57233,1.57233,1.57233,1.57233,1.57233,1.57233
1746179172117,1.44654,1.44654,1.44654,1.44654,1.44654,1.44654
1746179172119,1.32075,1.32075,1.32075,1.32076,1.32076,1.32075
1746179172144,1.19497,1.19497,1.19497,1.19497,1.19497,1.19497
1746179172147,1.06918,1.06918,1.06918,1.06918,1.06918,1.06918
1746179172149,0.943396,0.943396,0.943396,0.943397,0.943397,0.943396
1746179172174,0.81761,0.81761,0.81761,0.817611,0.817611,0.81761
1746179172176,0.691823,0.691823,0.691823,0.691824,0.691824,0.691823
1746179172201,0.566037,0.566037,0.566037,0.566038,0.566038,0.566037
1746179172203,0.440251,0.440251,0.440251,0.440252,0.440252,0.440251
1746179172228,0.314465,0.314465,0.314465,0.314466,0.314466,0.314465
1746179172231,0.188679,0.188679,0.188679,0.18868,0.18868,0.188679
1746179172236,0.0628929,0.0628929,0.0628929,0.0628939,0.0628939,0.0628929
1746179172242,-0.0628939,-0.0628939,-0.0628939,-0.0628929,-0.0628929,-0.0628939
1746179172265,-0.18868,-0.18868,-0.18868,-0.188679,-0.188679,-0.18868
1746179172267,-0.314466,-0.314466,-0.314466,-0.314465,-0.314465,-0.314466
1746179172292,-0.440252,-0.440252,-0.440252,-0.440251,-0.440251,-0.440252
1746179172295,-0.566038,-0.566038,-0.566038,-0.566037,-0.566037,-0.566038
1746179172298,-0.691825,-0.691825,-0.691825,-0.691824,-0.691824,-0.691825
1746179172323,-0.817611,-0.817611,-0.817611,-0.81761,-0.81761,-0.817611
1746179172348,-0.943397,-0.943397,-0.943397,-0.943396,-0.943396,-0.943397
1746179172350,-1.06918,-1.06918,-1.06918,-1.06918,-1.06918,-1.06918
1746179172375,-1.19497,-1.19497,-1.19497,-1.19497,-1.19497,-1.19497
1746179172377,-1.32076,-1.32076,-1.32076,-1.32075,-1.32075,-1.32076
1746179172379,-1.44654,-1.44654,-1.44654,-1.44654,-1.44654,-1.44654
1746179172407,-1.57233,-1.57233,-1.57233,-1.57233,-1.57233,-1.57233
1746179172409,-1.69811,-1.69811,-1.69811,-1.69811,-1.69811,-1.69811
1746179172412,-1.8239,-1.8239,-1.8239,-1.8239,-1.8239,-1.8239
1746179172438,-1.94969,-1.94969,-1.94969,-1.94969,-1.94969,-1.94969
1746179172442,-2.07547,-2.07547,-2.07547,-2.07547,-2.07547,-2.07547
1746179172468,-2.20126,-2.20126,-2.20126,-2.20126,-2.20126,-2.20126
1746179172470,-2.32704,-2.32704,-2.32704,-2.32704,-2.32704,-2.32704
1746179172495,-2.45283,-2.45283,-2.45283,-2.45283,-2.45283,-2.45283
1746179172521,-2.57862,-2.57862,-2.57862,-2.57862,-2.57862,-2.57862
1746179172523,-2.7044,-2.7044,-2.7044,-2.7044,-2.7044,-2.7044
1746179172526,-2.83019,-2.83019,-2.83019,-2.83019,-2.83019,-2.83019
1746179172551,-2.95598,-2.95598,-2.95598,-2.95597,-2.95597,-2.95598
1746179172554,-3.08176,-3.08176,-3.08176,-3.08176,-3.08176,-3.08176
1746179172579,-3.20755,-3.20755,-3.20755,-3.20755,-3.20755,-3.20755
1746179172582,-3.33333,-3.33333,-3.33333,-3.33333,-3.33333,-3.33333
1746179172607,-3.45912,-3.45912,-3.45912,-3.45912,-3.45912,-3.45912
1746179172609,-3.58491,-3.58491,-3.58491,-3.58491,-3.58491,-3.58491
1746179172634,-3.71069,-3.71069,-3.71069,-3.71069,-3.71069,-3.71069
1746179172636,-3.83648,-3.83648,-3.83648,-3.83648,-3.83648,-3.83648
1746179172639,-3.96227,-3.96227,-3.96227,-3.96226,-3.96226,-3.96227
1746179172664,-4.08805,-4.08805,-4.08805,-4.08805,-4.08805,-4.08805
1746179172667,-4.21384,-4.21384,-4.21384,-4.21384,-4.21384,-4.21384
1746179172692,-4.33962,-4.33962,-4.33962,-4.33962,-4.33962,-4.33962
1746179172695,-4.46541,-4.46541,-4.46541,-4.46541,-4.46541,-4.46541
1746179172719,-4.5912,-4.5912,-4.5912,-4.5912,-4.5912,-4.5912
1746179172722,-4.71698,-4.71698,-4.71698,-4.71698,-4.71698,-4.71698
1746179172748,-4.84277,-4.84277,-4.84277,-4.84277,-4.84277,-4.84277
1746179172754,-4.96855,-4.96855,-4.96855,-4.96855,-4.96855,-4.96855
1746179172756,-5.09434,-5.09434,-5.09434,-5.09434,-5.09434,-5.09434
1746179172781,-5.22013,-5.22013,-5.22013,-5.22013,-5.22013,-5.22013
1746179172784,-5.34591,-5.34591,-5.34591,-5.34591,-5.34591,-5.34591
1746179172786,-5.4717,-5.4717,-5.4717,-5.4717,-5.4717,-5.4717
1746179172812,-5.59749,-5.59749,-5.59749,-5.59748,-5.59748,-5.59749
1746179172815,-5.72327,-5.72327,-5.72327,-5.72327,-5.72327,-5.72327
1746179172840,-5.84906,-5.84906,-5.84906,-5.84906,-5.84906,-5.84906
1746179172843,-5.97484,-5.97484,-5.97484,-5.97484,-5.97484,-5.97484
1746179172867,-6.10063,-6.10063,-6.10063,-6.10063,-6.10063,-6.10063
1746179172869,-6.22642,-6.22642,-6.22642,-6.22641,-6.22641,-6.22642
1746179172894,-6.3522,-6.3522,-6.3522,-6.3522,-6.3522,-6.3522
1746179172897,-6.47799,-6.47799,-6.47799,-6.47799,-6.47799,-6.47799
1746179172899,-6.60378,-6.60378,-6.60378,-6.60377,-6.60377,-6.60378
1746179172923,-6.72956,-6.72956,-6.72956,-6.72956,-6.72956,-6.72956
1746179172926,-6.85535,-6.85535,-6.85535,-6.85535,-6.85535,-6.85535
1746179172950,-6.98113,-6.98113,-6.98113,-6.98113,-6.98113,-6.98113
1746179172953,-7.10692,-7.10692,-7.10692,-7.10692,-7.10692,-7.10692
1746179172980,-7.23271,-7.23271,-7.23271,-7.23271,-7.23271,-7.23271
1746179172984,-7.35849,-7.35849,-7.35849,-7.35849,-7.35849,-7.35849
1746179173009,-7.48428,-7.48428,-7.48428,-7.48428,-7.48428,-7.48428
1746179173011,-7.61006,-7.61006,-7.61006,-7.61006,-7.61006,-7.61006
1746179173016,-7.73585,-7.73585,-7.73585,-7.73585,-7.73585,-7.73585
1746179173039,-7.86164,-7.86164,-7.86164,-7.86164,-7.86164,-7.86164
1746179173042,-7.98742,-7.98742,-7.98742,-7.98742,-7.98742,-7.98742
1746179173070,-8.11321,-8.11321,-8.11321,-8.11321,-8.11321,-8.11321
1746179173074,-8.23899,-8.23899,-8.23899,-8.23899,-8.23899,-8.23899
1746179173076,-8.36478,-8.36478,-8.36478,-8.36478,-8.36478,-8.36478
1746179173101,-8.49057,-8.49057,-8.49057,-8.49057,-8.49057,-8.49057
1746179173103,-8.61635,-8.61635,-8.61635,-8.61635,-8.61635,-8.61635
1746179173128,-8.74214,-8.74214,-8.74214,-8.74214,-8.74214,-8.74214
1746179173130,-8.86793,-8.86793,-8.86793,-8.86792,-8.86792,-8.86793
1746179173155,-8.99371,-8.99371,-8.99371,-8.99371,-8.99371,-8.99371
1746179173158,-9.1195,-9.1195,-9.1195,-9.1195,-9.1195,-9.1195
1746179173183,-9.24528,-9.24528,-9.24528,-9.24528,-9.24528,-9.24528
1746179173185,-9.37107,-9.37107,-9.37107,-9.37107,-9.37107,-9.37107
1746179173187,-9.49686,-9.49686,-9.49686,-9.49686,-9.49686,-9.49686
1746179173214,-9.62264,-9.62264,-9.62264,-9.62264,-9.62264,-9.62264
1746179173217,-9.74843,-9.74843,-9.74843,-9.74843,-9.74843,-9.74843
1746179173242,-9.87421,-9.87421,-9.87421,-9.87421,-9.87421,-9.87421
1746179173244,-10,-10,-10,-10,-10,-10
1746179173269,-10,-10,-10,-10,-10,-10
1746179173272,-9.87422,-9.87422,-9.87422,-9.87422,-9.87422,-9.87422
1746179173277,-9.74843,-9.74843,-9.74843,-9.74843,-9.74843,-9.74843
1746179173285,-9.62264,-9.62264,-9.62264,-9.62264,-9.62264,-9.62264
1746179173308,-9.49686,-9.49686,-9.49686,-9.49686,-9.49686,-9.49686
1746179173334,-9.37107,-9.37107,-9.37107,-9.37107,-9.37107,-9.37107
1746179173360,-9.24529,-9.24529,-9.24529,-9.24528,-9.24528,-9.24529
1746179173362,-9.1195,-9.1195,-9.1195,-9.1195,-9.1195,-9.1195
1746179173364,-8.99371,-8.99371,-8.99371,-8.99371,-8.99371,-8.99371
1746179173389,-8.86793,-8.86793,-8.86793,-8.86793,-8.86793,-8.86793
1746179173391,-8.74214,-8.74214,-8.74214,-8.74214,-8.74214,-8.74214
1746179173416,-8.61635,-8.61635,-8.61635,-8.61635,-8.61635,-8.61635
1746179173418,-8.49057,-8.49057,-8.49057,-8.49057,-8.49057,-8.49057
1746179173421,-8.36478,-8.36478,-8.36478,-8.36478,-8.36478,-8.36478
1746179173427,-8.239,-8.239,-8.239,-8.23899,-8.23899,-8.239
1746179173449,-8.11321,-8.11321,-8.11321,-8.11321,-8.11321,-8.11321
1746179173474,-7.98742,-7.98742,-7.98742,-7.98742,-7.98742,-7.98742
1746179173476,-7.86164,-7.86164,-7.86164,-7.86164,-7.86164,-7.86164
1746179173478,-7.73585,-7.73585,-7.73585,-7.73585,-7.73585,-7.73585
1746179173504,-7.61006,-7.61006,-7.61006,-7.61006,-7.61006,-7.61006
1746179173529,-7.48428,-7.48428,-7.48428,-7.48428,-7.48428,-7.48428
1746179173530,-7.35849,-7.35849,-7.35849,-7.35849,-7.35849,-7.35849
1746179173535,-7.23271,-7.23271,-7.23271,-7.23271,-7.23271,-7.23271
1746179173541,-7.10692,-7.10692,-7.10692,-7.10692,-7.10692,-7.10692
1746179173564,-6.98113,-6.98113,-6.98113,-6.98113,-6.98113,-6.98113
1746179173566,-6.85535,-6.85535,-6.85535,-6.85535,-6.85535,-6.85535
1746179173591,-6.72956,-6.72956,-6.72956,-6.72956,-6.72956,-6.72956
1746179173593,-6.60378,-6.60378,-6.60378,-6.60377,-6.60377,-6.60378
1746179173618,-6.47799,-6.47799,-6.47799,-6.47799,-6.47799,-6.47799
1746179173620,-6.3522,-6.3522,-6.3522,-6.3522,-6.3522,-6.3522
1746179173645,-6.22642,-6.22642,-6.22642,-6.22642,-6.22642,-6.22642
1746179173647,-6.10063,-6.10063,-6.10063,-6.10063,-6.10063,-6.10063
1746179173672,-5.97484,-5.97484,-5.97484,-5.97484,-5.97484,-5.97484
1746179173674,-5.84906,-5.84906,-5.84906,-5.84906,-5.84906,-5.84906
1746179173699,-5.72327,-5.72327,-5.72327,-5.72327,-5.72327,-5.72327
1746179173702,-5.59749,-5.59749,-5.59749,-5.59749,-5.59749,-5.59749
1746179173727,-5.4717,-5.4717,-5.4717,-5.4717,-5.4717,-5.4717
1746179173729,-5.34591,-5.34591,-5.34591,-5.34591,-5.34591,-5.34591
1746179173754,-5.22013,-5.22013,-5.22013,-5.22013,-5.22013,-5.22013
1746179173756,-5.09434,-5.09434,-5.09434,-5.09434,-5.09434,-5.09434
1746179173782,-4.96855,-4.96855,-4.96855,-4.96855,-4.96855,-4.96855
1746179173786,-4.84277,-4.84277,-4.84277,-4.84277,-4.84277,-4.84277
1746179173788,-4.71698,-4.71698,-4.71698,-4.71698,-4.71698,-4.71698
1746179173814,-4.5912,-4.5912,-4.5912,-4.5912,-4.5912,-4.5912
1746179173818,-4.46541,-4.46541,-4.46541,-4.46541,-4.46541,-4.46541
1746179173843,-4.33962,-4.33962,-4.33962,-4.33962,-4.33962,-4.33962
1746179173845,-4.21384,-4.21384,-4.21384,-4.21384,-4.21384,-4.21384
1746179173870,-4.08805,-4.08805,-4.08805,-4.08805,-4.08805,-4.08805
1746179173872,-3.96227,-3.96227,-3.96227,-3.96227,-3.96227,-3.96227
1746179173878,-3.83648,-3.83648,-3.83648,-3.83648,-3.83648,-3.83648
1746179173901,-3.71069,-3.71069,-3.71069,-3.71069,-3.71069,-3.71069
1746179173903,-3.58491,-3.58491,-3.58491,-3.58491,-3.58491,-3.58491
1746179173929,-3.45912,-3.45912,-3.45912,-3.45912,-3.45912,-3.45912
1746179173933,-3.33333,-3.33333,-3.33333,-3.33333,-3.33333,-3.33333
1746179173958,-3.20755,-3.20755,-3.20755,-3.20755,-3.20755,-3.20755
1746179173961,-3.08176,-3.08176,-3.08176,-3.08176,-3.08176,-3.08176
1746179173963,-2.95598,-2.95598,-2.95598,-2.95598,-2.95598,-2.95598
1746179173988,-2.83019,-2.83019,-2.83019,-2.83019,-2.83019,-2.83019
1746179173990,-2.7044,-2.7044,-2.7044,-2.7044,-2.7044,-2.7044
1746179174015,-2.57862,-2.57862,-2.57862,-2.57862,-2.57862,-2.57862
1746179174017,-2.45283,-2.45283,-2.45283,-2.45283,-2.45283,-2.45283
1746179174042,-2.32705,-2.32705,-2.32705,-2.32704,-2.32704,-2.32705
1746179174044,-2.20126,-2.20126,-2.20126,-2.20126,-2.20126,-2.20126
1746179174071,-2.07547,-2.07547,-2.07547,-2.07547,-2.07547,-2.07547
1746179174074,-1.94969,-1.94969,-1.94969,-1.94969,-1.94969,-1.94969
1746179174077,-1.8239,-1.8239,-1.8239,-1.8239,-1.8239,-1.8239
1746179174104,-1.69811,-1.69811,-1.69811,-1.69811,-1.69811,-1.69811
1746179174108,-1.57233,-1.57233,-1.57233,-1.57233,-1.57233,-1.57233
1746179174133,-1.44654,-1.44654,-1.44654,-1.44654,-1.44654,-1.44654
1746179174135,-1.32076,-1.32076,-1.32076,-1.32076,-1.32076,-1.32076
1746179174138,-1.19497,-1.19497,-1.19497,-1.19497,-1.19497,-1.19497
1746179174163,-1.06918,-1.06918,-1.06918,-1.06918,-1.06918,-1.06918
1746179174165,-0.943398,-0.943398,-0.943398,-0.943397,-0.943397,-0.943398
1746179174190,-0.817612,-0.817612,-0.817612,-0.817611,-0.817611,-0.817612
1746179174192,-0.691825,-0.691825,-0.691825,-0.691824,-0.691824,-0.691825
1746179174217,-0.566039,-0.566039,-0.566039,-0.566038,-0.566038,-0.566039
1746179174219,-0.440253,-0.440253,-0.440253,-0.440252,-0.440252,-0.440253
1746179174244,-0.314466,-0.314466,-0.314466,-0.314466,-0.314466,-0.314466
1746179174246,-0.188681,-0.188681,-0.188681,-0.18868,-0.18868,-0.188681
1746179174249,-0.0628948,-0.0628948,-0.0628948,-0.0628939,-0.0628939,-0.0628948
1746179174255,0.062892,0.062892,0.062892,0.0628929,0.0628929,0.062892
1746179174277,0.188678,0.188678,0.188678,0.188679,0.188679,0.188678
1746179174279,0.314464,0.314464,0.314464,0.314465,0.314465,0.314464
1746179174304,0.44025,0.44025,0.44025,0.440251,0.440251,0.44025
1746179174306,0.566036,0.566036,0.566036,0.566037,0.566037,0.566036
1746179174333,0.691823,0.691823,0.691823,0.691824,0.691824,0.691823
1746179174336,0.817609,0.817609,0.817609,0.81761,0.81761,0.817609
1746179174338,0.943395,0.943395,0.943395,0.943396,0.943396,0.943395
1746179174364,1.06918,1.06918,1.06918,1.06918,1.06918,1.06918
1746179174368,1.19497,1.19497,1.19497,1.19497,1.19497,1.19497
1746179174393,1.32075,1.32075,1.32075,1.32075,1.32075,1.32075
1746179174396,1.44654,1.44654,1.44654,1.44654,1.44654,1.44654
1746179174401,1.57233,1.57233,1.57233,1.57233,1.57233,1.57233
1746179174424,1.69811,1.69811,1.69811,1.69811,1.69811,1.69811
1746179174449,1.8239,1.8239,1.8239,1.8239,1.8239,1.8239
1746179174451,1.94968,1.94968,1.94968,1.94969,1.94969,1.94968
1746179174455,2.07547,2.07547,2.07547,2.07547,2.07547,2.07547
1746179174478,2.20126,2.20126,2.20126,2.20126,2.20126,2.20126
1746179174481,2.32704,2.32704,2.32704,2.32704,2.32704,2.32704
1746179174506,2.45283,2.45283,2.45283,2.45283,2.45283,2.45283
1746179174531,2.57862,2.57862,2.57862,2.57862,2.57862,2.57862
1746179174533,2.7044,2.7044,2.7044,2.7044,2.7044,2.7044
1746179174537,2.83019,2.83019,2.83019,2.83019,2.83019,2.83019
1746179174563,2.95597,2.95597,2.95597,2.95597,2.95597,2.95597
1746179174585,3.08176,3.08176,3.08176,3.08176,3.08176,3.08176
1746179174587,3.20755,3.20755,3.20755,3.20755,3.20755,3.20755
1746179174590,3.33333,3.33333,3.33333,3.33333,3.33333,3.33333
1746179174617,3.45912,3.45912,3.45912,3.45912,3.45912,3.45912
1746179174621,3.5849,3.5849,3.5849,3.58491,3.58491,3.5849
1746179174645,3.71069,3.71069,3.71069,3.71069,3.71069,3.71069
1746179174647,3.83648,3.83648,3.83648,3.83648,3.83648,3.83648
1746179174652,3.96226,3.96226,3.96226,3.96226,3.96226,3.96226
1746179174675,4.08805,4.08805,4.08805,4.08805,4.08805,4.08805
1746179174678,4.21384,4.21384,4.21384,4.21384,4.21384,4.21384
1746179174704,4.33962,4.33962,4.33962,4.33962,4.33962,4.33962
1746179174707,4.46541,4.46541,4.46541,4.46541,4.46541,4.46541
1746179174732,4.59119,4.59119,4.59119,4.5912,4.5912,4.59119
1746179174735,4.71698,4.71698,4.71698,4.71698,4.71698,4.71698
1746179174737,4.84277,4.84277,4.84277,4.84277,4.84277,4.84277
1746179174762,4.96855,4.96855,4.96855,4.96855,4.96855,4.96855
1746179174764,5.09434,5.09434,5.09434,5.09434,5.09434,5.09434
1746179174788,5.22012,5.22012,5.22012,5.22013,5.22013,5.22012
1746179174791,5.34591,5.34591,5.34591,5.34591,5.34591,5.34591
1746179174816,5.4717,5.4717,5.4717,5.4717,5.4717,5.4717
1746179174817,5.59748,5.59748,5.59748,5.59748,5.59748,5.59748
1746179174846,5.72327,5.72327,5.72327,5.72327,5.72327,5.72327
1746179174850,5.84906,5.84906,5.84906,5.84906,5.84906,5.84906
1746179174852,5.97484,5.97484,5.97484,5.97484,5.97484,5.97484
1746179174876,6.10063,6.10063,6.10063,6.10063,6.10063,6.10063
1746179174879,6.22641,6.22641,6.22641,6.22641,6.22641,6.22641
1746179174904,6.3522,6.3522,6.3522,6.3522,6.3522,6.3522
1746179174905,6.47799,6.47799,6.47799,6.47799,6.47799,6.47799
1746179174931,6.60377,6.60377,6.60377,6.60377,6.60377,6.60377
1746179174933,6.72956,6.72956,6.72956,6.72956,6.72956,6.72956
1746179174958,6.85534,6.85534,6.85534,6.85535,6.85535,6.85534
1746179174961,6.98113,6.98113,6.98113,6.98113,6.98113,6.98113
1746179174963,7.10692,7.10692,7.10692,7.10692,7.10692,7.10692
1746179174990,7.2327,7.2327,7.2327,7.23271,7.23271,7.2327
1746179174994,7.35849,7.35849,7.35849,7.35849,7.35849,7.35849
1746179175018,7.48428,7.48428,7.48428,7.48428,7.48428,7.48428
1746179175021,7.61006,7.61006,7.61006,7.61006,7.61006,7.61006
1746179175024,7.73585,7.73585,7.73585,7.73585,7.73585,7.73585
1746179175049,7.86164,7.86164,7.86164,7.86164,7.86164,7.86164
1746179175052,7.98742,7.98742,7.98742,7.98742,7.98742,7.98742
1746179175076,8.11321,8.11321,8.11321,8.11321,8.11321,8.11321
1746179175078,8.23899,8.23899,8.23899,8.23899,8.23899,8.23899
1746179175104,8.36478,8.36478,8.36478,8.36478,8.36478,8.36478
1746179175106,8.49056,8.49056,8.49056,8.49057,8.49057,8.49056
1746179175131,8.61635,8.61635,8.61635,8.61635,8.61635,8.61635
1746179175134,8.74214,8.74214,8.74214,8.74214,8.74214,8.74214
1746179175140,8.86792,8.86792,8.86792,8.86792,8.86792,8.86792
1746179175162,8.99371,8.99371,8.99371,8.99371,8.99371,8.99371
1746179175165,9.1195,9.1195,9.1195,9.1195,9.1195,9.1195
1746179175190,9.24528,9.24528,9.24528,9.24528,9.24528,9.24528
1746179175192,9.37107,9.37107,9.37107,9.37107,9.37107,9.37107
1746179175216,9.49685,9.49685,9.49685,9.49686,9.49686,9.49685
1746179175219,9.62264,9.62264,9.62264,9.62264,9.62264,9.62264
1746179175246,9.74843,9.74843,9.74843,9.74843,9.74843,9.74843
1746179175248,9.87421,9.87421,9.87421,9.87421,9.87421,9.87421
1746179175252,10,10,10,10,10,10
1746179175276,10,10,10,10,10,10
1746179175278,9.87421,9.87421,9.87421,9.87422,9.87422,9.87421
1746179175303,9.74843,9.74843,9.74843,9.74843,9.74843,9.74843
1746179175307,9.62264,9.62264,9.62264,9.62264,9.62264,9.62264
1746179175332,9.49686,9.49686,9.49686,9.49686,9.49686,9.49686
1746179175335,9.37107,9.37107,9.37107,9.37107,9.37107,9.37107
1746179175338,9.24528,9.24528,9.24528,9.24528,9.24528,9.24528
1746179175363,9.1195,9.1195,9.1195,9.1195,9.1195,9.1195
1746179175365,8.99371,8.99371,8.99371,8.99371,8.99371,8.99371
1746179175391,8.86792,8.86792,8.86792,8.86793,8.86793,8.86792
1746179175393,8.74214,8.74214,8.74214,8.74214,8.74214,8.74214
1746179175417,8.61635,8.61635,8.61635,8.61635,8.61635,8.61635
1746179175420,8.49057,8.49057,8.49057,8.49057,8.49057,8.49057
1746179175444,8.36478,8.36478,8.36478,8.36478,8.36478,8.36478
1746179175446,8.23899,8.23899,8.23899,8.23899,8.23899,8.23899
1746179175473,8.11321,8.11321,8.11321,8.11321,8.11321,8.11321
1746179175475,7.98742,7.98742,7.98742,7.98742,7.98742,7.98742
1746179175500,7.86164,7.86164,7.86164,7.86164,7.86164,7.86164
1746179175502,7.73585,7.73585,7.73585,7.73585,7.73585,7.73585
1746179175526,7.61006,7.61006,7.61006,7.61006,7.61006,7.61006
1746179175529,7.48428,7.48428,7.48428,7.48428,7.48428,7.48428
1746179175553,7.35849,7.35849,7.35849,7.35849,7.35849,7.35849
1746179175555,7.2327,7.2327,7.2327,7.23271,7.23271,7.2327
1746179175582,7.10692,7.10692,7.10692,7.10692,7.10692,7.10692
1746179175586,6.98113,6.98113,6.98113,6.98113,6.98113,6.98113
1746179175589,6.85535,6.85535,6.85535,6.85535,6.85535,6.85535
1746179175595,6.72956,6.72956,6.72956,6.72956,6.72956,6.72956
1746179175618,6.60377,6.60377,6.60377,6.60377,6.60377,6.60377
1746179175619,6.47799,6.47799,6.47799,6.47799,6.47799,6.47799
1746179175645,6.3522,6.3522,6.3522,6.3522,6.3522,6.3522
1746179175647,6.22641,6.22641,6.22641,6.22642,6.22642,6.22641
1746179175671,6.10063,6.10063,6.10063,6.10063,6.10063,6.10063
1746179175697,5.97484,5.97484,5.97484,5.97484,5.97484,5.97484
1746179175699,5.84906,5.84906,5.84906,5.84906,5.84906,5.84906
1746179175703,5.72327,5.72327,5.72327,5.72327,5.72327,5.72327
1746179175728,5.59748,5.59748,5.59748,5.59749,5.59749,5.59748
1746179175731,5.4717,5.4717,5.4717,5.4717,5.4717,5.4717
1746179175735,5.34591,5.34591,5.34591,5.34591,5.34591,5.34591
1746179175760,5.22013,5.22013,5.22013,5.22013,5.22013,5.22013
1746179175762,5.09434,5.09434,5.09434,5.09434,5.09434,5.09434
1746179175787,4.96855,4.96855,4.96855,4.96855,4.96855,4.96855
1746179175789,4.84277,4.84277,4.84277,4.84277,4.84277,4.84277
1746179175815,4.71698,4.71698,4.71698,4.71698,4.71698,4.71698
1746179175816,4.59119,4.59119,4.59119,4.5912,4.5912,4.59119
1746179175842,4.46541,4.46541,4.46541,4.46541,4.46541,4.46541
1746179175845,4.33962,4.33962,4.33962,4.33962,4.33962,4.33962
1746179175849,4.21384,4.21384,4.21384,4.21384,4.21384,4.21384
1746179175873,4.08805,4.08805,4.08805,4.08805,4.08805,4.08805
1746179175875,3.96226,3.96226,3.96226,3.96227,3.96227,3.96226
1746179175900,3.83648,3.83648,3.83648,3.83648,3.83648,3.83648
1746179175903,3.71069,3.71069,3.71069,3.71069,3.71069,3.71069
1746179175928,3.58491,3.58491,3.58491,3.58491,3.58491,3.58491
1746179175929,3.45912,3.45912,3.45912,3.45912,3.45912,3.45912
1746179175955,3.33333,3.33333,3.33333,3.33333,3.33333,3.33333
1746179175958,3.20755,3.20755,3.20755,3.20755,3.20755,3.20755
1746179175964,3.08176,3.08176,3.08176,3.08176,3.08176,3.08176
1746179175986,2.95597,2.95597,2.95597,2.95598,2.95598,2.95597
1746179175988,2.83019,2.83019,2.83019,2.83019,2.83019,2.83019
1746179176013,2.7044,2.7044,2.7044,2.7044,2.7044,2.7044
1746179176016,2.57862,2.57862,2.57862,2.57862,2.57862,2.57862
1746179176040,2.45283,2.45283,2.45283,2.45283,2.45283,2.45283
1746179176042,2.32704,2.32704,2.32704,2.32704,2.32704,2.32704
1746179176068,2.20126,2.20126,2.20126,2.20126,2.20126,2.20126
1746179176071,2.07547,2.07547,2.07547,2.07547,2.07547,2.07547
1746179176077,1.94969,1.94969,1.94969,1.94969,1.94969,1.94969
1746179176099,1.8239,1.8239,1.8239,1.8239,1.8239,1.8239
1746179176101,1.69811,1.69811,1.69811,1.69811,1.69811,1.69811
1746179176126,1.57233,1.57233,1.57233,1.57233,1.57233,1.57233
1746179176129,1.44654,1.44654,1.44654,1.44654,1.44654,1.44654
1746179176131,1.32075,1.32075,1.32075,1.32076,1.32076,1.32075
1746179176159,1.19497,1.19497,1.19497,1.19497,1.19497,1.19497
1746179176161,1.06918,1.06918,1.06918,1.06918,1.06918,1.06918
1746179176186,0.943396,0.943396,0.943396,0.943397,0.943397,0.943396
1746179176188,0.81761,0.81761,0.81761,0.817611,0.817611,0.81761
1746179176213,0.691823,0.691823,0.691823,0.691824,0.691824,0.691823
1746179176215,0.566037,0.566037,0.566037,0.566038,0.566038,0.566037
1746179176240,0.440251,0.440251,0.440251,0.440252,0.440252,0.440251
1746179176243,0.314465,0.314465,0.314465,0.314466,0.314466,0.314465
1746179176245,0.188679,0.188679,0.188679,0.18868,0.18868,0.188679
1746179176250,0.0628929,0.0628929,0.0628929,0.0628939,0.0628939,0.0628929
1746179176274,-0.0628939,-0.0628939,-0.0628939,-0.0628929,-0.0628929,-0.0628939
1746179176275,-0.18868,-0.18868,-0.18868,-0.188679,-0.188679,-0.18868
1746179176300,-0.314466,-0.314466,-0.314466,-0.314465,-0.314465,-0.314466
1746179176303,-0.440252,-0.440252,-0.440252,-0.440251,-0.440251,-0.440252
1746179176327,-0.566038,-0.566038,-0.566038,-0.566037,-0.566037,-0.566038
1746179176330,-0.691825,-0.691825,-0.691825,-0.691824,-0.691824,-0.691825
1746179176355,-0.817611,-0.817611,-0.817611,-0.81761,-0.81761,-0.817611
1746179176357,-0.943397,-0.943397,-0.943397,-0.943396,-0.943396,-0.943397
1746179176362,-1.06918,-1.06918,-1.06918,-1.06918,-1.06918,-1.06918
1746179176386,-1.19497,-1.19497,-1.19497,-1.19497,-1.19497,-1.19497
1746179176388,-1.32076,-1.32076,-1.32076,-1.32075,-1.32075,-1.32076
1746179176413,-1.44654,-1.44654,-1.44654,-1.44654,-1.44654,-1.44654
1746179176415,-1.57233,-1.57233,-1.57233,-1.57233,-1.57233,-1.57233
1746179176440,-1.69811,-1.69811,-1.69811,-1.69811,-1.69811,-1.69811
1746179176443,-1.8239,-1.8239,-1.8239,-1.8239,-1.8239,-1.8239
1746179176468,-1.94969,-1.94969,-1.94969,-1.94969,-1.94969,-1.94969
1746179176471,-2.07547,-2.07547,-2.07547,-2.07547,-2.07547,-2.07547
1746179176475,-2.20126,-2.20126,-2.20126,-2.20126,-2.20126,-2.20126
1746179176499,-2.32704,-2.32704,-2.32704,-2.32704,-2.32704,-2.32704
1746179176501,-2.45283,-2.45283,-2.45283,-2.45283,-2.45283,-2.45283
1746179176526,-2.57862,-2.57862,-2.57862,-2.57862,-2.57862,-2.57862
1746179176552,-2.7044,-2.7044,-2.7044,-2.7044,-2.7044,-2.7044
1746179176554,-2.83019,-2.83019,-2.83019,-2.83019,-2.83019,-2.83019
1746179176578,-2.95598,-2.95598,-2.95598,-2.95597,-2.95597,-2.95598
1746179176581,-3.08176,-3.08176,-3.08176,-3.08176,-3.08176,-3.08176
1746179176584,-3.20755,-3.20755,-3.20755,-3.20755,-3.20755,-3.20755
1746179176609,-3.33333,-3.33333,-3.33333,-3.33333,-3.33333,-3.33333
1746179176611,-3.45912,-3.45912,-3.45912,-3.45912,-3.45912,-3.45912
1746179176635,-3.58491,-3.58491,-3.58491,-3.58491,-3.58491,-3.58491
1746179176638,-3.71069,-3.71069,-3.71069,-3.71069,-3.71069,-3.71069
1746179176665,-3.83648,-3.83648,-3.83648,-3.83648,-3.83648,-3.83648
1746179176667,-3.96227,-3.96227,-3.96227,-3.96226,-3.96226,-3.96227
1746179176691,-4.08805,-4.08805,-4.08805,-4.08805,-4.08805,-4.08805
1746179176694,-4.21384,-4.21384,-4.21384,-4.21384,-4.21384,-4.21384
1746179176697,-4.33962,-4.33962,-4.33962,-4.33962,-4.33962,-4.33962
1746179176722,-4.46541,-4.46541,-4.46541,-4.46541,-4.46541,-4.46541
1746179176724,-4.5912,-4.5912,-4.5912,-4.5912,-4.5912,-4.5912
1746179176749,-4.71698,-4.71698,-4.71698,-4.71698,-4.71698,-4.71698
1746179176751,-4.84277,-4.84277,-4.84277,-4.84277,-4.84277,-4.84277
1746179176776,-4.96855,-4.96855,-4.96855,-4.96855,-4.96855,-4.96855
1746179176779,-5.09434,-5.09434,-5.09434,-5.09434,-5.09434,-5.09434
1746179176783,-5.22013,-5.22013,-5.22013,-5.22013,-5.22013,-5.22013
1746179176808,-5.34591,-5.34591,-5.34591,-5.34591,-5.34591,-5.34591
1746179176831,-5.4717,-5.4717,-5.4717,-5.4717,-5.4717,-5.4717
1746179176833,-5.59749,-5.59749,-5.59749,-5.59748,-5.59748,-5.59749
1746179176837,-5.72327,-5.72327,-5.72327,-5.72327,-5.72327,-5.72327
1746179176862,-5.84906,-5.84906,-5.84906,-5.84906,-5.84906,-5.84906
1746179176864,-5.97484,-5.97484,-5.97484,-5.97484,-5.97484,-5.97484
1746179176888,-6.10063,-6.10063,-6.10063,-6.10063,-6.10063,-6.10063
1746179176891,-6.22642,-6.22642,-6.22642,-6.22641,-6.22641,-6.22642
1746179176893,-6.3522,-6.3522,-6.3522,-6.3522,-6.3522,-6.3522
1746179176920,-6.47799,-6.47799,-6.47799,-6.47799,-6.47799,-6.47799
1746179176944,-6.60378,-6.60378,-6.60378,-6.60377,-6.60377,-6.60378
1746179176946,-6.72956,-6.72956,-6.72956,-6.72956,-6.72956,-6.72956
1746179176948,-6.85535,-6.85535,-6.85535,-6.85535,-6.85535,-6.85535
1746179176973,-6.98113,-6.98113,-6.98113,-6.98113,-6.98113,-6.98113
1746179176975,-7.10692,-7.10692,-7.10692,-7.10692,-7.10692,-7.10692
1746179177000,-7.23271,-7.23271,-7.23271,-7.23271,-7.23271,-7.23271
1746179177002,-7.35849,-7.35849,-7.35849,-7.35849,-7.35849,-7.35849
1746179177028,-7.48428,-7.48428,-7.48428,-7.48428,-7.48428,-7.48428
1746179177030,-7.61006,-7.61006,-7.61006,-7.61006,-7.61006,-7.61006
1746179177036,-7.73585,-7.73585,-7.73585,-7.73585,-7.73585,-7.73585
1746179177059,-7.86164,-7.86164,-7.86164,-7.86164,-7.86164,-7.86164
1746179177061,-7.98742,-7.98742,-7.98742,-7.98742,-7.98742,-7.98742
1746179177086,-8.11321,-8.11321,-8.11321,-8.11321,-8.11321,-8.11321
1746179177088,-8.23899,-8.23899,-8.23899,-8.23899,-8.23899,-8.23899
1746179177113,-8.36478,-8.36478,-8.36478,-8.36478,-8.36478,-8.36478
1746179177116,-8.49057,-8.49057,-8.49057,-8.49057,-8.49057,-8.49057
1746179177141,-8.61635,-8.61635,-8.61635,-8.61635,-8.61635,-8.61635
1746179177143,-8.74214,-8.74214,-8.74214,-8.74214,-8.74214,-8.74214
1746179177149,-8.86793,-8.86793,-8.86793,-8.86792,-8.86792,-8.86793
1746179177172,-8.99371,-8.99371,-8.99371,-8.99371,-8.99371,-8.99371
1746179177174,-9.1195,-9.1195,-9.1195,-9.1195,-9.1195,-9.1195
1746179177199,-9.24528,-9.24528,-9.24528,-9.24528,-9.24528,-9.24528
1746179177201,-9.37107,-9.37107,-9.37107,-9.37107,-9.37107,-9.37107
1746179177226,-9.49686,-9.49686,-9.49686,-9.49686,-9.49686,-9.49686
1746179177228,-9.62264,-9.62264,-9.62264,-9.62264,-9.62264,-9.62264
1746179177255,-9.74843,-9.74843,-9.74843,-9.74843,-9.74843,-9.74843
1746179177261,-9.87421,-9.87421,-9.87421,-9.87421,-9.87421,-9.87421
1746179177263,-10,-10,-10,-10,-10,-10
1746179177288,-10,-10,-10,-10,-10,-10
1746179177290,-9.87422,-9.87422,-9.87422,-9.87422,-9.87422,-9.87422
1746179177315,-9.74843,-9.74843,-9.74843,-9.74843,-9.74843,-9.74843
1746179177320,-9.62264,-9.62264,-9.62264,-9.62264,-9.62264,-9.62264
1746179177323,-9.49686,-9.49686,-9.49686,-9.49686,-9.49686,-9.49686
1746179177347,-9.37107,-9.37107,-9.37107,-9.37107,-9.37107,-9.37107
1746179177372,-9.24529,-9.24529,-9.24529,-9.24528,-9.24528,-9.24529
1746179177375,-9.1195,-9.1195,-9.1195,-9.1195,-9.1195,-9.1195
1746179177400,-8.99371,-8.99371,-8.99371,-8.99371,-8.99371,-8.99371
1746179177403,-8.86793,-8.86793,-8.86793,-8.86793,-8.86793,-8.86793
1746179177427,-8.74214,-8.74214,-8.74214,-8.74214,-8.74214,-8.74214
1746179177429,-8.61635,-8.61635,-8.61635,-8.61635,-8.61635,-8.61635
1746179177455,-8.49057,-8.49057,-8.49057,-8.49057,-8.49057,-8.49057
1746179177457,-8.36478,-8.36478,-8.36478,-8.36478,-8.36478,-8.36478
1746179177460,-8.239,-8.239,-8.239,-8.23899,-8.23899,-8.239
1746179177484,-8.11321,-8.11321,-8.11321,-8.11321,-8.11321,-8.11321
1746179177486,-7.98742,-7.98742,-7.98742,-7.98742,-7.98742,-7.98742
1746179177489,-7.86164,-7.86164,-7.86164,-7.86164,-7.86164,-7.86164
1746179177515,-7.73585,-7.73585,-7.73585,-7.73585,-7.73585,-7.73585
1746179177517,-7.61006,-7.61006,-7.61006,-7.61006,-7.61006,-7.61006
1746179177542,-7.48428,-7.48428,-7.48428,-7.48428,-7.48428,-7.48428
1746179177568,-7.35849,-7.35849,-7.35849,-7.35849,-7.35849,-7.35849
1746179177570,-7.23271,-7.23271,-7.23271,-7.23271,-7.23271,-7.23271
1746179177574,-7.10692,-7.10692,-7.10692,-7.10692,-7.10692,-7.10692
1746179177580,-6.98113,-6.98113,-6.98113,-6.98113,-6.98113,-6.98113
1746179177603,-6.85535,-6.85535,-6.85535,-6.85535,-6.85535,-6.85535
1746179177606,-6.72956,-6.72956,-6.72956,-6.72956,-6.72956,-6.72956
1746179177608,-6.60378,-6.60378,-6.60378,-6.60377,-6.60377,-6.60378
1746179177634,-6.47799,-6.47799,-6.47799,-6.47799,-6.47799,-6.47799
1746179177636,-6.3522,-6.3522,-6.3522,-6.3522,-6.3522,-6.3522
1746179177660,-6.22642,-6.22642,-6.22642,-6.22642,-6.22642,-6.22642
1746179177662,-6.10063,-6.10063,-6.10063,-6.10063,-6.10063,-6.10063
1746179177688,-5.97484,-5.97484,-5.97484,-5.97484,-5.97484,-5.97484
1746179177713,-5.84906,-5.84906,-5.84906,-5.84906,-5.84906,-5.84906
1746179177715,-5.72327,-5.72327,-5.72327,-5.72327,-5.72327,-5.72327
1746179177740,-5.59749,-5.59749,-5.59749,-5.59749,-5.59749,-5.59749
1746179177743,-5.4717,-5.4717,-5.4717,-5.4717,-5.4717,-5.4717
1746179177747,-5.34591,-5.34591,-5.34591,-5.34591,-5.34591,-5.34591
1746179177771,-5.22013,-5.22013,-5.22013,-5.22013,-5.22013,-5.22013
1746179177773,-5.09434,-5.09434,-5.09434,-5.09434,-5.09434,-5.09434
1746179177800,-4.96855,-4.96855,-4.96855,-4.96855,-4.96855,-4.96855
1746179177803,-4.84277,-4.84277,-4.84277,-4.84277,-4.84277,-4.84277
1746179177828,-4.71698,-4.71698,-4.71698,-4.71698,-4.71698,-4.71698
1746179177831,-4.5912,-4.5912,-4.5912,-4.5912,-4.5912,-4.5912
1746179177833,-4.46541,-4.46541,-4.46541,-4.46541,-4.46541,-4.46541
1746179177859,-4.33962,-4.33962,-4.33962,-4.33962,-4.33962,-4.33962
1746179177860,-4.21384,-4.21384,-4.21384,-4.21384,-4.21384,-4.21384
1746179177885,-4.08805,-4.08805,-4.08805,-4.08805,-4.08805,-4.08805
1746179177887,-3.96227,-3.96227,-3.96227,-3.96227,-3.96227,-3.96227
1746179177912,-3.83648,-3.83648,-3.83648,-3.83648,-3.83648,-3.83648
1746179177914,-3.71069,-3.71069,-3.71069,-3.71069,-3.71069,-3.71069
1746179177942,-3.58491,-3.58491,-3.58491,-3.58491,-3.58491,-3.58491
1746179177945,-3.45912,-3.45912,-3.45912,-3.45912,-3.45912,-3.45912
1746179177948,-3.33333,-3.33333,-3.33333,-3.33333,-3.33333,-3.33333
1746179177974,-3.20755,-3.20755,-3.20755,-3.20755,-3.20755,-3.20755
1746179177979,-3.08176,-3.08176,-3.08176,-3.08176,-3.08176,-3.08176
1746179178003,-2.95598,-2.95598,-2.95598,-2.95598,-2.95598,-2.95598
1746179178005,-2.83019,-2.83019,-2.83019,-2.83019,-2.83019,-2.83019
1746179178011,-2.7044,-2.7044,-2.7044,-2.7044,-2.7044,-2.7044
1746179178035,-2.57862,-2.57862,-2.57862,-2.57862,-2.57862,-2.57862
1746179178037,-2.45283,-2.45283,-2.45283,-2.45283,-2.45283,-2.45283
1746179178062,-2.32705,-2.32705,-2.32705,-2.32704,-2.32704,-2.32705
1746179178065,-2.20126,-2.20126,-2.20126,-2.20126,-2.20126,-2.20126
1746179178090,-2.07547,-2.07547,-2.07547,-2.07547,-2.07547,-2.07547
1746179178092,-1.94969,-1.94969,-1.94969,-1.94969,-1.94969,-1.94969
1746179178098,-1.8239,-1.8239,-1.8239,-1.8239,-1.8239,-1.8239
1746179178120,-1.69811,-1.69811,-1.69811,-1.69811,-1.69811,-1.69811
1746179178122,-1.57233,-1.57233,-1.57233,-1.57233,-1.57233,-1.57233
1746179178146,-1.44654,-1.44654,-1.44654,-1.44654,-1.44654,-1.44654
1746179178148,-1.32076,-1.32076,-1.32076,-1.32076,-1.32076,-1.32076
1746179178173,-1.19497,-1.19497,-1.19497,-1.19497,-1.19497,-1.19497
1746179178175,-1.06918,-1.06918,-1.06918,-1.06918,-1.06918,-1.06918
1746179178201,-0.943398,-0.943398,-0.943398,-0.943397,-0.943397,-0.943398
1746179178203,-0.817612,-0.817612,-0.817612,-0.817611,-0.817611,-0.817612
1746179178229,-0.691825,-0.691825,-0.691825,-0.691824,-0.691824,-0.691825
1746179178233,-0.566039,-0.566039,-0.566039,-0.566038,-0.566038,-0.566039
1746179178235,-0.440253,-0.440253,-0.440253,-0.440252,-0.440252,-0.440253
1746179178263,-0.314466,-0.314466,-0.314466,-0.314466,-0.314466,-0.314466
1746179178266,-0.188681,-0.188681,-0.188681,-0.18868,-0.18868,-0.188681
1746179178268,-0.0628948,-0.0628948,-0.0628948,-0.0628939,-0.0628939,-0.0628948
1746179178294,0.062892,0.062892,0.062892,0.0628929,0.0628929,0.062892
1746179178296,0.188678,0.188678,0.188678,0.188679,0.188679,0.188678
1746179178300,0.314464,0.314464,0.314464,0.314465,0.314465,0.314464
1746179178325,0.44025,0.44025,0.44025,0.440251,0.440251,0.44025
1746179178330,0.566036,0.566036,0.566036,0.566037,0.566037,0.566036
1746179178355,0.691823,0.691823,0.691823,0.691824,0.691824,0.691823
1746179178357,0.817609,0.817609,0.817609,0.81761,0.81761,0.817609
1746179178362,0.943395,0.943395,0.943395,0.943396,0.943396,0.943395
1746179178384,1.06918,1.06918,1.06918,1.06918,1.06918,1.06918
1746179178386,1.19497,1.19497,1.19497,1.19497,1.19497,1.19497
1746179178411,1.32075,1.32075,1.32075,1.32075,1.32075,1.32075
1746179178413,1.44654,1.44654,1.44654,1.44654,1.44654,1.44654
1746179178437,1.57233,1.57233,1.57233,1.57233,1.57233,1.57233
1746179178440,1.69811,1.69811,1.69811,1.69811,1.69811,1.69811
1746179178464,1.8239,1.8239,1.8239,1.8239,1.8239,1.8239
1746179178468,1.94968,1.94968,1.94968,1.94969,1.94969,1.94968
1746179178474,2.07547,2.07547,2.07547,2.07547,2.07547,2.07547
1746179178497,2.20126,2.20126,2.20126,2.20126,2.20126,2.20126
1746179178499,2.32704,2.32704,2.32704,2.32704,2.32704,2.32704
1746179178524,2.45283,2.45283,2.45283,2.45283,2.45283,2.45283
1746179178549,2.57862,2.57862,2.57862,2.57862,2.57862,2.57862
1746179178550,2.7044,2.7044,2.7044,2.7044,2.7044,2.7044
1746179178576,2.83019,2.83019,2.83019,2.83019,2.83019,2.83019
1746179178578,2.95597,2.95597,2.95597,2.95597,2.95597,2.95597
1746179178603,3.08176,3.08176,3.08176,3.08176,3.08176,3.08176
1746179178606,3.20755,3.20755,3.20755,3.20755,3.20755,3.20755
1746179178608,3.33333,3.33333,3.33333,3.33333,3.33333,3.33333
1746179178633,3.45912,3.45912,3.45912,3.45912,3.45912,3.45912
1746179178635,3.5849,3.5849,3.5849,3.58491,3.58491,3.5849
1746179178660,3.71069,3.71069,3.71069,3.71069,3.71069,3.71069
1746179178662,3.83648,3.83648,3.83648,3.83648,3.83648,3.83648
1746179178687,3.96226,3.96226,3.96226,3.96226,3.96226,3.96226
1746179178689,4.08805,4.08805,4.08805,4.08805,4.08805,4.08805
1746179178717,4.21384,4.21384,4.21384,4.21384,4.21384,4.21384
1746179178720,4.33962,4.33962,4.33962,4.33962,4.33962,4.33962
1746179178722,4.46541,4.46541,4.46541,4.46541,4.46541,4.46541
1746179178747,4.59119,4.59119,4.59119,4.5912,4.5912,4.59119
1746179178749,4.71698,4.71698,4.71698,4.71698,4.71698,4.71698
1746179178774,4.84277,4.84277,4.84277,4.84277,4.84277,4.84277
1746179178776,4.96855,4.96855,4.96855,4.96855,4.96855,4.96855
1746179178801,5.09434,5.09434,5.09434,5.09434,5.09434,5.09434
1746179178803,5.22012,5.22012,5.22012,5.22013,5.22013,5.22012
1746179178828,5.34591,5.34591,5.34591,5.34591,5.34591,5.34591
1746179178831,5.4717,5.4717,5.4717,5.4717,5.4717,5.4717
1746179178833,5.59748,5.59748,5.59748,5.59748,5.59748,5.59748
1746179178860,5.72327,5.72327,5.72327,5.72327,5.72327,5.72327
1746179178864,5.84906,5.84906,5.84906,5.84906,5.84906,5.84906
1746179178889,5.97484,5.97484,5.97484,5.97484,5.97484,5.97484
1746179178891,6.10063,6.10063,6.10063,6.10063,6.10063,6.10063
1746179178916,6.22641,6.22641,6.22641,6.22641,6.22641,6.22641
1746179178918,6.3522,6.3522,6.3522,6.3522,6.3522,6.3522
1746179178943,6.47799,6.47799,6.47799,6.47799,6.47799,6.47799
1746179178946,6.60377,6.60377,6.60377,6.60377,6.60377,6.60377
1746179178948,6.72956,6.72956,6.72956,6.72956,6.72956,6.72956
1746179178974,6.85534,6.85534,6.85534,6.85535,6.85535,6.85534
1746179178979,6.98113,6.98113,6.98113,6.98113,6.98113,6.98113
1746179179004,7.10692,7.10692,7.10692,7.10692,7.10692,7.10692
1746179179006,7.2327,7.2327,7.2327,7.23271,7.23271,7.2327
1746179179008,7.35849,7.35849,7.35849,7.35849,7.35849,7.35849
1746179179033,7.48428,7.48428,7.48428,7.48428,7.48428,7.48428
1746179179035,7.61006,7.61006,7.61006,7.61006,7.61006,7.61006
1746179179061,7.73585,7.73585,7.73585,7.73585,7.73585,7.73585
1746179179062,7.86164,7.86164,7.86164,7.86164,7.86164,7.86164
1746179179087,7.98742,7.98742,7.98742,7.98742,7.98742,7.98742
1746179179089,8.11321,8.11321,8.11321,8.11321,8.11321,8.11321
1746179179114,8.23899,8.23899,8.23899,8.23899,8.23899,8.23899
1746179179117,8.36478,8.36478,8.36478,8.36478,8.36478,8.36478
1746179179119,8.49056,8.49056,8.49056,8.49057,8.49057,8.49056
1746179179146,8.61635,8.61635,8.61635,8.61635,8.61635,8.61635
1746179179150,8.74214,8.74214,8.74214,8.74214,8.74214,8.74214
1746179179176,8.86792,8.86792,8.86792,8.86792,8.86792,8.86792
1746179179178,8.99371,8.99371,8.99371,8.99371,8.99371,8.99371
1746179179203,9.1195,9.1195,9.1195,9.1195,9.1195,9.1195
1746179179206,9.24528,9.24528,9.24528,9.24528,9.24528,9.24528
